Article Title,Abstract,DOI,source,UT (Unique WOS ID),kingdom,phylum,class,order,specie,genus
Impacts of climate change on the distribution of species and communities in the Chilean Mediterranean ecosystem,"The Mediterranean region of Chile is considered a biodiversity hot spot. An increase in temperature and decrease in precipitation, as projected for the end of this century by global circulation models, would likely change the distribution of the sclerophyllous thorny shrubland and woodland. In order to assess those potential impacts, the MAXENT algorithm was used to project potential changes in the distribution of the Mediterranean ecosystem. Ecological niche models were fitted and used to project the potential distribution of these forest ecosystems by the end of the century. Projections were made using data from the PRECIS model for the A2 and B2 climate change scenarios and two strategies of occupancy: free migration and non-migration. Distribution models of sclerophyllous, woodland and shrubland performed accurately representing current species' distribution. When we assume non-migration responses under climate change scenarios, results reveal a decrease in the distribution area for all the species. The areas where the highest reduction in a suitable environment was found are located along the coastline, where higher temperature increases have been projected. For native ecosystems from the Andean Range region, such as communities dominated by thorny species, a stable habitat was found, associated with a higher adaptation capability to future climatic projections. Hence, in the future, buffer zones originated by topo-climatic conditions might play a key role in protecting Central Chile biodiversity.",10.1007/s10113-013-0425-7,Urban et al,WOS:000327501900010,"[""Plantae""]",,,,,
Climate-Induced Range Shifts and Possible Hybridisation Consequences in Insects,"Many ectotherms have altered their geographic ranges in response to rising global temperatures. Current range shifts will likely increase the sympatry and hybridisation between recently diverged species. Here we predict future sympatric distributions and risk of hybridisation in seven Mediterranean ischnurid damselfly species (I. elegans, I. fountaineae, I. genei, I. graellsii, I. pumilio, I. saharensis and I. senegalensis). We used a maximum entropy modelling technique to predict future potential distribution under four different Global Circulation Models and a realistic emissions scenario of climate change. We carried out a comprehensive data compilation of reproductive isolation (habitat, temporal, sexual, mechanical and gametic) between the seven studied species. Combining the potential distribution and data of reproductive isolation at different instances (habitat, temporal, sexual, mechanical and gametic), we infer the risk of hybridisation in these insects. Our findings showed that all but I. graellsii will decrease in distributional extent and all species except I. senegalensis are predicted to have northern range shifts. Models of potential distribution predicted an increase of the likely overlapping ranges for 12 species combinations, out of a total of 42 combinations, 10 of which currently overlap. Moreover, the lack of complete reproductive isolation and the patterns of hybridisation detected between closely related ischnurids, could lead to local extinctions of native species if the hybrids or the introgressed colonising species become more successful.",10.1371/journal.pone.0080531,Urban et al,WOS:000327258600069,"[""Animalia""]",,,,,
Using niche-based modelling to assess the impact of climate change on tree functional diversity in Europe,"Rapid anthropogenic climate change is already affecting species distributions and ecosystem functioning worldwide. We applied niche-based models to analyse the impact of climate change on tree species and functional diversity in Europe. Present-day climate was used to predict the distributions of 122 tree species from different functional types (FT). We then explored projections of future distributions under one climate scenario for 2080, considering two alternative dispersal assumptions: no dispersal and unlimited dispersal. The species-rich broadleaved deciduous group appeared to play a key role in the future of different European regions. Temperate areas were projected to lose both species richness and functional diversity due to the loss of broadleaved deciduous trees. These were projected to migrate to boreal forests, thereby increasing their species richness and functional diversity. Atlantic areas provided an intermediate case, with a predicted reduction in the numbers of species and occasional predicted gains in functional diversity. This resulted from a loss in species within the broadleaved deciduous FT, but overall maintenance of the group. Our results illustrate the fact that both species-specific predictions and functional patterns should be examined separately in order to assess the impacts of climate change on biodiversity and gain insights into future ecosystem functioning.",10.1111/j.1366-9516.2006.00216.x,Urban et al,WOS:000234026600006,"[""Plantae""]",,,,,
Climate Change and the Future of California's Endemic Flora,"The flora of California, a global biodiversity hotspot, includes 2387 endemic plant taxa. With anticipated climate change, we project that up to 66% will experience >80% reductions in range size within a century. These results are comparable with other studies of fewer species or just samples of a region's endemics. Projected reductions depend on the magnitude of future emissions and on the ability of species to disperse from their current locations. California's varied terrain could cause species to move in very different directions, breaking up present-day floras. However, our projections also identify regions where species undergoing severe range reductions may persist. Protecting these potential future refugia and facilitating species dispersal will be essential to maintain biodiversity in the face of climate change.",10.1371/journal.pone.0002502,Urban et al,WOS:000263288000024,"[""Plantae""]",,,,,
Modelling distribution in European stream macroinvertebrates under future climates,"Climate change is predicted to have profound effects on freshwater organisms due to rising temperatures and altered precipitation regimes. Using an ensemble of bioclimatic envelope models (BEMs), we modelled the climatic suitability of 191 stream macroinvertebrate species from 12 orders across Europe under two climate change scenarios for 2080 on a spatial resolution of 5 arc minutes. Analyses included assessments of relative changes in species climatically suitable areas as well as their potential shifts in latitude and longitude with respect to species thermal preferences. Climate-change effects were also analysed regarding species ecological and biological groupings, namely (1) endemicity and (2) rarity within European ecoregions, (3) life cycle, (4) stream zonation preference and (5) current preference. The BEMs projected that suitable climate conditions would persist in Europe in the year 2080 for nearly 99% of the modelled species regardless of the climate scenario. Nevertheless, a decrease in the amount of climatically suitable areas was projected for 5759% of the species. Depending on the scenario, losses could be of 3844% on average. The suitable areas for species were projected to shift, on average, 4.76.6 degrees north and 3.95.4 degrees east. Cold-adapted species were projected to lose climatically suitable areas, while gains were expected for warm-adapted species. When projections were analysed for different species groupings, only endemics stood out as a particular group. That is, endemics were projected to lose significantly larger amounts of suitable climatic areas than nonendemic species. Despite the uncertainties involved in modelling exercises such as this, the extent of projected distributional changes reveals further the vulnerability of freshwater organisms to climate change and implies a need to understand the consequences for ecological function and biodiversity conservation.",10.1111/gcb.12107,Urban et al,WOS:000314219700008,"[""Animalia""]",,,,,
Modelling present and potential future ranges of some European higher plants using climate response surfaces,"It is hypothesized that the principal features of higher plant distributions at continental scales are determined by the macroclimate. Bioclimate data have been computed on a 50 km grid across Europe. Along with published maps of higher plant distributions based upon the same grid, these data have been used to derive climate response surfaces that model the relationship between a species' distribution and the present climate. Eight species representative of a variety of phytogeographic patterns have been investigated. The results support the hypothesis that the European distributions of all eight species are principally determined by macroclimate and illustrate the nature of the climatic constraints upon each species. Simulated future distributions in equilibrium with 2 x CO2 climate scenarios derived from two alternative GCMs show that all of the species are likely to experience major shifts in their potential range if such climatic changes take place. Some species may suffer substantial range and population reductions and others may face the threat of extinction. The rate of the forecast climate changes is such that few, if any, species may be able to maintain their ranges in equilibrium with the changing climate. In consequence, the transient impacts upon ecosystems will be varied but often may lead to a period of dominance by opportunist, early-successional species. Our simulations of potential ranges take no account of such factors as photoperiod or the direct effects of CO2, both of which may substantially alter the realized future equilibrium.",10.2307/2845830,Urban et al,WOS:A1995UL12900002,"[""Plantae""]",,,,,
Climate change and plant distribution: local models predict high-elevation persistence,"Mountain ecosystems will likely be affected by global warming during the 21st century, with substantial biodiversity loss predicted by species distribution models (SDMs). Depending on the geographic extent, elevation range, and spatial resolution of data used in making these models, different rates of habitat loss have been predicted, with associated risk of species extinction. Few coordinated across-scale comparisons have been made using data of different resolutions and geographic extents. Here, we assess whether climate change-induced habitat losses predicted at the European scale (10 x 10' grid cells) are also predicted from local-scale data and modeling (25 m x 25 m grid cells) in two regions of the Swiss Alps. We show that local-scale models predict persistence of suitable habitats in up to 100% of species that were predicted by a European-scale model to lose all their suitable habitats in the area. Proportion of habitat loss depends on climate change scenario and study area. We find good agreement between the mismatch in predictions between scales and the fine-grain elevation range within 10 x 10' cells. The greatest prediction discrepancy for alpine species occurs in the area with the largest nival zone. Our results suggest elevation range as the main driver for the observed prediction discrepancies. Local-scale projections may better reflect the possibility for species to track their climatic requirement toward higher elevations.",10.1111/j.1365-2486.2008.01766.x,Urban et al,WOS:000265771400016,"[""Plantae""]",,,,,
Quantifying components of risk for European woody species under climate change,"Estimates of species extinction risk under climate change are generally based on differences in present and future climatically suitable areas. However, the locations of potentially suitable future environments (affecting establishment success), and the degree of climatic suitability in already occupied and new locations (affecting population viability) may be equally important determinants of risk. A species considered to be at low risk because its future distribution is predicted to be large, may actually be at high risk if these areas are out of reach, given the species' dispersal and migration rates or if all future suitable locations are only marginally suitable and the species is unlikely to build viable populations in competition with other species. Using bioclimatic models of 17 representative European woody species, we expand on current ways of risk assessment and suggest additional measures based on (a) the distance between presently occupied areas and areas predicted to be climatically suitable in the future and (b) the degree of change in climatic suitability in presently occupied and unoccupied locations. Species of boreal and temperate deciduous forests are predicted to face higher risk from loss of climatically suitable area than species from warmer and drier parts of Europe by 2095 using both the moderate B1 and the severe A1FI emission scenario. However, the average distance from currently occupied locations to areas predicted suitable in the future is generally shorter for boreal species than for southern species. Areas currently occupied will become more suitable for boreal and temperate species than for Mediterranean species whereas new suitable areas outside a species' current range are expected to show greater increases in suitability for Mediterranean species than for boreal and temperate species. Such additional risk measures can be easily derived and should give a more comprehensive picture of the risk species are likely to face under climate change.",10.1111/j.1365-2486.2006.01231.x,Urban et al,WOS:000240005300018,"[""Plantae""]",,,,,
African plant diversity and climate change,"International goals have been set to protect global plant diversity and limit ecosystem damage due to climate change, but large-scale effects of changing climate on species distributions have yet to be fully considered in conservation efforts. For sub-Saharan Africa we study the shifts in climatically suitable areas for 5197 African plant species under future climate models for the years 2025, 2055, and 2085 generated by the Hadley Centers third generation coupled ocean-atmosphere General Circulation Model. We use three species distribution models, a Box model, a simple genetic algorithm, and a Bayes-based genetic algorithm. The results show major shifts in areas suitable for most species with large geographical changes in species composition. The areas of suitable climate for 81%-97% of the 5197 African plant species are projected to decrease in size and/or shift in location, many to higher altitudes, and 25%-42% are projected to lose all of their area by 2085. In particular, the models indicate dramatic change in the Guineo-Congolian forests, mirroring proposed ecological dynamics in the past. Although these models are preliminary and may overestimate potential extinctions, they suggest that efforts to protect African plant diversity should take future climate-forced distribution changes into account.",,Urban et al,WOS:000230948700001,"[""Plantae""]",,,,,
Modeling the effect of climate change on the distribution of oak and pine species of Mexico,"We examined the vulnerability of 34 species of oaks (Quercus) and pines (Pinus) to the effects of global climate change in Mexico. We regionalized the HadCM2 model of climate change with local climatic data (mean annual temperature and rainfall) and downscaled the model with the inverse distance-weighted method. Databases of herbaria specimens, genetic algorithms (GARP), and digital covers of biophysical variables that affect oaks and pines were used to project geographic distributions of the species under a severe and conservative scenario of climate change for the year 2050. Starting with the current average temperature of 20.2 degrees C and average precipitation of 793 mm, under the severe warming scenario mean temperature and precipitation changed to 22.7 degrees C and 660 mm, respectively, in 2050. For the conservative warming scenario, these variables shifted to 21.8 degrees C and 721 mm. Responses to the different scenarios of climate change were predicted to be species-specific and related to each species climate affinity. The current geographic distribution of oaks and pines decreased 7-48% and 0.2-64%, respectively. The more vulnerable pines were Pinus rudis, P. chihuahuana, P. oocarpa, and P. culminicola, and the most vulnerable oaks were Quercus crispipilis, Q. peduncularis, Q. acutifolia, and Q. sideroxyla. In addition to habitat conservation, we think sensitive pine and oak species should be looked at more closely to define ex situ strategies (i.e., seed preservation in germplasm banks) for their long-term conservation. Modeling climatic-change scenarios is important to the development of conservation strategies.",10.1111/j.1523-1739.2007.00814.x,Urban et al,WOS:000251764200024,"[""Plantae""]",,,,,
Predicting impacts of climate change on medicinal asclepiads of Pakistan using Maxent modeling,"Maximum entropy (Maxent) modeling was used to predict the potential climatic niches of three medicinally important Asclepiad species: Pentatropis spiralis, Tylophora hirsuta, and Vincetoxicum arnottianum. All three species are members of the Asclepiad plant family, yet they differ in ecological requirements, biogeographic importance, and conservation value. Occurrence data were collected from herbarium specimens held in major herbaria of Pakistan and two years (2010 and 2011) of field surveys. The Maxent model performed better than random for the three species with an average test AUC value of 0.74 for P. spiralis, 0.84 for V. arnottianum, and 0.59 for T. hirsuta. Under the future climate change scenario, the Maxent model predicted habitat gains for P. spiralis in southern Punjab and Balochistan, and loss of habitat in south-eastern Sindh. Vincetoxicum arnottianum as well as T hirsuta would gain habitat in upper Peaks of northern parts of Pakistan. T hirsuta is predicted to lose most of the habitats in northern Punjab and in parches from lower peaks of Galliat, Zhob, Qalat etc. The predictive modeling approach presented here may be applied to other rare Asclepiad species, especially those under constant extinction threat. (C) 2013 Elsevier Masson SAS. All rights reserved.",10.1016/j.actao.2013.02.007,Urban et al,WOS:000319538700005,"[""Plantae""]",,,,,
Estimating potential habitat for 134 eastern US tree species under six climate scenarios,"We modeled and mapped, using the predictive data mining tool Random Forests, 134 tree species from the eastern United States for potential response to several scenarios of climate change. Each species was modeled individually to show current and potential future habitats according to two emission scenarios (high emissions on current trajectory and reasonable conservation of energy implemented) and three climate models: the Parallel Climate Model, the Hadley CM3 model, and the Geophysical Fluid Dynamics Laboratory model. Since we model potential suitable habitats of species, our results should not be interpreted as actual changes in ranges of the species. We also evaluated both emission scenarios under an average future climate from all three models. Climate change could have large impacts on suitable habitat for tree species in the eastern United States, especially under a high emissions trajectory. Of the 134 species, approximately 66 species would gain and 54 species would lose at least 10% of their suitable habitat under climate change. A lower emission pathway would result in lower numbers of both losers and gainers. When the mean centers, i.e. center of gravity, of current and potential future habitat are evaluated, most of the species habitat moves generally northeast, up to 800 km in the hottest scenario and highest emissions trajectory. The models suggest a retreat of the spruce-fir zone and an advance of the southern oaks and pines. In any case, our results show that species will have a lot less pressure to move their suitable habitats if we follow the path of lower emissions of greenhouse gases. The information contained in this; paper, and much more, is detailed on our website: http://www.nrs.fs.fed.us/atlas. Published by Elsevier B.V.",10.1016/j.foreco.2007.07.023,Urban et al,WOS:000253444600003,"[""Plantae""]",,,,,
Low mountain ranges: summit traps for montane freshwater species under climate change,"Global climate change (GCC) is expected to lead to massive loss of global biodiversity in the alpine regions of mountain ranges. Studies on the potential effects of GCC on low mountain areas remain sparse, however, despite the high conservation value of these areas as biodiversity refugia. We chose a species distribution modeling approach to assess potential GCC impacts on the future distributions of montane freshwater invertebrates under two different greenhouse gas scenarios and three averaged general circulation models. For this, ensemble models consisting of six algorithms [generalized linear model (GLM), generalized boosted model (GBM), generalized additive model (GAM), classification tree analysis (CTA), artificial neural networks (ANN), and multivariate adaptive regression splines (MARS)] were applied to project areas of 23 cold-stenothermic aquatic insects from montane regions of Central Europe. We found an average loss of 70-80% of the potential distribution for the study species until 2080, depending on the underlying Intergovernmental Panel on Climate Change scenario. Species distribution ranges below 1000 m above sea level were found to decrease by up to similar to 96% according to the severest greenhouse gas emission scenario. While the Alps remain the single main refugium under the A2a greenhouse gas emission scenario, the more moderate climate scenario B2a shows fragmented potential persistence of montane insects in some low mountain ranges. The results show that montane freshwater assemblages in low mountain ranges are particularly threatened by ongoing GCC. As vertical dispersal is limited by elevational restriction, low mountain ranges may act as summit traps under GCC. We thus propose that GCC will lead to the extinction of several species and unique genetic lineages of postglacial relict species, resulting in a significant decline in Central European fauna.",10.1007/s10531-011-0140-y,Urban et al,WOS:000297170900017,"[""Animalia""]",,,,,
Climate change and marine molluscs of the western North Atlantic: future prospects and perils,"Aim Numerous studies have examined potential responses of terrestrial biotas to future climate change, but fewer have considered marine realms. We forecast how marine molluscan faunas might respond to environmental change over the remainder of this century. We test the hypotheses that suitable areas will shift northwards for studied species, and that species will show varied responses to future climate change. Location North and South America and the Caribbean. Methods We generated ecological niche models (in GARP and Maxent) for 14 ecologically, economically and potentially medically important mollusc species, using present-day summaries and future forecasts of climate from the Hadley Centre and known species occurrence data from natural history collections. Niche models were used to forecast potential distributions according to three scenarios of future change for three time slices. Results Northern extremes of suitability are predicted to shift northwards for only three (GARP) or four (Maxent) of the 14 species, whereas the southern edge of suitability is predicted to shift southwards for seven (GARP) and one (Maxent) of the 14 species. When changes in the geographical centroids of suitability are considered, no significant poleward shifts are anticipated for individual species. Instead, half of the study species (many economically important) experience substantial (>20%) loss of suitable environmental area, even under the lowest-emission future climate scenario. Furthermore, the direction and magnitude of the response to predicted climate change is species-specific. Main conclusions We do not find a coherent pattern of areas with suitable environments expanding at high-latitude range boundaries, with simultaneous contraction at their low-latitude boundaries. Tropical marine molluscs may thus show varied responses as average temperatures warm. These results contrast with trends among terrestrial and other marine species, which are rapidly shifting their ranges to higher latitudes. Conversely, the differing responses of these species to future warming are consistent with responses of species to past episodes of change, as observed in the fossil record.",10.1111/jbi.12289,Urban et al,WOS:000337615500011,"[""Animalia""]",,,,,
Assessing forest vulnerability and the potential distribution of pine beetles under current and future climate scenarios in the Interior West of the US,"The aim of our study was to estimate forest vulnerability and potential distribution of three bark beetles (Curculionidae: Scolytinae) under current and projected climate conditions for 2020 and 2050. Our study focused on the mountain pine beetle (Dendroctonus ponderosae), western pine beetle (Dendroctonus brevicomis), and pine engraver (Ips pini). This study was conducted across eight states in the Interior West of the US covering approximately 2.2 million km(2) and encompassing about 95% of the Rocky Mountains in the contiguous US. Our analyses relied on aerial surveys of bark beetle outbreaks that occurred between 1991 and 2008. Occurrence points for each species were generated within polygons created from the aerial surveys. Current and projected climate scenarios were acquired from the WorldClim database and represented by 19 bioclimatic variables. We used Maxent modeling technique fit with occurrence points and current climate data to model potential beetle distributions and forest vulnerability. Three available climate models, each having two emission scenarios, were modeled independently and results averaged to produce two predictions for 2020 and two predictions for 2050 for each analysis. Environmental parameters defined by current climate models were then used to predict conditions under future climate scenarios, and changes in different species' ranges were calculated. Our results suggested that the potential distribution for bark beetles under current climate conditions is extensive, which coincides with infestation trends observed in the last decade. Our results predicted that suitable habitats for the mountain pine beetle and pine engraver beetle will stabilize or decrease under future climate conditions, while habitat for the western pine beetle will continue to increase over time. The greatest increase in habitat area was for the western pine beetle, where one climate model predicted a 27% increase by 2050. In contrast, the predicted habitat of the mountain pine beetle from another climate model suggested a decrease in habitat areas as great as 46% by 2050. Generally, 2020 and 2050 models that tested the three climate scenarios independently had similar trends, though one climate scenario for the western pine beetle produced contrasting results. Ranges for all three species of bark beetles shifted considerably geographically suggesting that some host species may become more vulnerable to beetle attack in the future, while others may have a reduced risk over time. (C) 2011 Elsevier B.V. All rights reserved.",10.1016/j.foreco.2011.03.036,Urban et al,WOS:000292428500001,"[""Animalia""]",,,,,
Climate-change winners and losers: stream macroinvertebrates of a submontane region in Central Europe,"1. Freshwater ecosystems will be profoundly affected by global climate change, especially those in mountainous areas, which are known to be particularly vulnerable to warming temperatures. We modelled impacts of climate change on the distribution ranges of 38 species of benthic stream macroinvertebrates from nine macroinvertebrate orders covering all river zones from the headwaters to large river reaches. 2. Species altitudinal shifts as well as range changes up to the year 2080 were simulated using the A2a and B2a Intergovernmental Panel on Climate Change climate-warming scenarios. Presence-only species distribution models were constructed for a stream network in Germany's lower mountain ranges by means of consensus projections of four algorithms, as implemented in the BIOMOD package in R (GLM, GAM, GBM and ANN). 3. Species were predicted to shift an average of 122 and 83 m up in altitude along the river continuum by the year 2080 under the A2a and B2a climate-warming scenarios, respectively. No correlation between altitudinal shifts and mean annual air temperature of species' occurrence could be detected. 4. Depending on the climate-warming scenario, most or all (97% for A2a and 100% for B2a) of the macroinvertebrate species investigated were predicted to survive under climate change in the study area. Ranges were predicted to contract for species that currently occur in streams with low annual mean air temperatures but expand for species that inhabit rivers where air temperatures are higher. 5. Our models predict that novel climate conditions will reorganise species composition and community structure along the river continuum. Possible effects are discussed, including significant reductions in population size of headwater species, eventually leading to a loss of genetic diversity. A shift in river species composition is likely to enhance the establishment of non-native macroinvertebrates in the lower reaches of the river continuum.",10.1111/j.1365-2427.2011.02631.x,Urban et al,WOS:000295013800006,"[""Animalia""]",,,,,
Butterfly numbers and weather: predicting historical trends in abundance and the future effects of climate change,"1. The effect of weather on the size of British butterfly populations was studied using national weather records and the Butterfly Monitoring Scheme (BMS), a national database that has measured butterfly abundance since 1976. 2. Strong associations between weather and population fluctuations and trends were found in 28 of 31 species studied The main positive associations were with warm summer (especially June) temperature during the current and previous year, low rainfall in the current year and high rainfall in the previous year. Most bivoltine species benefited from warm June weather in the current year, three spring species and two that overwinter as adults benefited from warm weather in the previous summer, and most species with moist or semi-shaded habitats increased following high rainfall and cooler weather in the previous year. 3. Simple models incorporating weather variables and density effects were constructed for each species using the first 15 years' population data(1976-90) These fitted the observed data for that period well (median R-2 = 70%). Models were less good at predicting changes in abundance over the next 7 years (1991-97), although significant predictive success was obtained. 4. Parameter values of models were then adjusted to incorporate the full 22-year data-run For the eight species whose models had best predicted population changes or fitted the data well (R-2 > 85%), models were run from 1767 to 1997, using historical weather records, to 'predict' trends in abundance over the past two centuries. For three species it was possible to compare predicted past trends with contemporary accounts of abundance since 1800. In each case, the match between predictions and these qualitative assessments was good. 5. Models were also used to predict future changes in abundance, using three published scenarios for climate change. Most, but not all, species are predicted to increase in the UK under warmer climates, a few species stayed stable, and only one species - the agricultural pest Pieris brassicae (Cabbage White) - is predicted to decline.",10.1046/j.1365-2656.2001.00480.x,Urban et al,WOS:000169014300004,"[""Animalia""]",,,,,
Evaluating the combined threat of climate change and biological invasions on endangered species,"Climate change and invasive species are two major biodiversity threats expected to provoke extinctions of many species in the future. This study evaluates the joint threat posed by climate change and two invasive species: the zebra mussel (Dreissena polymorpha) and the signal crayfish (Pacifastacus leniusculus), on the distribution of two endangered freshwater species: the depressed river mussel (Pseudanodonta complanata) and the white-clawed crayfish (Austropotamobius pallipes), at the scale of Europe. We expected the native species to experience a gradual contraction over time in their geographic range size, while the invasive species would maintain or increase their spread; therefore, their overlap would increase, further threatening the conservation of the native species. To test these three hypotheses, ensemble species distribution models (SDMs) were calibrated with current distributions and projected onto present and 2050 future climatic scenarios. In agreement with our expectations, the 2050 scenarios suggested D. polymorpha may strongly benefit from climate changes (increase of 15-20% in range size), while the depressed river mussel would experience a considerable loss (14-36%), the overlap between both mussels increasing up to 24%. Although both crayfishes were predicted to be negatively affected by climate changes, the contraction was more severe for the invasive P. leniusculus (up to 32% decrease in range size). Moreover, the overlap between both crayfishes decreased by 13-16%, which may reduce the pressure upon the native A. pallipes. This study illustrates how SDMs can assist in management of endangered species over large spatial and temporal scales by identifying current and future areas of shared bioclimatic suitability and potential refugia. (C) 2013 Elsevier Ltd. All rights reserved.",10.1016/j.biocon.2013.02.001,Urban et al,WOS:000320684700025,"[""Animalia""]",,,,,
Would climate change drive species out of reserves? An assessment of existing reserve-selection methods,"Concern for climate change has not yet been integrated in protocols for reserve selection. However if climate changes as projected, there is a possibility that current reserve-selection methods might provide solutions that are inadequate to ensure species' long-term persistence within reserves. We assessed, for the first time, the ability of existing reserve-selection methods to secure species in a climate-change context. Six methods using a different combination of criteria (representation, suitability and reserve clustering) are compared. The assessment is carried out using European distributions of 1200 plant species and considering two extreme scenarios of response to climate change: no dispersal and universal dispersal. With our data, 6-11% of species modelled would be potentially lost from selected reserves in a 50-year period. Measured uncertainties varied in 6% being 1-3% attributed to dispersal assumptions and 2-5% to the choice of reserve-selection method. Suitability approaches to reserve selection performed best, while reserve clustering performed poorly. We also found that 5% of species modelled would lose their entire climatic envelope in the studied area; 2% of the species modelled would have nonoverlapping distributions; 93% of the species modelled would maintain varying levels of overlapping distributions. We conclude there are opportunities to minimize species' extinctions within reserves but new approaches are needed to account for impacts of climate change on species; especially for those projected to have temporally nonoverlapping distributions.",10.1111/j.1365-2486.2004.00828.x,Urban et al,WOS:000223817000017,"[""Plantae""]",,,,,
Predicting changes in Fennoscandian vascular-plant species richness as a result of future climatic change,It's is anticipated that future climatic warming following the currently enhanced greenhouse effect will change the distribution limits of many vascular plant species. Using annual accumulated respiration equivalents. calculated from January and July mean temperatures and total annual precipitation. simple presence-absence response surface plots are constructed for 1521 native vascular-plant species in 229 75 x 75-km grid squares within Fennoscandia. The contemporary occurrences in relation to present-day climate and to predicted changes in climate land hence annual accumulated respiration equivalents) are used to predict possible Future immigrations and extinctions within each grid square. The percentage of potential change in species richness for each grid square is estimated from these predictions. Results from this study suggest a mean increase in species richness per grid square of 26%. Increases in species richness are greatest in the southern parts of the alpine/boreal regions in Fennoscandia. There are ten species that potentially may become extinct in Fennoscandia as a result of predicted climatic warming. Possible conservation strategies to protect such endangered species are outlined.,10.1046/j.1365-2699.1998.251192.x,Urban et al,WOS:000073382800011,"[""Plantae""]",,,,,
CLIMATE CHANGE CAN CAUSE SPATIAL MISMATCH OF TROPHICALLY INTERACTING SPECIES,"Climate change is one of the most influential drivers of biodiversity. Species-specific differences in the reaction to climate change can become particularly important when interacting species are considered. Current studies have evidenced temporal mismatching of interacting species at single points in space, and recently two investigations showed that species interactions are relevant for their future ranges. However, so far we are not aware that the ranges of interacting species may become substantially spatially mismatched. We developed separate ecological-niche models for a monophagous butterfly (Boloria titania) and its larval host plant (Polygonum bistorta) based on monthly interpolated climate data, land-cover classes, and soil data at a 10'-grid resolution. We show that all of three chosen global-change scenarios, which cover a broad range of potential developments in demography, socio-economics, and technology during the 21st century from moderate to intermediate to maximum change, will result in a pronounced spatial mismatch between future niche spaces of these species. The butterfly may expand considerably its future range (by 124-258%) if the host plant has unlimited dispersal, but it could lose 52-75% of its current range if the host plant is not able to fill its projected ecological niche space, and 79-88% if the butterfly also is assumed to be highly dispersal limited. These findings strongly suggest that climate change has the potential to disrupt trophic interactions because co-occurring species do not necessarily react in a similar manner to global change, having important consequences at ecological and evolutionary time scales.",10.1890/07-1748.1,Urban et al,WOS:000261524000021,"[""Animalia"", ""Plantae""]",,,,,
Modeled regional climate change and California endemic oak ranges,"In the coming century, anthropogenic climate change will threaten the persistence of restricted endemic species, complicating conservation planning. Although most efforts to quantify potential shifts in species' ranges use global climate model (GCM) output, regional climate model (RCM) output may be better suited to predicting shifts by restricted species, particularly in regions with complex topography or other regionally important climate-forcing factors. Using a RCM-based future climate scenario, we found that potential ranges of two California endemic oaks, Quercus douglasii and Quercus lobata, shrink considerably (to 59% and 54% of modern potential range sizes, respectively) and shift northward. This result is markedly different from that obtained by using a comparable GCM-based scenario, under which these species retain 81% and 73% of their modern potential range sizes, respectively. The difference between RCM- and GCM-based scenarios is due to greater warming and larger precipitation decreases during the growing season predicted by the RCM in these species' potential ranges. Based on the modeled regional climate change, < 50% of protected land area currently containing these species is expected to contain them under a future midrange business-as-usual path of greenhouse gas emissions.",10.1073/pnas.0501427102,Urban et al,WOS:000233283700029,"[""Plantae""]",,,,,
National and European perspectives on climate change sensitivity of the habitats directive characteristic plant species,"The main goat of the Habitats Directive, a key document for European conservation, is to maintain a 'favourable' conservation status of selected species and habitats. In the face of near-future climatic change this goat may become difficult to achieve. Here, we evaluate the sensitivity to climate change of 84 plant species that characterise the Danish habitat types included in the Habitats Directive. A fuzzy bioctimatic envelope model, linking European and Northwest African species' distribution data with climate, was used to predict climatically suitable areas for these species in year 2100 under two-climate change scenarios. Climate sensitivity was evaluated at both Danish and European scales to provide an explicit European perspective on the impacts predicted for Denmark. In all 69-99% of the species were predicted to become negatively affected by climate change at either scale. Application of international Red List criteria showed that 43-55% and 17-69% would become vulnerable in Denmark and Europe, respectively. Northwest African atlas data were used to improve the ecological accuracy of the future predictions. For comparison, using only European data added 0-7% to these numbers. No species were predicted to become extinct in Europe, but 4-7% could be lost from Denmark. Some species were predicted to become positively affected in Denmark, but negatively affected in Europe. In addition to nationally endangered species, this group would be an important focus for a Danish conservation strategy. A geographically differentiated Danish conservation strategy is suggested as the eastern part of Denmark was predicted to be more negatively affected than the western part. No differences in the sensitivity of the Habitats Directive habitats were found. We conclude that the conservation strategy of the Habitats Directive needs to integrate the expected shifts in species' distributions due to climate change. (c) 2006 Elsevier GmbH. All rights reserved.",10.1016/j.jnc.2006.09.001,Urban et al,WOS:000245122300004,"[""Plantae""]",,,,,
Potential changes in the distributions of latitudinally restricted Australian butterfly species in response to climate change,"This study assessed potential changes in the distributions of Australian butterfly species in response to global warming. The bioclimatic program, BIOCLIM, was used to determine the current climatic ranges of 77 butterfly species restricted to Australia. We found that the majority of these species had fairly wide climatic ranges in comparison to other taxa, with only 8% of butterfly species having a mean annual temperature range spanning less than 3 degreesC. The potential changes in the distributions of 24 butterfly species under four climate change scenarios for 2050 were also modelled using BIOCLIM. Results suggested that even species with currently wide climatic ranges may still be vulnerable to climate change; under a very conservative climate change scenario (with a temperature increase of 0.8-1.4 degreesC by 2050) 88% of species distributions decreased, and 54% of species distributions decreased by at least 20%. Under an extreme scenario (temperature increase of 2.1-3.9 degreesC by 2050) 92% of species distributions decreased, and 83% of species distributions decreased by at least 50%. Furthermore, the proportion of the current range that was contained within the predicted range decreased from an average of 63% under a very conservative scenario to less than 22% under the most extreme scenario. By assessing the climatic ranges that species are currently exposed to, the extent of potential changes in distributions in response to climate change and details of their life histories, we identified species whose characteristics may make them particularly vulnerable to climate change in the future.",10.1046/j.1365-2486.2002.00490.x,Urban et al,WOS:000177853000003,"[""Animalia""]",,,,,
Climate and land use change impacts on plant distributions in Germany,"We present niche-based modelling to project the distribution of 845 European plant species for Germany using three different models and three scenarios of climate and land use changes up to 2080. Projected changes suggested large effects over the coming decades, with consequences for the German flora. Even under a moderate scenario (approx. + 2.2 degrees C), 15-19% (across models) of the species we studied could be lost locally-averaged from 2995 grid cells in Germany. Models projected strong spatially varying impacts on the species composition. In particular, the eastern and southwestern parts of Germany were affected by species loss. Scenarios were characterized by an increased number of species occupying small ranges, as evidenced by changes in range-size rarity scores. It is anticipated that species with small ranges will be especially vulnerable to future climate change and other ecological stresses.",10.1098/rsbl.2008.0231,Urban et al,WOS:000259085900035,"[""Plantae""]",,,,,
Vulnerability of South African animal taxa to climate change,"The responsiveness of South African fauna to climate change events is poorly documented and not routinely incorporated into regional conservation planning. We model the likely range alterations of a representative suite of 179 animal species to climate change brought about by the doubling of CO2 concentrations. This scenario is expected to cause a mean temperature increase of 2 degreesC. We applied a multivariate climate envelope approach and evaluated model performance using the most comprehensive bird data set. The results were encouraging, although model performance was inconsistent in the eastern coastal area of the country. The levels of climate change induced impacts on species ranges varied from little impact to local extinction. Some 17% of species expanded their ranges, 78% displayed range contraction (4-98%), 3% showed no response and 2% became locally extinct. The majority of range shifts (41%) were in an easterly direction, reflecting the east-west aridity gradient across the country. Species losses were highest in the west. Substantially smaller westward shifts were present in some eastern species. This may reflect a response to the strong altitudinal gradient in this region, or may be a model artifact. Species range change (composite measure reflecting range contraction and displacement) identified selected species that could act as climate change indicator taxa. Red-data and vulnerable species showed similar responses but were more likely to display range change (58% vs. 43% for all species). Predictions suggest that the flagship, Kruger National Park conservation area may loose up to 66% of the species included in this analysis. This highlights the extent of the predicted range shifts, and indicates why conflicts between conservation and other land uses are likely to escalate under conditions of climate change.",10.1046/j.1365-2486.2002.00502.x,Urban et al,WOS:000176055800007,"[""Animalia""]",,,,,
Potential impact of climate change on the northern nemoral forest herb flora of Europe,"This study examines the potential impact on 21st century climate change on north-nemoral forest herb ranges at three spatial scales (Europe as whole, Northern/Southern Europe, separately, and the small north-nemoral region Denmark) and for two contrasting geographic regions (Northern and Southern Europe), and evaluates which species traits (climatic niche parameters, range location) would be most important for the range responses. The impact of climate change on the ranges of 36 north-nemoral forest herb species was estimated using a fuzzy bioclimatic envelope model that link atlas data to climate to predict bioclimatic suitability. Two global warming scenarios were investigated. Bioclimatic suitability was predicted to decline for all species in Europe as whole and in Southern Europe, while a minority would experience stable or increased suitability in Denmark and Northern Europe. No species were predicted to go extinct at a European scale under any scenario, although up to 14% of the species could be lost at the smallest scale. However, due to its strong impact on Southern Europe, warming would threaten the long-term survival of the nemoral flora. In particular in Northern Europe suitability increases would occur in unoccupied areas. Hence, dispersal limitation could be a particularly important constraint on species responses to climate change in this region. The best predictors of modelled large-scale sensitivity to global warming often included water balance niche descriptors and the latitudinal range centroid.",10.1007/s10531-005-1345-8,Urban et al,WOS:000241791200014,"[""Plantae""]",,,,,
Extreme sensitivity of biological function to temperature in Antarctic marine species,"1. Biological capacities to respond to changing environments dictate success or failure of populations and species over time. The major environmental feature in this context is often temperature, and organisms across the planet vary widely in their capacity to cope with temperature variation. With very few exceptions, Antarctic marine species are more sensitive to temperature variation than marine groups elsewhere, having survivable temperature envelopes between 5degreesC and 12degreesC above the minimum sea temperature of -2degreesC. 2. Our findings show that in biological functions important to long-term survival these animals are even more tightly constrained. The Antarctic bivalve mollusc Laternula elliptica and limpet Nacella concinna both survive a few days in experiments at 9-10degreesC, but suffer 50% failure in essential biological activities at 2-3degreesC and complete loss at 5degreesC. The Antarctic scallop Adamussium colbecki is even more sensitive, and loses the ability to swim as temperature approaches 2degreesC. 3. These failures of activity are caused by a loss of aerobic capacity, and the animals investigated are so sensitive that a 2degreesC rise in sea temperature could cause population or species removal from the Southern Ocean.",10.1111/j.0269-8463.2004.00903.x,Urban et al,WOS:000224000900001,"[""Animalia""]",,,,,
Global warming and extinctions of endemic species from biodiversity hotspots,"Global warming is a key threat to biodiversity, but few researchers have assessed the magnitude of this threat at the global scale. We used major vegetation types (biomes) as proxies for natural habitats and, based on projected future biome distributions under doubled-CO2 climates, calculated changes in habitat areas and associated extinctions of endemic plant and vertebrate species in biodiversity hotspots. Because of numerous uncertainties in this approach, we undertook a sensitivity analysis of multiple factors that included (1) two global vegetation models, (2) different numbers of biome classes in our biome classification schemes, (3) different assumptions about whether species distributions were biome specific or not, and (4) different migration capabilities. Extinctions were calculated using both species-area and endemic-area relationships. In addition, average required migration rates were calculated for each hotspot assuming a doubled-CO2 climate in 100 years. Projected percent extinctions ranged from < 1 to 43% of the endemic biota (average 11.6%), with biome specificity having the greatest influence on the estimates, followed by the global vegetation model and then by migration and biome classification assumptions. Bootstrap comparisons indicated that effects on hotpots as a group were not significantly different from effects on random same-biome collections of grid cells with respect to biome change or migration rates; in some scenarios, however, hotspots exhibited relatively high biome change and low migration rates. Especially vulnerable hotspots were the Cape Floristic Region, Caribbean, Indo-Burma, Mediterranean Basin, Southwest Australia, and Tropical Andes, where plant extinctions per hotspot sometimes exceeded 2000 species. Under the assumption that projected habitat changes were attained in 100 years, estimated global-warming-induced rates of species extinctions in tropical hotspots in some cases exceeded those due to deforestation, supporting suggestions that global warming is one of the most serious threats to the planet's biodiversity.",10.1111/j.1523-1739.2006.00364.x,Urban et al,WOS:000236064200031,"[""Plantae""]",,,,,
Assessing the impacts of climate change and land transformation on Banksia in the South West Australian Floristic Region,"Aim To determine the potential combined effects of climate change and land transformation on the modelled geographic ranges of Banksia. Location Mediterranean climate South West Australian Floristic Region (SWAFR). Methods We used the species distribution modelling software Maxent to relate current environmental conditions to occurrence data for 18 Banksia species, and subsequently made spatial predictions using two simple dispersal scenarios (zero and universal), for three climate-severity scenarios at 2070, taking the impacts of land transformation on species' ranges into account. The species were chosen to reflect the biogeography of Banksia in the SWAFR. Results Climate-severity scenario, dispersal scenario, biogeographic distribution and land transformation all influenced the direction and magnitude of the modelled range change responses for the 18 species. The predominant response of species to all climate change scenarios was range contraction, with exceptions for some northern and widespread species. Including land transformation in estimates of modelled geographic range size for the three climate-severity scenarios generally resulted in smaller gains and larger declines in species ranges across both dispersal scenarios. Including land transformation and assuming zero dispersal resulted, as expected, in the greatest declines in projected range size across all species. Increasing climate change severity greatly increased the risk of decline in the 18 Banksia species, indicating the critical role of mitigating future emissions. Main conclusions The combined effects of climate change and land transformation may have significant adverse impacts on endemic Proteaceae in the SWAFR, especially under high emissions scenarios and if, as expected, natural migration is limiting. Although these results need cautious interpretation in light of the many assumptions underlying the techniques used, the impacts identified warrant a clear focus on monitoring across species ranges to detect early signs of change, and experiments that determine physiological thresholds for species in order to validate and refine the models.",10.1111/j.1472-4642.2009.00623.x,Urban et al,WOS:000273723100018,"[""Plantae""]",,,,,
"Climate change, plant migration, and range collapse in a global biodiversity hotspot: the Banksia (Proteaceae) of Western Australia","Climate change has already altered global patterns of biodiversity by modifying the geographic distributions of species. Forecasts based on bioclimatic envelop modeling of distributions of species suggests greater impacts can be expected in the future, but such projections are contingent on assumptions regarding future climate and migration rates of species. Here, we present a first assessment of the potential impact of climate change on a global biodiversity hotspot in southwestern Western Australia. Across three representative scenarios of future climate change, we simulated migration of 100 Banksia (Proteaceae) species at a rate of 5 km decade(-1) and compared projected impacts with those under the commonly applied, but acknowledged as inadequate, assumptions of 'full-' and 'no-migration.' Across all climate x migration scenarios, 66% of species were projected to decline, whereas only 6% were projected to expand or remain stable. Between 5% and 25% of species were projected to suffer range losses of 100% by 2080, depending mainly on climate scenario. Species losses were driven primarily by changes in current precipitation regimes, with the greatest losses of species projected to occur in a transition zone between wet coastal areas and interior arid regions and which is projected to become more arid in the future. Because the ranges of most species tended to collapse in all climate scenarios, we found that climate change impacts to flora of southwestern Western Australia may be large, even under optimistic assumptions regarding migration abilities. Taken together, our results suggest that the future of biodiversity in southwestern Western Australia may lie largely in the degree to which this hotspot experiences increased drought and in the ability of species to tolerate such decreases in precipitation. More broadly, our study is among a growing number of theoretical studies suggesting the impacts of future climate change on global biodiversity may be considerable.",10.1111/j.1365-2486.2008.01559.x,Urban et al,WOS:000255707200011,"[""Plantae""]",,,,,
"Global warming, elevational range shifts, and lowland biotic attrition in the wet tropics","Many studies suggest that global warming is driving species ranges poleward and toward higher elevations at temperate latitudes, but evidence for range shifts is scarce for the tropics, where the shallow latitudinal temperature gradient makes upslope shifts more likely than poleward shifts. Based on new data for plants and insects on an elevational transect in Costa Rica, we assess the potential for lowland biotic attrition, range-shift gaps, and mountaintop extinctions under projected warming. We conclude that tropical lowland biotas may face a level of net lowland biotic attrition without parallel at higher latitudes (where range shifts may be compensated for by species from lower latitudes) and that a high proportion of tropical species soon faces gaps between current and projected elevational ranges.",10.1126/science.1162547,Urban et al,WOS:000259902300048,"[""Animalia"", ""Plantae""]",,,,,
21st century climate change threatens mountain flora unequally across Europe,"Continental-scale assessments of 21st century global impacts of climate change on biodiversity have forecasted range contractions for many species. These coarse resolution studies are, however, of limited relevance for projecting risks to biodiversity in mountain systems, where pronounced microclimatic variation could allow species to persist locally, and are ill-suited for assessment of species-specific threat in particular regions. Here, we assess the impacts of climate change on 2632 plant species across all major European mountain ranges, using high-resolution (ca. 100 m) species samples and data expressing four future climate scenarios. Projected habitat loss is greater for species distributed at higher elevations; depending on the climate scenario, we find 36-55% of alpine species, 31-51% of subalpine species and 19-46% of montane species lose more than 80% of their suitable habitat by 2070-2100. While our high-resolution analyses consistently indicate marked levels of threat to cold-adapted mountain florae across Europe, they also reveal unequal distribution of this threat across the various mountain ranges. Impacts on florae from regions projected to undergo increased warming accompanied by decreased precipitation, such as the Pyrenees and the Eastern Austrian Alps, will likely be greater than on florae in regions where the increase in temperature is less pronounced and rainfall increases concomitantly, such as in the Norwegian Scandes and the Scottish Highlands. This suggests that change in precipitation, not only warming, plays an important role in determining the potential impacts of climate change on vegetation.",10.1111/j.1365-2486.2010.02393.x,Urban et al,WOS:000291221000006,"[""Plantae""]",,,,,
Predicted effects climatic change on distribution of ecologically important native tree and shrub species in Florida,"A previously developed plant species-climatic envelope model was evaluated further and used to predict effects of hypothesized climatic change on the potential distribution of 124 native woody plant species in Florida, U.S.A. Twelve scenarios were investigated. These included mean annual temperature increases of 1 degrees C or 2 degrees C, achieved either by equal 1 degrees C or 2 degrees C increases on a monthly basis throughout the year, or by disproportionately larger seasonal increases in winter and smaller ones in summer. The various temperature increases were then combined with each of several precipitation changes, ranging from +10% to -20%, to produce the final set of scenarios. Mon detailed analysis involving six of the scenarios and a subset of 28 representative, ecologically important species suggested that (1) large decreases in the Florida range of many temperate species would result if 1 degrees C warming occurs predominantly in winter or with a 20% decrease in annual precipitation, or (2) if 2 degrees C warming occurs, with or without decrease in annual precipitation, and regardless of whether there is a uniform. monthly warming pattern or one that is higher in winter than in summer. Available information concerning other factors that might also affect climatic-change responses suggests that these large predicted impacts on temperate Florida species may be underestimates. Subtropical Florida species will tend to move north and inland with warming but extensive human assistance may be needed, if they are to realize their newly expanded, potential natural ranges.",10.1023/A:1005483507351,Urban et al,WOS:000078751700005,"[""Plantae""]",,,,,
Migration rate limitations on climate change-induced range shifts in Cape Proteaceae,"Modelling of climate change-induced species range shifts has generally addressed migration limitations inadequately, often assuming 'null' migration or instantaneous 'full' migration extremes. We describe methods for incorporating simple migration rate assumptions into multispecies modelling, using the Proteaceae of the Cape Floristic Region. Even with optimistic migration assumptions, range loss projections more closely approximate null migration than full migration assumptions. Full migration results were positively skewed by few species with large range increases, an overestimate eliminated by dispersal-limited migration rate assumptions. Wind- and ant/rodent-dispersed species responded differently to climate change. Initially larger ranges of wind-dispersed species were more strongly reduced by climate change, despite far greater assumed dispersal distances - we suggest that these well-dispersed species populate more marginal areas of potential range, causing lower resilience to climatic changes at range margins. Overall, range loss rate slowed with advancing climate change, possibly because species ranges contracted into core areas most resilient to climate change. Thus, a consideration of simple dynamics of range change (rather than single step, present-future comparisons of range) provide new insights relevant for conservation strategies, in particular, and for guiding monitoring efforts to detect and gauge the impacts of climate change on natural populations.",10.1111/j.1366-9516.2006.00273.x,Urban et al,WOS:000239798200010,"[""Plantae""]",,,,,
Plant extinction risk under climate change: are forecast range shifts alone a good indicator of species vulnerability to global warming?,"Models that couple habitat suitability with demographic processes offer a potentially improved approach for estimating spatial distributional shifts and extinction risk under climate change. Applying such an approach to five species of Australian plants with contrasting demographic traits, we show that: (i) predicted climate-driven changes in range area are sensitive to the underlying habitat model, regardless of whether demographic traits and their interaction with habitat patch configuration are modeled explicitly; and (ii) caution should be exercised when using predicted changes in total habitat suitability or geographic extent to infer extinction risk, because the relationship between these metrics is often weak. Measures of extinction risk, which quantify threats to population persistence, are particularly sensitive to life-history traits, such as recruitment response to fire, which explained approximately 60% of the deviance in expected minimum abundance. Dispersal dynamics and habitat patch structure have the strongest influence on the amount of movement of the trailing and leading edge of the range margin, explaining roughly 40% of modeled structural deviance. These results underscore the need to consider direct measures of extinction risk (population declines and other measures of stochastic viability), as well as measures of change in habitat area, when assessing climate change impacts on biodiversity. Furthermore, direct estimation of extinction risk incorporates important demographic and ecosystem processes, which potentially influence species vulnerability to extinction due to climate change.",10.1111/j.1365-2486.2011.02614.x,Urban et al,WOS:000301533100013,"[""Plantae""]",,,,,
Impacts of different climate stabilisation scenarios on plant species in Europe,"With the use of goals from the Convention on Biological Diversity we evaluated two climate stabilisation profiles on their merits for conservation of biodiversity.. comparing them with a baseline profile. Focusing on plant ecosystems at the pan-European level, we concluded that although a maximum global-mean temperature increase of 2 degrees C is likely to be met in a 550 ppmv CO2-equivalent stabilisation profile, large areas of ecosystems in Europe will be affected. Most of the impacts manifest themselves in northern countries with a high net increase of plant species, and in Mediterranean countries, with a decrease in the number of plant species and stable area. Other impacts are less robust, given the regional variation in climate results for different climate models. (c) 2005 Elsevier Ltd. All rights reserved.",10.1016/j.gloenvcha.2005.11.001,Urban et al,WOS:000235424500004,"[""Plantae""]",,,,,
Responses of butterflies to twentieth century climate warming: implications for future ranges,"We analyse distribution records for 51 British butterfly species to investigate altitudinal and latitudinal responses to twentieth century climate warming. Species with northern and/or montane distributions have disappeared from low elevation sites and colonized sites at higher elevations during the twentieth century, consistent with a climate explanation. We found no evidence for a systematic shift northwards across all species, even though 11 out of 46 southerly distributed species have expanded in the northern part of their distributions. For a subset of 35 species, we model the role of climate in limiting current European distributions and predict potential future distributions for the period 2070-2099. Most northerly distributed species will have little opportunity to expand northwards and will disappear from areas in the south, resulting in reduced range sizes. Southerly distributed species will have the potential to shift northwards, resulting in similar or increased range sizes. However, 30 out of 35 study species have failed to track recent climate changes because of lack of suitable habitat, so we revised our estimates accordingly for these species and predicted 65% and 24% declines in range sizes for northern and southern species, respectively. These revised estimates are likely to be more realistic predictions of future butterfly range sizes.",10.1098/rspb.2002.2134,Urban et al,WOS:000178814700013,"[""Animalia""]",,,,,
Vulnerability of 208 endemic or endangered species in China to the effects of climate change,"We assessed the vulnerability of 208 endemic or endangered species in China to the effects of climate change, as a part of the project Research on China's National Biodiversity and Climate Change Strategy and Action Plans. Based on the China Species Information System, we selected comprehensive species as analysis targets, covering taxa including mammals, birds, reptiles, amphibians and plants. We applied nine species distribution models in BIOMOD (a package of R software) to estimate the current (1991-2010) ranges and predicted future (2081-2100) ranges of these species, using six climate variables based on Regional Climate Model version 3 (RegCM3) and A1B emission scenario. The model results showed that different taxa might show diverse potential range shifts over time. The range sizes of half of the species (104 species) would decrease, and those of another half would increase. We predicted that the future remaining ranges (intersection of current and future ranges/current ranges) of 135 species would be less than 50 % of their current range sizes. Species that are both endemic and critically endangered would lose more of their range than others. In summary, the most vulnerable species are currently found on the Qinghai-Tibetan Plateau, in the Hengduan Mountain Range, and southern China. Future action plans dealing with climate change in China should be prepared with consideration for vulnerable species and their habitats.",10.1007/s10113-012-0344-z,Urban et al,WOS:000322671700008,"[""Animalia""]","[""Chordata""]","[""Mammalia""]",,,
"Polymorphism of the Endangered European Mink (Mustela lutreola, Carnivora, Mustelidae) Population in the Central Forest Reserve and Neighboring Areas","Intrapopulation polymorphism of the European mink (Mustela lutreola) at the phenetic, morphometric, and molecular genetic levels has been evaluated by analyzing the collection of skulls (n = 103) compiled during the period of demographic decline and practical extinction of the population. The results provide evidence for the reduction of phenetic diversity, high-level dynamics of the phene pool, increased levels of fluctuating asymmetry and frequency of oligodontia, and low variation in craniometric characters. In the aggregate, these changes may be indicative of high mortality and increased, but not critical, level of inbreeding. However, parameters of nucleotide and haplotype diversity in the European mink exceed those in closely related species, the European polecat (Mustela putorius L.) and pine marten (Martes martes L.).",10.1134/S1062359014070036,Wright et al,WOS:000345398600006,"[""Animalia""]","[""Chordata""]","[""Mammalia""]","[""Carnivora""]","[""Mustela lutreola""]","[""Mustela""]"
Application of biomarkers for exposure and effect of polyhalogenated aromatic hydrocarbons in naturally exposed European otters (Lutra lutra),"In the serious decline of European otters (Lutra lutra) over the last decades, polychlorinated biphenyls (PCBs) are considered to be one of the major factors. As no experiments can be conducted with otters, an eco-epidemiological study was performed to derive no observed effect concentrations (NOECs) for PCBs in the otter. A strong negative correlation was found between hepatic vitamin A and polychlorinated biphenyl (PCB) concentrations expressed as TCDD-equivalents (TEQs), coinciding with a higher incidence of infectious diseases. The no-effect concentration for vitamin A reduction was 2 ng TEQ/g lipid, 10-fold reduction was already found in animals with 5 ng TEQ/g lipid. The TEQ-levels measured with a reporter gene assay based on chemical-activated luciferase expression (the CALUX assay) correlated well with the TEQ levels calculated based on non- and mono-ortho PCB concentrations. The TEQ levels in blood and liver correlated well when expressed on a lipid basis. In living captive otters blood plasma TEQ levels (either measured based on gas chromatography (GC) or CALUX measurement) were lower than in the feral otters, and positively correlated with plasma total and free thyroid hormone but not with plasma retinol levels. Hepatic vitamin A concentration was found to be a physiologically relevant effect parameter. The NOEC for hepatic vitamin A reduction was translated into TEQ levels in fish and sediment. The CALUX response in 50-500 mu l blood plasma proved to be a sensitive non-destructive biomarker for quantification of internal TEQ levels. (C) 1998 Elsevier Science B.V. All rights reserved.",10.1016/S1382-6689(98)00026-X,Wright et al,WOS:000076605500003,"[""Animalia""]","[""Chordata""]","[""Mammalia""]","[""Carnivora""]","[""Lutra lutra""]","[""Lutra""]"
Evaluating River Otter Demography Using Noninvasive Genetic Methods,"The decline in river otter (Lontra canadensis) populations during the late nineteenth and early twentieth centuries throughout North America has led to protective status and strict harvest regulations. Despite sustained interest in protecting river otters, relatively few contemporary studies have evaluated the current status of populations, especially in California. An effective way to estimate river otter population sizes and facilitate monitoring is with noninvasive genetic methods. Our objective was to establish baseline demographic information for an understudied river otter population in northern California by estimating river otter abundance using noninvasive genetic sampling, supplemented with data obtained from an observation-based citizen science project focusing on river otters. We extracted DNA from scat and genotyped samples at 6 microsatellite loci. We used Program MARK to build mark-recapture models to estimate river otter abundance and pooled visual observations from a citizen science project maintained in Humboldt County, California to supplement population estimates with information regarding pups and group size. Between 41 and 44 river otters were in the study area based on noninvasive genetic samples, and group sizes ranged 1-7 or 2-12 based on observational and genetic data, respectively. The Humboldt Bay region had a high density of river otters (0.93otters/km) as compared to other coastal systems; resource attributes of Humboldt Bay could contribute to this difference. Results reported herein demonstrate methods appropriate for establishing baseline river otter demographics. (c) 2013 The Wildlife Society.",10.1002/jwmg.610,Wright et al,WOS:000326011100005,"[""Animalia""]","[""Chordata""]","[""Mammalia""]","[""Carnivora""]","[""Lontra canadensis""]","[""Lontra""]"
Acanthocephalan parasites in sea otters: Why we need to look beyond associated mortality horizontal ellipsis,"The acanthocephalan parasite, Corynosoma enhydri, uses sea otters (Enhydra lutris) as definitive host. Despite high prevalence and abundance in southern sea otters (E. l. nereis), sublethal impacts of infection on otter health are unknown. Parasites are an integral part of ecosystem structure and functioning. Many affect host behavior, reproduction, predation, or prey preference. Parasites can suppress host immune response, facilitate secondary bacterial, viral, or parasitic infections, and influence concurrent microbial infection. Acanthocephalan infections can have significant effects on host metabolism, digestion, nutrient absorption, and energetics. Because high metabolic expenditures and resource limitations are known to affect southern sea otter populations, even subtle effects of infection could negatively impact individual health and population recovery. In this review we summarize reports of host-parasite-environmental interactions for helminth infections and discuss how these same attributes could manifest in southern sea otters and coastal food web dynamics. Based on these data, investigation of potential sublethal impacts of C. enhydri is warranted. We recommend expanding understanding of the significance of parasites in marine ecosystems beyond associated mortality. Future investigation into the ecological implications of sublethal effects are essential to fully grasp parasite impacts on host populations, and predict potential additive effects with climate change in ecosystem functioning.",10.1111/mms.12659,Wright et al,WOS:000498598900001,"[""Animalia""]","[""Chordata""]","[""Mammalia""]","[""Carnivora""]","[""Enhydra lutris""]","[""Enhydra""]"
MORTALITY OF SEA OTTERS IN PRINCE-WILLIAM SOUND FOLLOWING THE EXXON-VALDEZ OIL-SPILL,"This paper presents an estimate of the total number of sea otters that died as a direct consequence of the oil spill that occurred when the T/V Exxon Valdez grounded in Prince William Sound, Alaska on 24 March 1989. We compared sea otter counts conducted from small boats throughout the Sound during the summers of 1984 and 1985 to counts made after the spill during the summer of 1089. We used ratio estimators, corrected for sighting probability, to calculate otter densities and population estimates for portions of the Sound affected by die oil spill. We estimated the otter population in the portion of Prince William Sound affected by the oil was 6,546 at the time of the spill and that the post-spill population in the summer of 1989 was 3,898, yielding a loss estimate of approximately 2,650. Bootstrapping techniques were used to approximate confidence limits on die loss estimate of about 500-5,000 otters. The wide confidence limits are a result of die complex scheme required to estimate losses and limitations of the data. Despite the uncertainty of the loss estimate it is dear that a significant fraction of the otters in the spill zone survived. We observed otters persisting in relatively dean embayments throughout the oil spill zone suggesting that the highly convoluted coastline of Prince William Sound produced refuges that allowed some. sea otters in the oil spill area to survive.",10.1111/j.1748-7692.1993.tb00468.x,Wright et al,WOS:A1993MH88700001,"[""Animalia""]","[""Chordata""]","[""Mammalia""]","[""Carnivora""]","[""Enhydra lutris""]","[""Enhydra""]"
Diets of European polecat Mustela putorius in Great Britain during fifty years of population recovery,"Following nineteenth-century declines, polecats Mustela putorius are recolonising Great Britain. Polecat diet relates to two potential risks to recovery. First, rabbits Oryctolagus cuniculus, which are important prey for polecats, have experienced extreme population fluctuations, with near extirpation due to myxomatosis in the 1950s, recovery in 1960s-1990s and declines in 1990s-2010s. Second, polecats are secondarily exposed to anticoagulant rodenticides by eating contaminated rodents, and the frequency of polecat exposure to rodenticides is increasing. We analysed stomach contents from 99 polecats collected in 2012-2016 and compared results with earlier studies. Lagomorphs were the most abundant prey (66% frequency of occurrence, 95% confidence interval 53-74%), followed by other mammals (12%, 4-18%), amphibians (10%, 3-16%) and birds (7%, 1-13%). Diet varied seasonally; lagomorph occurrence was highest in spring and summer and lowest in autumn. Dietary niche breadth was greater in the 1960s, when rabbits were scarce, than in other decades, but did not differ between the 1990s and 2010s, indicating that diets have not diversified with recent rabbit declines. This may be because rabbit abundance is not yet low enough to cause dietary diversification or because polecats were collected in areas where rabbits were still abundant. Rodents did not increase in diet between the 1990s and 2010s and still occur with < 10% frequency, indicating that rodents need not contribute much to diet to expose polecats to rodenticides. This potentially limits the effectiveness of management actions designed to minimise polecat exposure to contaminated rodent prey.",10.1007/s13364-020-00484-0,Wright et al,WOS:000516496200001,"[""Animalia""]","[""Chordata""]","[""Mammalia""]","[""Carnivora""]","[""Mustela putorius""]","[""Mustela""]"
Enteric bacterial pathogen detection in southern sea otters (Enhydra lutris nereis) is associated with coastal urbanization and freshwater runoff,"Although protected for nearly a century, California's sea otters have been slow to recover, in part due to exposure to fecally-associated protozoal pathogens like Toxoplasma gondii and Sarcocystis neurona. However, potential impacts from exposure to fecal bacteria have not been systematically explored. Using selective media, we examined feces from live and dead sea otters from California for specific enteric bacterial pathogens (Campylobacter, Salmonella, Clostridium perfringens, C. difficile and Escherichia coli O157:H7), and pathogens endemic to the marine environment (Vibrio cholerae, V. parahaemolyticus and Plesiomonas shigelloides). We evaluated statistical associations between detection of these pathogens in otter feces and demographic or environmental risk factors for otter exposure, and found that dead otters were more likely to test positive for C. perfringens, Campylobacter and V. parahaemolyticus than were live otters. Otters from more urbanized coastlines and areas with high freshwater runoff (near outflows of rivers or streams) were more likely to test positive for one or more of these bacterial pathogens. Other risk factors for bacterial detection in otters included male gender and fecal samples collected during the rainy season when surface runoff is maximal. Similar risk factors were reported in prior studies of pathogen exposure for California otters and their invertebrate prey, suggesting that land-sea transfer and/or facilitation of pathogen survival in degraded coastal marine habitat may be impacting sea otter recovery. Because otters and humans share many of the same foods, our findings may also have implications for human health.",10.1051/vetres/2009049,Wright et al,WOS:000272040500001,"[""Animalia""]","[""Chordata""]","[""Mammalia""]","[""Carnivora""]","[""Enhydra lutris""]","[""Enhydra""]"
THE PAST HISTORY AND RECENT DECLINE OF BADGERS MELES-MELES IN ESSEX - AN ANALYSIS OF SOME OF THE CONTRIBUTORY FACTORS,"The past history of the Badger in Essex is reviewed. It is shown that the population has fluctuated in the past, and that heavy gamekeeping pressure probably reduced numbers at the turn of the century, although Badgers were probably never as rare as early recorders believed. In recent years Badgers have been rare or absent in many areas of the country because they did not afford suitable sett sites, and the country as a whole is not particularly good for Badgers. Against this already low-density Badger population, in the 20 years up to the mid-1980s, 36% of known setts had disappeared, with agricultural activities being the major cause of sett losses, and of the remaining setts there was a 14% reduction in the number occupied by Badgers. Also, the modal sett size was reduced from six holes to three. Direct disturbance affected nearly a quarter of all viable setts in Essex. The significance of these findings is evaluated, and the effects of changing land use, sett disturbance, Badger digging, road deaths and sub-lethal levels of agricultural chemicals on Badger numbers are discussed and quantified where possible. The possible effects of a continued fragmentation of the Badger population in Essex is reviewed. The need for further research on particular aspects of the problem, and the value of such data in understanding the population pressures facing the Badger elsewhere in Europe, are highlighted.",10.1111/j.1365-2907.1991.tb00289.x,Wright et al,WOS:A1991FR87200002,"[""Animalia""]","[""Chordata""]","[""Mammalia""]","[""Carnivora""]","[""Meles meles""]","[""Meles""]"
"Evidence for persistence and a major range extension of the smooth-coated otter (Lutrogale perspicillata maxwelli; Mustelidae, Carnivora) in Iraq","The species IUCN conservation status of smooth-coated otter (Lutrogale perspicillata) is considered 'Vulnerable', due to an inferred future population decline caused by habitat loss and sustained exploitation. The status of the Arabian subspecies (L. p. maxwelli) occurring in the Tigris marshes of Iraq and Iran is uncertain due to political problems and limited access to this border region in recent years. With this study we could confirm the persistence of the smooth-coated otter in the marshlands of southern Iraq by using a mitochondrial marker (cytochrome b). Moreover, a second sample from Kurdistan was also identified to be L. perspicillata. This observation represents a major range extension of more than 500 km for this poorly known species. It is recommended to undertake further surveys of suitable habitat in the Tigris wetlands, as well as in Kurdistan, to obtain additional information on the distribution of smooth-coated otter in Iraq, and implement conservation measures in those areas.",10.25225/fozo.v61.i2.a10.2012,Wright et al,WOS:000306090900009,"[""Animalia""]","[""Chordata""]","[""Mammalia""]","[""Carnivora""]","[""Lutrogale perspicillata""]","[""Lutrogale""]"
Use of the ACTH challenge test to identify the predominant glucocorticoid in the southern sea otter (Enhydra lutris nereis),"After nearly being hunted to extinction during the fur trade of the late 20th Century, sea otter (Enhydra lutris) populations have recovered to varying degrees of their historical range. While overall population numbers and range have increased, there are regions in which expansion has occurred at a slower rate and/or animal numbers have decreased, which may be a result of chronic stress from a variety of sources. Some have employed glucocorticoid analysis in their attempts to validate these explanations. Our goal was to conduct a controlled study using sea otters managed under human care to validate the use of serum glucocorticoid analysis to monitor stress physiology in the sea otter. We used a standard ACTH challenge test to compare cortisol and corticosterone responses, thereby identifying the primary glucocorticoid in the sea otter. Fourteen sea otters of both sexes (five males, nine females), including juveniles, sub-adults and adults, participated in the study. The results of the testing supported cortisol as the primary glucocorticoid in the sea otter. Sex and age did not affect how the individual responded to the ACTH or saline injection. Interestingly, the saline injection not only confirmed the effects of the ACTH on glucocorticoid release from the adrenal glands but also provided information on how long it takes the sea otter's glucocorticoid levels to return to baseline after capture and sedation. The insight gained from this study will aid in future efforts to better understand the role of stress in free-ranging sea otter populations. Recognition of the primary glucocorticoid will facilitate evaluation of more stable biological material, such as fur or whiskers, which tend to be less affected by the diurnal cycling of glucocorticoids.",10.1093/conphys/coz116,Wright et al,WOS:001288620600001,"[""Animalia""]","[""Chordata""]","[""Mammalia""]","[""Carnivora""]","[""Enhydra lutris""]","[""Enhydra""]"
Molecular characterization of Sarcocystis neurona strains from opossums (Didelphis virginiana) and intermediate hosts from Central California,"Sarcocystis neurona is a significant cause of neurological disease in horses and other animals, including the threatened Southern sea otter (Enhydra lutris nereis). Opossums (Didelphis virginiana), the only known definitive hosts for S. neurona in North America, are an introduced species in California. S. neurona DNA isolated from sporocysts and/or infected tissues of 10 opossums, 6 horses, 1 cat, 23 Southern sea otters, and 1 harbor porpoise (Phocoena phocoena) with natural infections was analyzed based on 15 genetic markers, including the first internal transcribed spacer (ITS-1) region; the 25/396 marker; S. neurona surface antigen genes (snSAGs) 2, 3, and 4; and 10 different microsatellites. Based on phylogenetic analysis, most of the S. neurona strains segregated into three genetically distinct groups. Additionally, fifteen S. neurona samples from opossums and several intermediate hosts, including sea otters and horses, were found to be genetically identical across all 15 genetic markers, indicating that fatal encephalitis in Southern sea otters and equine protozoal myeloencephalitis (EPM) in horses is strongly linked to S. neurona sporocysts shed by opossums. (C) 2010 Published by Elsevier B.V.",10.1016/j.vetpar.2009.12.045,Wright et al,WOS:000278678500004,"[""Animalia""]","[""Chordata""]","[""Mammalia""]","[""Carnivora""]","[""Enhydra lutris""]","[""Enhydra""]"
"Fossils, diet, and conservation of black-footed ferrets (Mustela nigripes)","A new middle Pleistocene record of Mustela nigripes is reported from Cathedral Cave, White Pine County, Nevada. The specimen dates to 750,000-850,000 years ago and represents one of the oldest remains recovered of the black-footed ferret. Forty-two percent of fossil faunas known to contain M. nigripes do not contain Cynomys, the common prey of black-footed ferrets in historic times. Consideration of dietary information and habitat requirements of ill. nigripes and its sister taxon, M. eversmanni (steppe ferret), reveals ancestral behavioral repertoires for ferrets. We suggest that the historically documented obligate predator-prey relationship between M. nigripes and Cynomys was a secondary effect of colonization by black-footed ferrets of Cynomys-dominated habitats sometime in the past 800,000 years. A phylogenetic perspective on the behavior of ferrets combined with paleontological data indicates a broader range of possibilities for conservation of the black-footed ferret.",10.1644/1545-1542(2000)081<0422:FDACOB>2.0.CO;2,Wright et al,WOS:000087155200010,"[""Animalia""]","[""Chordata""]","[""Mammalia""]","[""Carnivora""]","[""Mustela nigripes""]","[""Mustela""]"
"Testing the generality of the trophic cascade paradigm for sea otters: a case study with kelp forests in northern Washington, USA","Trophic cascade hypotheses for biological communities, linking predation by upper trophic levels to major features of ecological structure and dynamics at lower trophic levels, are widely subscribed and may influence conservation policy. Few such hypotheses have been evaluated for temporal or spatial generality. Previous studies of sea otter (Enhydra lutris) predation along the outer coast of North America suggest a pattern, often elevated to the status of paradigm, in which sea otter presence leads to reduced sea urchin (Strongylocentrotus spp.) biomass and rapid increases in abundance and diversity of annual algal species, followed by a decline in diversity as one or a few perennial algal species become dominant. Both sea otter predation and commercial sea urchin harvest are ecologically and economically important sources of urchin mortality in nearshore benthic systems in northern Washington marine waters. We recorded changes in density of macroalgae in San Juan Channel, a marine reserve in the physically protected inland waters of northern Washington, resulting from three levels of experimental urchin harvest: (1) simulated sea otter predation (monthly complete harvest of sea urchins), (2) simulated commercial urchin harvest (annual size-selective harvest of sea urchins), and (3) no harvest (control). The two experimental urchin removal treatments did not significantly increase the density of perennial (Agarum and Laminaria) or annual (Desmarestia, Costaria, Alaria and Nereocystis) species of macroalgae after 2 years, despite significant and persistent decreases in urchin densities. Our results suggest that other factors such as grazing by other invertebrates, the presence of dense Agarum stands, and recruitment frequency of macroalgae and macroinvertebrates may play a large role in influencing community structure in San Juan Channel and other physically protected marine waters within the range of sea otters.",10.1007/s10750-006-0403-x,Wright et al,WOS:000244187200019,"[""Animalia""]","[""Chordata""]","[""Mammalia""]","[""Carnivora""]","[""Enhydra lutris""]","[""Enhydra""]"
PCBs and their putative effects on polecat (Mustela putorius) populations in Central Europe,"In Europe polecat populations are declining for unknown reasons during the last decades. Data on the river otter, another mustelid predator, indicate that PCB levels are high enough in some populations to interfere with the reproduction of this aquatic species. Since the diet of the polecats consists to a large amount of aquatic prey (amphibians) it appears reasonable to assume that PCBs ingested with the prey are a factor in the decline of polecats. To test this assumption PCB residues in amphibians and in adipose tissue and liver of polecats from Southwest Germany were quantified and the results were compared with literature data on the reproductive toxicity of PCBs in feral mink. According to the current data total PCB levels in polecats (adipose tissue, mean 1244 ng/g lipids; liver, mean 1677 ng/g lipids) and their prey (frogs, mean 9279 ng/kg fresh vc eight; toads, 4948 ng/kg fresh weight) are comparatively low. Using the toxic equivalent approach, it was calculated that polecats could feed exclusively on amphibians without consuming a harmful amount of PCBs. Therefore, PCBs cannot be an agent currently affecting polecat populations in Central Europe. Other environmental factors like habitat destruction or road accidents are more likely to have a negative impact on polecat populations. (C) 2001 Academic Press.",10.1006/eesa.2000.2027,Wright et al,WOS:000166991600007,"[""Animalia""]","[""Chordata""]","[""Mammalia""]","[""Carnivora""]","[""Mustela putorius""]","[""Mustela""]"
Differential response of a carnivore community to predator control: a spatio-temporal observational study,"Predator control has historically shaped management towards minimising predator pressure on sensitive species in most hunting and protected areas. Despite widespread use, few studies of medium-sized carnivores have evaluated such control. To fill this void, we studied the effect of control on shaping a carnivore community consisting of European badgers Meles meles Linnaeus, 1758, stone martens Martes foina Erxleben, 1777 and red foxes Vulpes vulpes Linnaeus, 1758, in the Serra de Montsant area (NE Spain), and we report the recovery dynamics for different habitats (forest, scrubland and cultivated land) over time (3 years) when that control was halted. The results show that non-selective predator control is inadequate to reconcile the conservation of ecosystems with hunting. Specifically, it favours the frequency of occurrence of red foxes, which are the main consumer of small game species, and also reduces the frequency of occurrence of European badgers and stone martens, which are protected species. The recovery or regression sequence was observed over time in an area where there had previously been control, and was compared with the point of reference provided by an uncontrolled area. The results show the recovery of European badgers (135% over 3 years) and stone martens (285% over 3 years), and the regression of red foxes (-10% over 3 years) when control is halted. Monitoring the different habitats, European badgers recover first on cultivated land, then scrubland and more slowly in forest. Stone martens recover first in forest, and then scrubland and cultivated land. In contrast, red foxes maintain their numbers in scrubland, and decline slightly in forest and on cultivated land. The observed preferences have been associated with the capacity to meet basic needs of food, protection and balance with competitors.",10.1080/11250003.2014.893378,Wright et al,WOS:000338989400013,"[""Animalia""]","[""Chordata""]","[""Mammalia""]","[""Carnivora""]","[""Martes foina"", ""Meles meles""]","[""Martes"", ""Meles""]"
The genetic legacy of the 19th-century decline of the British polecat: evidence for extensive introgression from feral ferrets,"In the 19th century, the British polecat suffered a demographic contraction, as a consequence of direct persecution, reaching its lowest population in the years that preceded the First World War. The polecat is now recovering and expanding throughout Britain, but introgressive hybridization with feral ferrets has been reported, which could be masking the true range of the polecat and introducing domestic genes into the species. We used a fragment of the mitochondrial DNA control region and 11 microsatellite loci to characterize the frequency and extent of hybridization and introgression between the two species and assess whether the 19th-century decline corresponded to a genetic bottleneck in the polecat. The proportion of admixture detected in the wild was high (31%) and hybrids were more frequently found outside Wales, suggesting that hybridization is more likely to occur along the eastern edge of the polecat's range expansion. The patterns observed in the mitochondrial and nuclear DNA data show that introgression was mediated by crosses between male polecats and female ferrets, whose offspring backcrossed with polecats. No first-generation (F-1) hybrids were identified, and the broad range of observed admixture proportions agrees with a scenario of past extensive hybridization between the two species. Using several different methods to investigate demographic history, we did not find consistent evidence for a genetic bottleneck in the British polecat, a result that could be interpreted as a consequence of hybridization with ferrets. Our results highlight the importance of the Welsh polecat population for the conservation and restoration of the genetic identity of the British polecat.",10.1111/mec.12456,Wright et al,WOS:000325550000007,"[""Animalia""]","[""Chordata""]","[""Mammalia""]","[""Carnivora""]","[""Mustela putorius""]","[""Mustela""]"
CHALLENGES TO BLACK-FOOTED FERRET RECOVERY: PROTECTING PRAIRIE DOGS,"The black-footed ferret (Mustela nigripes) recovery program is an example of single-species management to preserve flora and fauna. We argue that conservationists must move beyond that approach for success. In 1988, the U.S. Fish and Wildlife Service proposed a down-listing goal of 1500 adult black-footed ferrets in 10 wild populations by 2010. The recovery program has only reached 23% of that goal. The overriding reason is the lack of regulatory mechanisms for poisoning and shooting prairie clogs (Cynomys spp.) and our inability to control occurrence of plague (Yersinia pestis) in prairie dogs. We propose that prairie dogs need, and deserve, some level of federal protection to address these factors and that the primary goal for conservation of black-footed ferrets should be maintaining numbers and distributions of prairie clogs at sufficient temporal and geographic scales to restore them to a level of ecological function in the grasslands. We contend that prairie clogs qualify for protection in at least 4 of the 5 categories used to assess level of threat under the Endangered Species Act. A species needs to qualify in one of those categories to merit protection. The threat posed by plague should itself be sufficient reason to justify prairie clog protection, both for themselves and for the black-footed ferret recovery program.",10.3398/064.072.0212,Wright et al,WOS:000308283600012,"[""Animalia""]","[""Chordata""]","[""Mammalia""]","[""Carnivora""]","[""Mustela nigripes""]","[""Mustela""]"
Understanding the propensity of wild predators to illegal poison baiting,"In many parts of the world, illegal poisoning of wild predators has increased abruptly in recent decades. Birds of prey and carnivores have been targeted directly or indirectly if these are perceived to impact game species or domestic animals. Non-target species have experienced widespread declines, even local extinctions, as the result of illegal use of poisoned bait. In this study, we used data on detected poisoning events in the southern Spanish region of Andalusia to measure the influence of extrinsic and intrinsic variables on poisoning propensity of 18 wild predator species. Extrinsic factors affecting a species being poisoned were those related to the predicted coverage of poisoning events and how this overlapped with the distribution range of each species. To achieve this, we mapped areas of high favourability of poisoning, as well as areas favourable for the species. Intrinsic factors that could increase a species' chances of consuming poisoned bait were related to how much a species depended on scavenging for food, whether it lived in groups, pairs or solitary, and on its sedentariness (whether migratory or sedentary). For each species, we calculated an index of potential spatial conflict between the distribution of poisoning events and the species' most favourable natural areas. To assess a species' intrinsic likelihood for consuming poisoned bait, we derived an index from the species' feeding habits, its sociality and sedentariness. Finally, by combining the extrinsic and extrinsic indices, we produced a general index of propensity to poisoning. We show that vultures and the red kite (Milvus milvus) among the raptors had the highest propensity of being poisoned, while the Iberian grey wolf (Canis lupus signatus), red fox (Vulpes vulpes) and Eurasian badger (Meles meles) were more prone among the carnivores. With our method managers can measure vulnerability of species to poisoning and prioritize them in a clear spatial context.",10.1111/j.1469-1795.2012.00581.x,Wright et al,WOS:000314171600015,"[""Animalia""]","[""Chordata""]","[""Mammalia""]","[""Carnivora""]","[""Meles meles""]","[""Meles""]"
PCBS AND ORGANOCHLORINE PESTICIDE-RESIDUES IN OTTER (LUTRA-LUTRA) SPRAINTS FROM WELSH CATCHMENTS AND THEIR SIGNIFICANCE TO OTTER CONSERVATION STRATEGIES,"1. A survey is presented of PCB and organochlorine pesticide concentrations in otter (Lutra lutra) spraints (faeces) from 18 catchments/sub-catchments in Wales and adjacent English counties. 2. There were wide differences in concentrations of lindane, dieldrin, DDE and PCBs between catchments and at sites within catchments. Only PCBs were considered likely to be of significance in influencing otter populations. Mean PCB concentrations (but not those of dieldrin and DDE) were inversely related to otter population performance (as measured by both catchment distribution and sprainting intensity) between catchments. 3. It is suggested that PCB contamination is exerting a negative impact on otter populations in four catchments, while there is concern over four others. A study of food chain contamination should be an essential component of otter conservation strategies at both the national and local level.",10.1002/aqc.3270030104,Wright et al,WOS:A1993KY84400003,"[""Animalia""]","[""Chordata""]","[""Mammalia""]","[""Carnivora""]","[""Lutra lutra""]","[""Lutra""]"
Projected 21st century climate change for wolverine habitats within the contiguous United States,"Ensembles of 21st century climate projections made using a state of the art global climate model are analyzed to explore possible changes in spring snow cover and summer air temperature in present-day wolverine habitats in the contiguous United States (US). Projected changes in both snow cover and temperature are presented for a range of future emissions scenarios, and implications for the continued survival of the wolverine in the contiguous US are discussed. It is shown that under a high or medium-low emissions scenario there are likely to be dramatic reductions in spring snow cover in present-day wolverine habitats. Under these scenarios there is also likely to be a concomitant increase in summer-time temperatures, with projected maximum daily August temperatures far above those currently tolerated by the wolverine. It is likely that the wolverine, with its many adaptations for cold weather and deep snow pack, would have great difficulty adapting to such changes. The results of the simulations presented here suggest that the very low numbers of wolverines currently living in the contiguous US will likely further decline in response to the deterioration of their habitat in coming decades.",10.1088/1748-9326/6/1/014007,Wright et al,WOS:000289263600008,"[""Animalia""]","[""Chordata""]","[""Mammalia""]","[""Carnivora""]","[""Gulo gulo""]","[""Gulo""]"
Inbreeding causes decreased seminal quality affecting pregnancy and litter size in the endangered black-footed ferret,"Ex situ conservation breeding for species recovery often must address small founder number. Here we investigated the long-term effects of small founder size in the endangered black-footed ferret Mustela nigripes using 20 years of reproductive data. Specifically, we studied seminal traits, pregnancy success and litter size in the context of the population's low genetic diversity. Detailed evaluation of 539 electroejaculates from 262 pedigreed donors with varied inbreeding coefficients (F = 0.000-0.250) revealed a wide range in sperm motility (0.0-100.0%), forward progression (type of forward movement on a scale 0-5; 5 = best; 0.0-4.5), cell concentration (7.2-6348.0 x 10(6) mL(-1) of ejaculate), structural normality (0.0-89.0%) and normal apical ridges (critical for fertilization; 4.8-100.0%). Over this two decade interval, there was an increase (P < 0.05) in F and a decrease (P < 0.05) in sperm forward progression and structurally normal cell morphology. From analysis of artificial insemination (AI) data, higher values for sperm motility, forward progression and structural normality or spermatozoa that retained a normal apical ridge had a positive influence (P < 0.05) on litter size. Males producing higher values for these four traits also sired more kits. Results demonstrate that sperm motility and morphology are decreasing in black-footed ferrets managed intensively ex situ. These two metrics appear associated with an increasing F and likely are at least partially responsible for lowered reproductive success in this closed, endangered population. These results illustrate the potential physiological and offspring production impact of having few founders available in an ex situ conservation breeding program.",10.1111/acv.12466,Wright et al,WOS:000476919200006,"[""Animalia""]","[""Chordata""]","[""Mammalia""]","[""Carnivora""]","[""Mustela nigripes""]","[""Mustela""]"
Life history plasticity and population regulation in sea otters,"We contrasted body condition, and age-specific reproduction and mortality between a growing population of sea otters (Enhydra lutris) at Kodiak Island and a high-density near-equilibrium population at Amchitka Island, Alaska. We obtained data from marked individuals, population surveys, and collections of beach-cast carcasses. Mass:length ratios indicated that females (but not males) captured in 1992 at Amchitka were in poorer condition than those captured at Kodiak in 1986-1987. In 1993, the condition of females at Amchitka improved in apparent response to two factors: (1) an episodic influx of Pacific smooth lumpsuckers, Aptocyclus ventricocus, from the epi-pelagic zone, which otters consumed; and (2) an increase in the otters' benthic invertebrate prey resulting from declining otter numbers. Reproductive rates varied with age (0.37 [CI = 0.21 to 0.53] births female(-1) yr(-1) for 2-3-yr-olds, and 0.83 [CI = 0.69 to 0.90] for females greater than or equal to 4 yr old), and were similar at both areas. Weaning success (pups surviving to greater than or equal to 120 d), in contrast, was almost 50% lower at Amchitka than at Kodiak and for females greater than or equal to 4 yr of age was 0.52 (CI = 0.38 to 0.66) vs 0.94 (CI = 0.75 to 0.99), respectively. Sixty-two percent of the preweaning pup losses at Amchitka occurred within a month of parturition and 79% within two months. Postweaning survival was also low at Amchitka as only 18% of instrumented pups were known to be alive one year after mother-pup separation. Adult survival rates appeared similar at Amchitka and Kodiak. Factors affecting survival early in life thus are a primary demographic mechanism of population regulation in sea otters. By maintaining uniformly high reproductive rates over lime and limiting investment in any particular reproductive event, sea otters can take advantage of unpredictable environmental changes favorable to pup survival. This strategy is consistent with predictions of bet-hedging life history models.",10.1034/j.1600-0706.2000.900304.x,Wright et al,WOS:000089830000004,"[""Animalia""]","[""Chordata""]","[""Mammalia""]","[""Carnivora""]","[""Enhydra lutris""]","[""Enhydra""]"
ENHANCED GREENHOUSE CLIMATE-CHANGE AND ITS POTENTIAL EFFECT ON SELECTED FAUNA OF SOUTH-EASTERN AUSTRALIA - A TREND ANALYSIS,"It has been predicted that enhanced greenhouse climate change will modify the global climate and consequently cause large-scale changes to the distribution of flora and fauna. This study examined the potential effect of enhanced greenhouse climate change on the distribution of 42 species of fauna of south-eastern Australia. The best available information regarding faunal distributions and predictive models for bioclimatic ranges was used in conjunction with the accepted enhanced greenhouse climate scenarios for 1990. Move recent developments that refine the potential climatic changes are discussed in I elation to the analysis. The 42 species of fauna were selected from the major Victorian bioclimatic regions and ecosystems and from species considered most at risk from enhanced greenhouse climate change. Most were species with a threatened conservation status. The results indicate that 41 undergo a reduction in bioclimatic range in response to climatic warming, the most extreme response being the extinction of bioclimatic range. A broadscale subcontinental analysis of the potential effects on faunal distribution is presented.",10.1016/0006-3207(94)00016-J,Urban et al,WOS:A1995RA24200001,"[""Animalia""]","[""Chordata""]","[""Mammalia""]",,,
The role of feral mammals on wildlife infectious disease prevalence in two nature reserves within Mexico City limits,"Wild and feral medium-sized mammals were live trapped at two natural protected areas within the Mexico City limits to determine antibody prevalence for the most common infectious diseases (rabies, toxoplasmosis, and canine parvovirus) in dogs and cats. Mammals were trapped during the dry (March-April) and rainy seasons (July-August) of 1996 and 1997. A total of 68 individuals were captured, representing 8 species: opossums (Didelphis virginiana), ringtails (Bassariscus astutus), spotted skunks (Spilogale gracilis), weasels (Mustela frenata), rock squirrels (Spermophilus variegatus), Mexican gray squirrels (Sciurus aureogaster), feral cats (Felis catus), and feral dogs (Canis familiaris). There was marked seroprevalence for parvovirus (86.6%) and lower seroprevalences for both toxoplasma (23.9%) and rabies (17.9%). There were no significant prevalence differences among mammals in both protected areas, which were of contrasting size and isolation (i.e., small and isolated versus large and nonisolated). We suggest that high seroprevalence of these three infectious agents in wild mammals is a result of the high densities of feral dogs and cats in the two areas sampled. Feral dogs are able to maintain the infectious agents in these localities regardless of the protected area size and isolation. However, the native mammals of the small and isolated reserve are more vulnerable to infectious diseases because of small population size and genetic bottlenecks. Our results indicate that natural areas in and around Mexico City are a refugium for latent infectious agents, several of which are zoonotic. These findings suggest that conservation measures, such as eradication of feral mammals and vaccination programs, in the protected areas and surrounding areas could be beneficial.",10.1638/04-078.1,Wright et al,WOS:000234118300015,"[""Animalia""]","[""Chordata""]","[""Mammalia""]","[""Carnivora""]","[""Mustela frenata""]","[""Mustela""]"
A comparative analysis of polybrominated diphenyl ethers and polychlorinated biphenyls in southern sea otters that died of infectious diseases and noninfectious causes,"Southern sea otters (Enhydra lutris nereis) from the California coast continue to exhibit a slower population regrowth rate than the population in Alaska. Infectious diseases have been identified as a frequent cause of death. Infectious diseases caused by varied pathogens including bacteria, fungi, and parasites were suggestive of compromised immunological health of mature animals in this population. To test the hypothesis that elevated exposure to immunotoxic contaminants such as polybrominated diphenyl ethers (PBDEs) and polychlorinated biphenyls (PCBs) contribute to disease susceptibility via immunosuppression, we determined concentrations of PBDEs and PCBs in livers of 80 adult female sea otters that died of infectious diseases, noninfectious causes, or emaciation. Concentrations of PBDEs and PCBs in sea otter livers varied widely (10-26,800 ng/g and 81-210,000 ng/g, lipid weight, respectively). Concentrations of PBDEs in sea otters were some of the highest values reported for marine mammals so far. Although PCB concentrations in sea otters have declined during 1992-2002, the mean concentration was at the threshold at which adverse health effects are elicited. Concentrations of PBDEs and PCBs were significantly correlated, suggesting co-exposure of these contaminants in sea otters. No significant association was found between the concentrations of PBDEs and the health status of sea otters. Concentrations of PCBs were significantly higher in otters in the infectious disease category than in the noninfectious category, suggesting an association between elevated PCB concentrations and infectious diseases in Southern sea otters.",10.1007/s00244-006-0251-8,Wright et al,WOS:000247426600020,"[""Animalia""]","[""Chordata""]","[""Mammalia""]","[""Carnivora""]","[""Enhydra lutris""]","[""Enhydra""]"
High liver content of polybrominated diphenyl ether (PBDE) in otters (Lutra lutra) from England and Wales,"Polybrominated diphenyl ethers (PBDEs), used as flame retardants since the 1970s, are being phased out of use, but are persistent and widespread in the environment. Historical declines in Eurasian otter (Lutra lutra) populations have been associated with exposure to dieldrin and polychlorinated biphenyls (PCBs), but links with other persistent organic pollutants have not been explored. In this study, liver samples from 129 otters, collected across England and Wales from 1995-2006, were analysed for PBDEs, together with PCBs, DDT breakdown products, and hexachlorobenzene. Associations with geographical location and life history parameters were explored. Concentrations of PBDEs in otters (Sigma BDE 12-70000 ng g(-1) lipid) paralleled those measured in marine mammals, with PBDE-47 the dominant congener and high levels of PBDE-99 and -100. Otter livers contained high concentrations of PBDE-153 and -209, typical of terrestrial top predators. Inter-individual variation in PBDE concentrations was high and correlated with geographical location. Sigma PBDE was 25% of Sigma PCB, and comparable with Sigma DDT, identifying PBDEs as a major contaminant in otter populations in England and Wales. (c) 2014 Elsevier Ltd. All rights reserved.",10.1016/j.chemosphere.2014.06.051,Wright et al,WOS:000346953700011,"[""Animalia""]","[""Chordata""]","[""Mammalia""]","[""Carnivora""]","[""Lutra lutra""]","[""Lutra""]"
Could residual oil from the Exxon Valdez spill create a long-term population sink for sea otters in Alaska?,"Over 20 years ago, the Exxon Valdez oil tanker spilled 42 million L of crude oil into the waters of Prince William Sound, Alaska, USA. At the time of the spill, the sea otter (Enhydra lutris) population inhabiting the spill area suffered substantial acute injuries and loss. Subsequent research has resulted in one of the best-studied species responses to an oil spill in history. However, the question remains: Is the spill still influencing the Prince William Sound sea otter population? Here we fit time-varying population models to data for the sea otter population of western Prince William Sound to quantify the duration and extent of mortality effects from the spill. We hypothesize that the patchy nature of residual oil left in the environment has created a source-sink population dynamic. We fit models using the age distributions of both living and dying animals and estimates of sea otter population size to predict the number of sea otters in the hypothesized sink population and the number lost to this sink due to chronic exposure to residual oil. Our results suggest that the sink population has remained at just over 900 individuals (95% CI: 606-960) between 1990 and 2009, during which time prime-age survival remained 2-6% below pre-spill levels. This reduced survival led to chronic losses of; 900 animals over the past two decades, which is similar in magnitude to the number of sea otter deaths documented in western Prince William Sound during the acute phase of the spill. However, the unaffected source population appears to be counterbalancing these losses, with the model indicating that the sea otter population increased from; 2150 individuals in 1990 to nearly 3000 in 2009. The most optimistic interpretation of our results suggests that mortality effects dissipated between 2005 and 2007. Our results suggest that residual oil can affect wildlife populations on time scales much longer than previously believed and that cumulative chronic effects can be as significant as acute effects. Further, source-sink population dynamics can explain the slow recovery observed in the spill-affected western Prince William Sound sea otter population and are consistent with available data.",10.1890/11-0152.1,Wright et al,WOS:000299166300007,"[""Animalia""]","[""Chordata""]","[""Mammalia""]","[""Carnivora""]","[""Enhydra lutris""]","[""Enhydra""]"
Monitoring Great Ape and Elephant Abundance at Large Spatial Scales: Measuring Effectiveness of a Conservation Landscape,"Protected areas are fundamental to biodiversity conservation, but there is growing recognition of the need to extend beyond protected areas to meet the ecological requirements of species at larger scales. Landscape-scale conservation requires an evaluation of management impact on biodiversity under different land-use strategies; this is challenging and there exist few empirical studies. In a conservation landscape in northern Republic of Congo we demonstrate the application of a large-scale monitoring program designed to evaluate the impact of conservation interventions on three globally threatened species: western gorillas, chimpanzees and forest elephants, under three land-use types: integral protection, commercial logging, and community-based natural resource management. We applied distance-sampling methods to examine species abundance across different land-use types under varying degrees of management and human disturbance. We found no clear trends in abundance between land-use types. However, units with interventions designed to reduce poaching and protect habitats irrespective of land-use type - harboured all three species at consistently higher abundance than a neighbouring logging concession undergoing no wildlife management. We applied Generalized-Additive Models to evaluate a priori predictions of species response to different landscape processes. Our results indicate that, given adequate protection from poaching, elephants and gorillas can profit from herbaceous vegetation in recently logged forests and maintain access to ecologically important resources located outside of protected areas. However, proximity to the single integrally protected area in the landscape maintained an overriding positive influence on elephant abundance, and logging roads - even subject to anti-poaching controls - were exploited by elephant poachers and had a major negative influence on elephant distribution. Chimpanzees show a clear preference for unlogged or more mature forests and human disturbance had a negative influence on chimpanzee abundance, in spite of anti-poaching interventions. We caution against the pitfalls of missing and confounded co-variables in model-based estimation approaches and highlight the importance of spatial scale in the response of different species to landscape processes. We stress the importance of a stratified design-based approach to monitoring species status in response to conservation interventions and advocate a holistic framework for landscape-scale monitoring that includes smaller-scale targeted research and punctual assessment of threats.",10.1371/journal.pone.0010294,Benitez lopez et al,WOS:000277079300006,"[""Animalia""]","[""Chordata""]","[""Aves""]","[""Primates"", ""Proboscidea""]","[""Gorilla gorilla"", ""Loxodonta africana"", ""Pan troglodytes""]",
"Food habits of wolverine Gulo gulo in montane ecosystems of British Columbia, Canada","We examined the seasonal food habits of wolverine Gulo gulo in subboreal and interior wet-belt montane environments in British Columbia by analyzing scats collected during the course of two concurrent wolverine studies. Understanding foraging ecology for a wide-ranging carnivore such as the wolverine is important, particularly because reproduction has been demonstrated to be closely linked to food abundance. Wolverine diet was shown to vary regionally and seasonally. Regional variation was related to differences in prey availability between study areas. Moose Alces alces, caribou Rangifer tarandus, and hoary marmots Marmota caligata were abundant and common prey items within both study areas. Mountain goats Oreamnos americanus and porcupine Erithizon dorsatum were more abundant and more frequent prey items in the Columbia Mountains, while snowshoe hare Lepus americanus and beaver Castor canadensis were more abundant and more frequent prey items in the Omineca Mountains. Within the winter season, diet choices by reproductive females were different than other sex and age classes. Caribou, hoary marmots and porcupines were found in significantly higher frequencies in the diet of reproductive females. Foraging observations concurred with the findings of scat analyses. Dependence of reproductive females on a species of current conservation concern (caribou) and one which could be affected by issues related to climate change (hoary marmot) may present conservation issues for wolverines in the future.",10.2981/0909-6396(2007)13[31:FHOWGG]2.0.CO;2,Wright et al,WOS:000250588600004,"[""Animalia""]","[""Chordata""]","[""Mammalia""]","[""Carnivora""]","[""Gulo gulo""]","[""Gulo""]"
"Assessment of the sustainability of wolverine harvest in British Columbia, Canada","Wolverines (Gulo gulo) are distributed across much of northern and western Canada and Alaska, USA, and they extend south into the mountainous western United States. Wolverines occur in most regions of British Columbia, Canada, with the highest population densities occurring in the interior mountainous areas. Wolverine populations in British Columbia have been primarily managed to provide a sustainable harvest for trappers and hunters. We used spatially based population estimates, population vital rate data, and spatially based harvest data to evaluate the sustainability of wolverine harvest (trapping and hunting) from 1985 to 2004. The median annual provincial wolverine harvest from 1985 to 2004 was 172 wolverines per year (x = 174.8), which was less than the median simulated estimate of provincial recruitment (195.9 wolverines/yr; x = 209.7). Harvests in individual population units ranged from 0 to 280 over the 20-year period. Spatially, wolverine harvest was likely to have been unsustainable in 15 of the 71 population units with wolverines, and it was likely to have been sustainable in the remaining population units. Harvest in 5 of the other 56 population units was marginally sustainable and thus of potential management concern. To improve harvest management of wolverines in British Columbia, wildlife managers should focus on improved data collection and monitoring at a provincial scale, and they should work with trappers and hunters at regional scales to address issues specific to individual population units. Further research is required to improve the reliability of wolverine vital rate and population data.",10.2193/2007-095,Wright et al,WOS:000249351100012,"[""Animalia""]","[""Chordata""]","[""Mammalia""]","[""Carnivora""]","[""Gulo gulo""]","[""Gulo""]"
Review and quantitative meta-analysis of diet suggests the Eurasian otter (Lutra lutra) is likely to be a poor bioindicator,"The Eurasian otter (Lutra lutra L) is a top predator in aquatic systems and plays an important role in ecosystem functioning. However, it has undergone dramatic declines throughout Europe as a result of environmental degradation. We examine the putative role of the otter as a bioindicator in Ireland which remains a stronghold for the species and affords a unique opportunity to examine variation in its ecological niche. We describe diet, using spraint contents, along rivers during 2010 and conduct a review and quantitative meta-analysis of the results of a further 21 studies. We aimed to assess variation in otter diet in relation to river productivity, a proxy for natural nutrification and anthropogenic eutrophication, and availability of salmonid prey (Salmo trutta and Salmo salar), to test the hypothesis that otter diet is related to environmental quality. Otter diet did not vary with levels of productivity or availability of salmonids whilst Compositional Analysis suggested there was no selection of salmonid over non-salmonid fish. There was a distinct niche separation between riverine and lacustrine systems, the latter being dominated by Atlantic eel (Anguilla anguilla). Otters are opportunistic and may take insects, freshwater mussels, birds, mammals and even fruit. Otters living along coasts have a greatest niche breath than those in freshwater systems which encompasses a wide variety of intertidal prey though pelagic fish are rarely taken. It is concluded that the ability of the otter to feed on a wide diversity of prey taxa and the strong influence of habitat type, renders it a poor bioindicator of environmental water quality. It seems likely that the plasticity of the habitat and dietary niche of otters, and the extent of suitable habitat, may have sustained populations in Ireland despite intensification of agriculture during the 20th century. (C) 2012 Elsevier Ltd. All rights reserved.",10.1016/j.ecolind.2012.10.017,Wright et al,WOS:000314483200002,"[""Animalia""]","[""Chordata""]","[""Mammalia""]","[""Carnivora""]","[""Lutra lutra""]","[""Lutra""]"
Genetic neighbourhood and effective population size in the endangered European mink Mustela lutreola,"Genetic neighbourhood and effective population size (N-e) are critical factors when determining the potential survival of threatened species. Carnivores have intrinsically small effective numbers, because, as top predators, they show low densities. The European mink, Mustela lutreola, is one of the most endangered carnivores in the world and has suffered continual decline and local extinctions. The genetic neighbourhood, area within which adults could randomly mate, averaged N-a = 31.7 km diameter, allowing that population size within the neighbourhood area only ranged from N-b = 16.1 to 22.8 animals. Although the population size was assessed in one of the main mink populations in the world, this neighbourhood size is far below the values regarded as critical in literature. However, in contrast with recent propositions, the ratio N-e/N only ranged between 0.09 and 0.19, estimates close to the average recognised by Frankham [(1995) Genetic Research 66: 95-107] for wildlife populations. In the context of the challenge to conserve this endangered carnivore, the studied neighbourhood provided crucial information suggesting both a low neighbourhood size and severe disturbance of breeding exchanges, emphasising the dramatically threatened status of the European mink.",10.1007/s10531-005-5051-3,Wright et al,WOS:000226929700013,"[""Animalia""]","[""Chordata""]","[""Mammalia""]","[""Carnivora""]","[""Mustela lutreola""]","[""Mustela""]"
"Geographic distribution, natural history and conservation of the lesser grison Galictis cuja (Carnivora: Mustelidae) from Central Patagonia, Argentina","The Lesser Grison, Galictis cuja, is a species widely distributed in extra-Andean Patagonia, although its records are scarce. This work was carried out in Chubut province, Central Patagonia, Argentina. Here we report new occurrence localities of G. cuja for this region; we discuss aspects of their geographical distribution and conservation in the Area Natural Protegida Peninsula Valdes (ANP-PV; World Heritage Site) and briefly explores the representation of G. cuja in carnivore assemblages of ANP-PV, since the late Holocene to the present. We added 18 new records of G. cuja in Central Patagonia. We detected a conflict between the rural residents and the Lesser Grison, which motivates the hunting of the latter. There was an apparent increase in abundance of G. cuja in the last thousands of years, concomitant with regional extinction or dramatic reduction of Lyncodon patagonicus (Carnivora, Mustelidae).",10.7550/rmb.26950,Wright et al,WOS:000313932200035,"[""Animalia""]","[""Chordata""]","[""Mammalia""]","[""Carnivora""]","[""Galictis cuja""]","[""Galictis""]"
"Distribution and occupancy of wolverines on tundra, northwestern Alaska","Understanding wildlife distribution and habitat use is needed for effectively balancing resource development, wildlife conservation, and Alaska Native subsistence on the North Slope of Alaska, USA. This region includes the National Petroleum Reserve-Alaska (NPR-A), a 96,000-km(2) remote area of largely undeveloped lands that is important for wildlife, including caribou (Rangifer tarandus), wolves (Canis lupus), and wolverines (Gulo gulo). We focused our study on spring distribution and occupancy of wolverines in the NPR-A because a baseline distribution estimate is required to understand current distribution and track changes over time. We conducted aerial surveys of wolverine tracks in snow during March and April of 2014 and 2015, surveying over 84,400 km(2) using 100-km(2) hexagonal sampling units. We used hierarchical Bayesian occupancy modeling to determine wolverine distribution and estimate probability of occupancy within each hexagon, relative to measured covariates with potential to affect either detection or occupancy. Probability of wolverine occupancy increased as well-drained soils increased, suggesting that wolverines prefer drier areas or habitat features associated with well-drained soils. In addition, as standard deviation of elevation increased, wolverine occupancy also increased, indicating that wolverines may prefer areas with more rugged and variable terrain. Mean elevation was not retained as a covariate in the best-fitting model, supporting the importance of terrain ruggedness rather than elevation on wolverine distribution within the NPR-A. Spatially, areas of highest wolverine occupancy occurred within the southern and northeastern portions of the study area, with lowest occupancy in the northern portion of the study area west of Teshekpuk Lake. Based on the spatial pattern of wolverine probability of occupancy, we proposed 4 potential wolverine management zones with varying priorities for monitoring and managing wolverine populations. (c) 2018 The Wildlife Society. We used wolverine detection data from aerial surveys of wolverine tracks in snow across our study area on the North Slope of Alaska to model wolverine occupancy in the region with respect to measured habitat covariates. We found that wolverine occupancy showed a strong spatial pattern, with higher occupancy in areas with drier soils and more rugged elevation, and proposed 4 potential wolverine management zones based on occupancy values across the region.",10.1002/jwmg.21439,Wright et al,WOS:000435816100013,"[""Animalia""]","[""Chordata""]","[""Mammalia""]","[""Carnivora""]","[""Gulo gulo""]","[""Gulo""]"
FECAL GENOTYPING AND CONTAMINANT ANALYSES REVEAL VARIATION IN INDIVIDUAL RIVER OTTER EXPOSURE TO LOCALIZED PERSISTENT CONTAMINANTS,"The present study investigated polyhalogenated aromatic hydrocarbon (PHAH) concentrations in feces of known river otters (Lontra canadensis) along the coast of southern Vancouver Island, British Columbia, Canada. Specifically, we combined microsatellite genotyping of DNA from feces for individual identification with fecal contaminant analyses to evaluate exposure of 23 wild otters to organochlorine pesticides (OCPs), polychlorinated biphenyls (PCBs), and polybrominated diphenylethers (PBDEs). Overall, feces collected from otters in urban/industrial Victoria Harbor had the greatest concentrations of nearly all compounds assessed. Fecal concentrations of OCPs and PBDEs were generally low throughout the region, whereas PCBs dominated in all locations. Re-sampling of known otters over space and time revealed that PCB exposure varied with movement and landscape use. Otters with the highest fecal PCB concentrations were those inhabiting the inner reaches of Victoria Harbor and adjacent Esquimalt Harbor, and those venturing into the harbor systems. Over 50% of samples collected from eight known otters in Victoria Harbor had total-PCB concentrations above the maximum allowable concentration as established for Eurasian otter (Lutra lutra) feces, with a geometric mean value (16.6 mg/kg lipid wt) that exceeded the reproductive toxicity threshold (9 mg/kg lipid wt). Those results are consistent with our findings from 1998 and 2004, and indicate that the harbors of southern Vancouver Island, particularly Victoria Harbor, are a chronic source of PCB exposure for otters. The present study further demonstrates the suitability of using otter feces as a noninvasive/destructive biomonitoring tool in contaminant studies, particularly when sampling of the same individuals at the local population-level is desired. Environ. Toxicol. Chem. 2010;29:275-284. (C) 2009 SETAC",10.1002/etc.53,Wright et al,WOS:000274272500006,"[""Animalia""]","[""Chordata""]","[""Mammalia""]","[""Carnivora""]","[""Lontra canadensis""]","[""Lontra""]"
Population subdivision and peripheral isolation in American badgers (Taxidea taxus) and implications for conservation planning in Canada,"In Canada, three subspecies of American badgers (Taxidea taxus (Schreber, 1777)) traditionally are identified; two of which are listed as endangered because of their restricted geographic range and low population sizes. To verify their subspecific designations and genetic insularity, we analyzed mitochondrial control region sequences within and among badger subspecies (Taxidea taxus jacksoni Schantz, 1946, Taxidea taxus jeffersonii (Harlan, 1825), and Taxidea taxus taxus (Schreber, 1777)) from nine locations in Canada and bordering United States. Although subspecies designations were supported (a priori subspecific designations, n = 3, AMOVA: F-ST = 0.40, p < 0.001), insular populations also were found within subspecific ranges as shown by spatial analysis of molecular variation, which suggested that our sample set consisted of five genetic groups (F-ST = 0.39, p < 0.001). These five distinct groupings included the subdivision of T. t. jeffersonii on either side of the Selkirk Mountains, and of T t. jacksoni in the western part of its range grouping more closely with T. t. taxi's of Manitoba. These results indicate that endangered populations of badgers may be more segregated than previously identified using morphological characteristics as proxies for subspecific designation. These results have important implications for the conservation of badgers in Canada, particularly of the two endangered subspecies.",10.1139/Z2012-029,Wright et al,WOS:000304733000010,"[""Animalia""]","[""Chordata""]","[""Mammalia""]","[""Carnivora""]","[""Taxidea taxus""]","[""Taxidea""]"
Effects of disturbance on forest carnivores of conservation concern in eastern Oregon and Washington,"The effects on forest carnivores of forest insects, tree diseases, wildfire, and management strategies designed to improve forest health (e.g., thinning, salvage operations, prescribed bums, and road removal) are discussed. Forest carnivores of conservation concern in eastern Oregon and Washington include the Canada lynx (Lynx canadensis), wolverine (Gulo gulo), and fisher (Manes pennanti). All three species depend to some degree on forest structures, stands, and landscapes created by insects, disease, and fire. Wildfire and insect outbreaks maintain a mosaic of structural stages across the landscape that are used by lynx. Thinning of dense lodgepole pine (Pines contorta) stands that result largely from wildfire and insect outbreaks is detrimental to snowshoe hares (Lepus americanus), which are the primary prey of lynx. Fishers use large stands of mature forest and snags, hollow five trees, logs, stumps, witches-brooms, and other structures for rest and den sites. Salvage harvesting, thinning and conversion from predominantly fir stands to ponderosa pine (Pines ponderosa) may adversely affect habitat conditions for fishers. Use of roads is perhaps most detrimental to wolverines because they are easily trapped and avoid humans.",,Wright et al,WOS:000172892400021,"[""Animalia""]","[""Chordata""]","[""Mammalia""]","[""Carnivora""]","[""Gulo gulo"", ""Pekania pennanti""]","[""Gulo"", ""Pekania""]"
Factors influencing the distribution of large mammals within a protected central African forest,"This paper presents the analyses of data obtained from eight permanent 20 km transects to determine the relative effect of local human populations and ecological factors on the distribution of large mammals within the Dzanga sector of the Dzanga-Ndoki National Park and the adjacent area of the Dzanga-Sangha Dense Forest Special Reserve in south-west Central African Republic. Principal component analysis indicated that human activities significantly influence the distribution of large mammals, even within this protected area. Distance from the village and the main road as well as the distance from secondary roads appeared to have the greatest influence. Elephants in particular were significantly less common in areas related to human use. Our study showed that poachers use roads, both primary and secondary, to penetrate into the National Park. Thus increasing anti-poaching efforts along these roads could be an effective protection measure.",10.1017/S0030605305001080,Benitez lopez et al,WOS:000234153500009,"[""Animalia""]","[""Chordata""]","[""Aves""]","[""Cetartiodactyla"", ""Primates"", ""Proboscidea""]","[""Cephalophus callipygus, C. dorsalis, C. leucogaster and C. nigrifrons"", ""Cercocebus agilis"", ""Cercopithecus cephus"", ""Cercopithecus nictitans"", ""Cercopithecus pogonias"", ""Gorilla gorilla"", ""Lophocebus albigena"", ""Loxodonta africana"", ""Pan troglodytes"", ""Philantomba monticola""]",
Wildlife Mortality Investigation and Disease Research: Contributions of the USGS National Wildlife Health Center to Endangered Species Management and Recovery,"The U. S. Geological Survey-National Wildlife Health Center (NWHC) provides diagnostic services, technical assistance, applied research, and training to federal, state, territorial, and local government agencies and Native American tribes on wildlife diseases and wildlife health issues throughout the United States and its territories, commonwealth, and freely associated states. Since 1975, > 16,000 carcasses and specimens from vertebrate species listed under the Endangered Species Act have been submitted to NWHC for determination of causes of morbidity or mortality or assessment of health/disease status. Results from diagnostic investigations, analyses of the diagnostic database, technical assistance and consultation, field investigation of epizootics, and wildlife disease research by NWHC wildlife disease specialists have contributed importantly to the management and recovery of listed species.",10.1007/s10393-013-0897-4,Wright et al,WOS:000332375100014,"[""Animalia""]","[""Chordata""]","[""Mammalia""]","[""Carnivora""]","[""Mustela nigripes""]","[""Mustela""]"
A POPULATION SURVEY OF FOREST ELEPHANTS (LOXODONTA-AFRICANA-CYCLOTIS) IN NORTHERN CONGO,From February to April of 1989 transects were run in four forested areas of northern Congo (Brazzaville) to census elephant populations using dung counts. A total of 401.0 km of line transects was completed during the survey. An overall extrapolated density of 0.7 elephants/km2 was obtained with a variation from 0.3 to 0.9 elephants/km2. This study shows for the first time that elephants occur in high densities in a number of sites in northern Congo. When elephant dung density is plotted against distance from the nearest village for each transect a significant positive linear correlation results. Based on this correlation we hypothesize that the population of elephants in much of northern Congo is high. Local reports and our own observations indicate that elephant poaching is heavy in northern Congo and that the CITES ban on trade in African elephant ivory has had a limited effect on the level of poaching.,10.1111/j.1365-2028.1991.tb01000.x,Benitez lopez et al,WOS:A1991HC73800001,"[""Animalia""]","[""Chordata""]","[""Aves""]","[""Proboscidea""]","[""Loxodonta africana""]",
Hunting of mammals reduces seed removal and dispersal of the afrotropical tree Antrocaryon klaineanum (Anacardiaceae),"Throughout the tropics, mammalian seed dispersers are being driven to local extinction by intense hunting pressure, generating concern not only about the loss of these species, but also about the consequences for the plants they disperse. We compared two rain forest sites in Cameroon-one with heavy hunting pressure and one protected from hunting-to appraise the loss of mammalian seed dispersers and to assess the impact of this loss on seed removal and seed dispersal of Antrocaryon klaineanum (Anacardiaceae), a mammal-dispersed tree. Surveys of arboreal frugivores indicate that three of the five monkey species, as well as chimpanzee and gorilla, have been extirpated from the hunted forest. Diaspore counts underneath A. klaineanum adults (six trees per site) indicate that seed removal is severely reduced in the hunted forest. Finally, genetic maternity exclusion analysis (using 3-7 nuclear microsatellite loci) of maternally inherited endocarp tissue from diaspores collected under the canopies of 12 fruiting mother trees (six trees per site) revealed that seed dispersal in the hunted forest is also greatly reduced. In the hunted forest with reduced mammal dispersal agents, only 1 of the 53 assayed endocarps (2%) did not match the mother and was determined to be from a dispersed diaspore. By contrast, in the protected forest, 20 of the 48 assayed endocarps (42%) were from dispersed diaspores. This study provides strong evidence that loss of dispersal agents can lead to reduced seed removal and loss of seed dispersal, disrupting the seed dispersal cycle.",10.1111/j.1744-7429.2007.00275.x,Benitez lopez et al,WOS:000245939300006,"[""Animalia""]","[""Chordata""]","[""Aves""]","[""Primates""]","[""Cercopithecus cephus"", ""Cercopithecus nictitans"", ""Cercopithecus pogonias"", ""Colobus guereza"", ""Lophocebus albigena"", ""Pan troglodytes""]",
ORGANOCHLORINE PESTICIDE-RESIDUES AND PCBS IN DANISH OTTERS (LUTRA-LUTRA),"Tissues (71 liver, 2 muscle) of 73 otters found dead in Denmark between 1980 and 1990 were analyzed for organochlorine pesticide residues and PCBs. Geometric means of contaminant concentrations were generally low, but some otters had PCB concentrations considered to be of concern; a greater proportion of these came from isolated populations away from the main population centre in Limfjord. Animals dying of unknown causes had greater concentrations of PCBs than those dying by drowning or in traffic accidents. Adults had significantly higher concentrations of PCBs. Contaminant concentrations were strongly intercorrelated. Concentrations of DDE and PCBs declined significantly during the study period. A sample of otter spraints (faeces) collected in 1990 had low mean concentrations of contaminants. It is concluded that current concentrations of organochlorine pesticide residues and PCBs are unlikely to pose a threat to otter populations.",10.1016/0048-9697(93)90113-K,Wright et al,WOS:A1993LA92200004,"[""Animalia""]","[""Chordata""]","[""Mammalia""]","[""Carnivora""]","[""Lutra lutra""]","[""Lutra""]"
Enzootic Plague Reduces Black-Footed Ferret (Mustela nigripes) Survival in Montana,"Black-footed ferrets ( Mustela nigripes) require extensive prairie dog colonies (Cynomys spp.) to provide habitat and prey. Epizootic plague kills both prairie dogs and ferrets and is a major factor limiting recovery of the highly endangered ferret. In addition to epizootics, we hypothesized that enzootic plague, that is, presence of disease-causing Yersinia pestis without any noticeable prairie dog die off, may also affect ferret survival. We reduced risk of plague on portions of two ferret reintroduction areas by conducting flea control for 3 years. Beginning in 2004, about half of the ferrets residing on dusted and nondusted colonies were vaccinated against plague with an experimental vaccine (F1-V fusion protein). We evaluated 6-month reencounter rates ( percentage of animals observed at the end of an interval that were known alive at the beginning of the interval), an index to survival, for ferrets in four treatment groups involving all combinations of vaccination and flea control. For captive-reared ferrets ( 115 individuals observed across 156 time intervals), reencounter rates were higher for vaccinates (0.44) than for nonvaccinates (0.23, p = 0.044) on colonies without flea control, but vaccination had no detectable effect on colonies with flea control ( vaccinates 0.41, nonvaccinates 0.42, p = 0.754). Flea control resulted in higher reencounter rates for nonvaccinates (p = 0.026), but not for vaccinates (p = 0.508). The enhancement of survival due to vaccination or flea control supports the hypothesis that enzootic plague reduces ferret survival, even when there was no noticeable decline in prairie dog abundance. The collective effects of vaccination and flea control compel a conclusion that fleas are required for maintenance, and probably transmission, of plague at enzootic levels. Other studies have demonstrated similar effects of flea control on several species of prairie dogs and, when combined with this study, suggest that the effects of enzootic plague are widespread. Finally, we demonstrated that the experimental F1-V fusion protein vaccine provides protection to ferrets in the wild.",10.1089/vbz.2009.0053,Wright et al,WOS:000274526200005,"[""Animalia""]","[""Chordata""]","[""Mammalia""]","[""Carnivora""]","[""Mustela nigripes""]","[""Mustela""]"
Historical and Contemporary DNA Indicate Fisher Decline and Isolation Occurred Prior to the European Settlement of California,"Establishing if species contractions were the result of natural phenomena or human induced landscape changes is essential for managing natural populations. Fishers (Martes pennanti) in California occur in two geographically and genetically isolated populations in the northwestern mountains and southern Sierra Nevada. Their isolation is hypothesized to have resulted from a decline in abundance and distribution associated with European settlement in the 1800s. However, there is little evidence to establish that fisher occupied the area between the two extant populations at that time. We analyzed 10 microsatelliteloci from 275 contemporary and 21 historical fisher samples (1880-1920) to evaluate the demographic history of fisher in California. We did not find any evidence of a recent (post-European) bottleneck in the northwestern population. In the southern Sierra Nevada, genetic subdivision within the population strongly influenced bottleneck tests. After accounting for genetic subdivision, we found a bottleneck signal only in the northern and central portions of the southern Sierra Nevada, indicating that the southernmost tip of these mountains may have acted as a refugium for fisher during the anthropogenic changes of the late 19th and early 20th centuries. Using a coalescent-based Bayesian analysis, we detected a 90% decline in effective population size and dated the time of decline to over a thousand years ago. We hypothesize that fisher distribution in California contracted to the two current population areas pre-European settlement, and that portions of the southern Sierra Nevada subsequently experienced another more recent bottleneck post-European settlement.",10.1371/journal.pone.0052803,Wright et al,WOS:000313618800150,"[""Animalia""]","[""Chordata""]","[""Mammalia""]","[""Carnivora""]","[""Pekania pennanti""]","[""Pekania""]"
"The use of hydroelectric lakes by giant otters Pteronura brasiliensis:: Balbina lake in central Amazonia, Brazil","Data on the occurrence and habitat use of giant otters Pteronura brasiliensis in the 4,437 km(2) of Balbina hydroelectric take in central Amazonia, Brazil, were collected from September 2001 to December 2005. Twenty-nine groups of giant otters were recorded in an area corresponding to 10% of the total reservoir. Despite the fact that it is a hydroelectric lake, the water level can vary annually by up to 3.5 m with the Amazonian seasonal flood pulse. A total of 210 dens, communal latrines and campsites of giant otters were located. An average of 37% of the dens observed were classified as in use, and the species was recorded in the lake throughout the year. Giant otters started their daily activities between 05.23 and 08.05. The average height of den openings was 28.77 +/- SD 10.00 cm, with an average width of 56.11 +/- SD 19.17 cm. Births in Balbina occur mainly during the period of high and receding water level, as reported for giant otters in other Amazonian areas. There are at least two conditions that enable the species to inhabit hydroelectric reservoirs: (1) presence of the species in the area before dam construction and (2) absence or low numbers of human communities around the reservoir. The potential use of hydroelectric lakes for the conservation of the giant otter in the Amazon is discussed.",10.1017/S0030605307005121,Wright et al,WOS:000252295300022,"[""Animalia""]","[""Chordata""]","[""Mammalia""]","[""Carnivora""]","[""Pteronura brasiliensis""]","[""Pteronura""]"
The effects of hexachlorobenzene on mink in the Canadian environment: An ecological risk assessment,"Hexachlorobenzene (HCB) is a persistent substance that accumulates in tissues and biomagnifies up the food chain suggesting that biota at higher trophic levels (e.g., predatory birds and piscivorous mammals) are at the greatest risk of exposure. Although widespread, the highest levels of HCB in Canada are found in the Great Lakes and connecting channels. Because mink (Mustela vison) are piscivorous mammals known to be particularly sensitive to the effects of organochlorine substances, we assessed whether mink populations in the Great Lakes area are experiencing adverse effects as a result of exposure to HCB. A deterministic, deliberately hyperconservative analysis indicated that recent levels of HCB in air, water, and aquatic organisms are unlikely to pose a significant risk to mink living near Lakes St. Clair, Erie and Superior. The hazard quotients for the St. Clair River area near Sarnia and Lake Ontario, however, indicated potential risks. We conducted Monte Carlo simulations to estimate the probability that mink exposed to HCB in these areas are experiencing reproductive impairment. The results of these analyses indicate: (1) a moderate to high probability that mink in the St. Clair River area are experiencing 5 to 20% declines in reproductive success due to HCB exposure, and (2) a low probability (<15%) that mink near Lake Ontario are experiencing even modest declines in reproductive fecundity (>5%).",10.1002/etc.5620160526,Wright et al,WOS:A1997WX06500026,"[""Animalia""]","[""Chordata""]","[""Mammalia""]","[""Carnivora""]","[""Neovison vison""]","[""Mustela""]"
Genetic analysis of Eurasian otters (Lutra lutra) reveals high admixture in Finland and pronounced differentiation in Sweden,"A number of mammal species in Europe, including the Eurasian otter (Lutra lutra), have experienced a decline in population size in the 20th century due to persecution, environmental pollution and ongoing habitat fragmentation. This has often led to a substantial loss of genetic diversity which may threaten population viability. While otters have been studied in some detail genetically, the northern part of the Fennoscandian range has not been covered well so far. By explicitly focussing on the genetics of otter populations from northern Sweden and Finland we aimed at closing that gap. To infer their genetic structure and diversity, we analysed sequences of the mitochondrial control region and 12 nuclear microsatellite markers in 197 Eurasian otters from Sweden and Finland. Variability of the mitochondrial control region was low overall but still revealed previously undetected haplotypes unique to the Finnish otter population. Expected heterozygosities in Fennoscandia were within the range previously reported. Bayesian cluster analysis of our microsatellite data revealed genetic structuring of the Swedish otter populations. In contrast, we observed a high degree of admixture among the Finnish populations that we also found at the geographic border of the two countries (Lapland). Admixed ancestry in Finnish otters suggests that gene flow from the Swedish to Central European populations is potentially facilitated via the Finnish otter populations connecting the Swedish animals with otter populations in mainland Europe. (C) 2014 Deutsche Gesellschaft fur Saugetierkunde. Published by Elsevier GmbH. All rights reserved.",10.1016/j.mambio.2014.09.005,Wright et al,WOS:000348892400007,"[""Animalia""]","[""Chordata""]","[""Mammalia""]","[""Carnivora""]","[""Lutra lutra""]","[""Lutra""]"
"Hunting or habitat degradation? Decline of primate populations in Udzungwa Mountains, Tanzania: An analysis of threats","Hunting and habitat degradation are universal threats to primates across the tropics, thus deciphering the relative impact of threats on population relative abundance is critical to predicting extinction risk and providing conservation recommendations. We studied diurnal primates over a period of nearly 6 years in the Udzungwa Mountains of Tanzania, a site of global importance for primate conservation. We assessed how population relative abundance of five species (of which two are endemic and IUCN-Endangered) differed between two forest blocks that are similar in size and habitat types but contrast strongly in protection level, and how abundance changed during 2004-2009. We also measured habitat and disturbance parameters and, in the unprotected forest, evaluated hunting practices. We found significant differences in primates' abundance between protected and unprotected forests, with the greater contrast being the lower abundance of colobine monkeys (Udzungwa red colobus and Angolan colobus) in the unprotected forest. At this site moreover, colobines declined to near-extinction over the study period. In contrast, two cercopithecines (Sanje mangabey and Sykes' monkey) showed slightly higher abundance in the unprotected forest and did not decline significantly. We argue that escalating hunting in the unprotected forest has specifically impacted the canopy-dwelling colobus monkeys, although habitat degradation may also have reduced their abundance. In contrast, cercopithecines did not seem affected by the current hunting, and their greater ecological adaptability may explain the relatively higher abundance in the unprotected forest. We provide recommendations towards the long-term protection of the area. (C) 2011 Elsevier Ltd. All rights reserved.",10.1016/j.biocon.2011.09.017,Benitez lopez et al,WOS:000301814300010,"[""Animalia""]","[""Chordata""]","[""Aves""]","[""Primates""]","[""Cercocebus sanjei"", ""Cercopithecus mitis"", ""Colobus angolensis"", ""Papio cynocephalus"", ""Procolobus gordonorum""]",
Human caused mortality in the endangered Scandinavian wolverine population,"The wolverine is a relatively long lived mustelid species with low average annual reproduction which in theory makes them sensitive to changes in survival rates. In a multi-year study we monitored 211 radio-marked wolverines to estimate age-specific survival rates and mortality causes in an endangered population. Our data suggests that poaching forms a substantial part of wolverine population dynamics in northern Scandinavia causing up to 60% of adult mortality. Average annual adult survival rate was 0.91. Male and female survival rates did not differ. Twenty-five adult wolverines were confirmed to have died during the study. Fifty-two percent of confirmed adult mortality was human caused. The most important cause of adult mortality was poaching (9). Annual adult survival was lower (0.86) when 15 adult resident wolverines that were assumed to have died due to poaching were included in the analyses. Natural mortality among subadults and adults was less frequent in our study population compared to North American wolverine populations. Adult survival was significantly lower during the snow season (December-May) than during the snow-free season (June-November), while natural mortality was more evenly distributed between seasons. We explain this by the frequency of poaching which is higher during snow season. Our results underline the need to frame the underlying human dimension factors behind poaching to facilitate conservation and management of endangered populations. (C) 2008 Elsevier Ltd. All rights reserved.",10.1016/j.biocon.2008.10.028,Wright et al,WOS:000263303600008,"[""Animalia""]","[""Chordata""]","[""Mammalia""]","[""Carnivora""]","[""Gulo gulo""]","[""Gulo""]"
The neglected otters in China: Distribution change in the past 400 years and current conservation status,"Freshwater biodiversity is currently facing critical threats worldwide. As top predators, otters are indicator species of ecosystem health, and flagship species for conservation in freshwater ecosystems. Three otter species - Luna lutra, Aonyx cinereus, and Lutrogale perspicillata - exist in China. They were once widely distributed but have experienced dramatic decline in the late 20th century, being listed as Class II protected animals in China. We searched in gazetteers, publications, online news, museum specimens, and camera trapping databases, and conducted questionnaire surveys to obtain otter records to reconstruct the historical (1550-1950), recent (1950-2000), and current (post-2000) distribution maps of otters in China. Unlike many other mammal species, otters' range did not contract during 1550-1950. Otters' recent and current distributions were comparable or even surpassed their historical ranges. However, applying rigorous verification criteria, only 57 sites in China were confirmed with otter occurrence since 2000. The potential distribution of L. lutra was mainly on the Tibetan Plateau and in northeast China, whereas only small and sparse patches remained in southeast China, where otters were frequently recorded in historical gazetteers. Although being endangered, otters have been neglected in China, with few research projects and no project funded by National Natural Science Foundation of China. Consequently, even wildlife experts have poor knowledge of otters. Surveys and specific research are urgently needed for otters in China. Public education is also advocated to raise awareness of otter conservation. Without sound information generated from research and urgent conservation actions, otter species will remain severely threatened in China.",10.1016/j.biocon.2018.10.028,Wright et al,WOS:000452815200029,"[""Animalia""]","[""Chordata""]","[""Mammalia""]","[""Carnivora""]","[""Aonyx cinereus"", ""Lutrogale perspicillata"", ""Lutra lutra""]","[""Aonyx"", ""Lutrogale"", ""Lutra""]"
Stock structure of sea otters (Enhydra lutris kenyoni) in Alaska.,"Sea otters in Alaska are recognized as a single subspecies (Enhydra lutris kenyoni) and currently managed as a single, interbreeding population. However, geographic and behavioral mechanisms undoubtably constrain sea otter movements on much smaller scales. This pager applies the phylogeographic method (Dizon et al. 1992) and considers distribution, population response, phenotype and genotype data to identify stocks of sea otters within Alaska. The evidence for separate stock identity is genotypic tall stocks), phenotypic (Southcentral and Southwest stocks), and geographic distribution (Southeast stock), whereas population response data are equivocal tall stocks). Differences in genotype frequencies and the presence of unique genotypes among areas indicate restricted gene flow. Genetic exchange may be limited by little or no movement across proposed stock boundaries and discontinuities in distribution at proposed stock boundaries. Skull size differences (phenotypic) between Southwest and Southcentral Alaska populations further support stock separation. Population response information was equivocal in either supporting or refuting stock identity. On the basis of this review, we suggest the following: (1) a Southeast stock extending from Dixon Entrance to Cape Yakataga; (2) a Southcentral stock extending from Cage Yakataga to Cape Douglas including Prince William Sound and Kenai peninsula cease; and (3) a Southwest stock including Alaska Peninsula coast, the Aleutians to Attu Island, Barren, Kodiak, Pribilof Islands, and Bristol Bay.",10.1111/j.1748-7692.2001.tb01009.x,Wright et al,WOS:000169318000012,"[""Animalia""]","[""Chordata""]","[""Mammalia""]","[""Carnivora""]","[""Enhydra lutris""]","[""Enhydra""]"
Washing Oiled Sea Otters,"The 1989 Exxon Valdez oil spill resulted in the death of 3,000-6,000 sea otters (Enhydra lutris) from exposure to Alaska North Slope crude oil, and the cleaning and rehabilitation of hundreds. The washing and care methods developed during that experience provided standard protocols for treatment of oiled sea otters, largely still in use 20 years later. From 2004 to 2008 at the Marine Wildlife Veterinary Care and Research Center (Santa Cruz, CA, USA), we experimentally manipulated water type (salt-fresh) and temperature, and we monitored otter physiology, behavior, and thermal properties to evaluate recovery from washing in the absence of oil. We also dipped otters in canola oil, and were able to wash one otter naturally oiled with Monterey formation crude oil, using the same methods. Providing soft freshwater in recovery pools reduced recovery time substantially. Warming the freshwater appeared to offer additional benefits in some cases. Infrared thermography and subcutaneous temperature-sensitive passive integrated transponder tags were 2 new technologies that enhanced this research. The improved washing and care methods developed have the potential to reduce the time required for recovery of water repellency of sea otter pelage. (C) 2012 The Wildlife Society.",10.1002/wsb.113,Wright et al,WOS:000209333000003,"[""Animalia""]","[""Chordata""]","[""Mammalia""]","[""Carnivora""]","[""Enhydra lutris""]","[""Enhydra""]"
Temporal and spatial dynamics of boreal forest structure in western Newfoundland: Silvicultural implications for marten habitat management,The conservation of marten (Martes americana) populations within managed forests will require planning at appropriately large temporal and spatial scales. A conceptual model of stand-level dynamics is constructed from empirical study of forests in western Newfoundland and related to the habitat requirements of resident marten. The model suggests that the critical elements of marten foraging habitat are currently found within a senescent forest stand structure. Implications of the model are discussed as they relate to landscape-level disturbance patterns. Changes in both stand-level dynamics and landscape-level phenomena indicate that intensive silviculture is necessary to promote marten habitat within managed forests in Newfoundland. We propose a density management regime designed to provide a marten habitat window within a reasonable pulpwood rotation period. The stand-level prescriptions are intended as a tool to be incorporated into an overall landscape management regime.,10.1016/S0378-1127(96)03837-6,Wright et al,WOS:A1996WA37900002,"[""Animalia""]","[""Chordata""]","[""Mammalia""]","[""Carnivora""]","[""Martes americana""]","[""Martes""]"
Winter diet of marten during a snowshoe hare decline,"We examined the winter diet of marten (Martes americana) from northern (65-67 degrees N) and southern (60-62 degrees N) regions of the western Northwest Territories from 1988-1989 to 1993-1994 during a decline in snowshoe hare (Lepus americanus) abundance that started in 1990. We used 4256 marten carcasses collected from trappers to examine changes in diet, productivity, age and sex structure of the harvest, and body and reproductive indices. Arvicoline rodents formed the greatest proportion (41-95% occurrence of total prey items) of the annual winter diet in both regions and snowshoe hares constituted 1-39% of prey items. Snowshoe hares constituted 3-64% of the diet when expressed as biomass. Dietary proportions of arvicolines increased and snowshoe hares decreased with time in the northern region but not in the southern region. Female marten took proportionately more arvicolines and males took more snowshoe hares. Juvenile marten took proportionately more snowshoe hares, while adults took more arvicolines. The proportion of juvenile marten in the harvest declined in both regions between 1991-1992 and 1993-1994. The ratio of juveniles to adult females in the harvest also declined with time in the southern region but not in the northern region. The amount of omental fat declined with time for most age and sex classes. Ovulation rates (as determined by counts of corpora lutea) declined with time among yearlings, and among adults from the southern region but not in the northern region. In utero litter size did not change. We suggest that the snowshoe hare population cycle has a significant impact on marten populations in the northern boreal forest.",10.1139/z96-053,Wright et al,WOS:A1996UE71500007,"[""Animalia""]","[""Chordata""]","[""Mammalia""]","[""Carnivora""]","[""Martes americana""]","[""Martes""]"
Summer Feeding Habits of River Otters Inhabiting a Contaminated Coastal Marine Environment,"In two recent studies, North American river otters (Lontra canadensis) inhabiting the urbanized/industrialized harbors of southern Vancouver Island, British Columbia, Canada were found to be exposed to elevated levels of environmental contaminants, primarily industry-produced polychlorinated biphenyls (PCBs). Contaminant exposure in those studies was assessed non-invasively, by measuring chemical residue concentrations in river otter feces collected from established marking sites (latrines). As river otter exposure to contaminants is primarily through their diet, our aim was to characterize river otter prey selection from feces collected at latrine sites inside the contaminated harbors and along the relatively uncontaminated coastline outside the harbor systems. Fish occurred in 95.5% of all feces analyzed, with species of gunnels (Pholidae), sculpins (Cottidae), pricklebacks (Stichaeidae), toadfish (Batrachoididae), clingfish (Gobiesocidae), flatfish (Pleuronectiformes), and snailfish (Liparidae) being the most common prey consumed. Crustaceans were the only non-fish prey identified. Feces collected outside the harbors had a higher prevalence of pricklebacks, clingfish, and greenlings, whereas feces collected inside the harbor systems had a higher prevalence of toadfish and crustaceans. Because of the diversity of the river otter's diet, prey species from each of the main families described here should be analyzed for environmental contaminants to fully characterize concentrations of persistent compounds in the food-web. Prey sampling should be location-specific (i.e., inside and outside the urban/industrial harbors) to elucidate possible location effects on contaminant exposure.",10.3955/046.084.0101,Wright et al,WOS:000274561000001,"[""Animalia""]","[""Chordata""]","[""Mammalia""]","[""Carnivora""]","[""Lontra canadensis""]","[""Lontra""]"
Monitoring mammal populations in Costa Rican protected areas under different hunting restrictions,"If is necessary to assess whether the management of protected areas is achieving the objectives set for them. In particular, changes and trends in wildlife populations should be documented. We compared the 1990 abundance of mammals in two Costa Rican protected areas Corcovado National Park (CNP) and Golfo Dulce Forest Reserve (GDFR), with similar environmental characteristics bat different hunting restrictions and levels of protection. We also monitored the abundance of mammals in CNP over a 4-year period. We also devised an inexpensive method of monitoring tropical rainforest mammal populations in a timely and efficient manner. The method is based on the use of mammal track records and arboreal mammal sightings and requires little effort. With this method 20 mammal species were recorded at CNP and 15 at GDFR. Species were consistently less abundant in GDFR than in CNP, principally those species preferred by hunters. Species were grouped according to whether or not they are used as food and whether they are locally or globally threatened or not threatened. The abundance of all these groups of species in GDFR was 6-28% the abundance in CNP. During 1990-1994, overall mammal abundance in CNP remained relatively stable, but there was considerable variability among species. As a group, both species used for food and globally threatened species declined in abundance during that period in CNP. The abundance of all groups of species declined from 1992 to 1994, coinciding with a reduction in hunting vigilance at CNP. Evidence suggests that the main factor differentiating the abundance of mammals in the two protected areas, and at CNP during the study period, was the level of hunting. Golfo Dulce Forest Reserve seems to be achieving only partial success in protecting wildlife, whereas Corcovado National Park seems to be considerably more effective, although not entirely successful.",10.1046/j.1523-1739.2000.99103.x,Benitez lopez et al,WOS:000166035800007,"[""Animalia""]","[""Chordata""]","[""Aves""]","[""Primates"", ""Rodentia"", ""Cingulata"", ""Didelphimorphia"", ""Carnivores"", ""Cetartiodactyla"", ""Pilosa"", ""Perissodactyla""]","[""Alouatta palliata"", ""Ateles geoffroyi"", ""Cebus capuchinus"", ""Cuniculus paca"", ""Dasyprocta punctata"", ""Dasypus novemcinctus"", ""Didelphis marsupialis"", ""Leopardus pardalis"", ""Leopardus wiedii"", ""Lontra longicaudis"", ""Mazama americana"", ""Nasua narica"", ""Panthera onca"", ""Pecari tajacu"", ""Procyon cancrivorous and P. lotor"", ""Puma concolor"", ""Saimiri oerstedii"", ""Tamandua mexicana"", ""Tapirus bairdii"", ""Tayassu pecari""]",
An unidentified filarial species and its impact on fitness in wild populations of the black-footed ferret (Mustela nigripes),"Disease can threaten the restoration of endangered species directly by substantially decreasing host survival or indirectly via incremental decreases in survival and reproduction. During a biomedical survey of reintroduced populations of the highly endangered black-footed ferret from 2002 to 2005, microfilariae discovered in the blood were putatively identified as Dirofilaria immitis, and widespread screening was initiated using a commercially available antigen-based ELISA test. A subset of animals (n = 16) was screened for D. immitis using a highly sensitive PCR-based assay. Microfilariae were also molecularly and morphologically characterized. Of 198 animals at six reintroduction sites, 12% bad positive results using the ELISA test. No antigen-positive animals which were screened via PCR (n=11) had positive PCR results, and all antigen-positive animals (n=24) were asymptomatic. No significant differences were found in body mass of antigen-positive (male: 1223 +/- 82 g [mean +/- SD], female: 726 +/- 75 g) vs. antigen-negative (male: 1,198 +/- 19 g, female: 710 +/- 53 g) individuals (P=0.4). Antigen prevalence was lower in juveniles (3%) than adults (12%; P=0.03), and higher in in situ, captive-reared individuals (33%) than wild-born individuals (10%; P=0.005). Morphologic analysis of microfilariae revealed they were neither D. immitis nor any other previously characterized North American species. PC R amplification of die 5S spacer region of rDNA revealed that the filarial sequence shared only 76% identity with D. immitis. This previously unidentified filarial sequence was present in all antigen positive animals (11 of 11 tested). It appears that black-footed ferrets were infected with a previously undescribed species of filaria whose antigen cross-reacted with the ELISA assay, although further analysis is needed to make a conclusive statement. Nonetheless, this previously undescribed filaria does not appear to threaten recovery for this highly endangered mammal.",10.7589/0090-3558-44.1.53,Wright et al,WOS:000253177100006,"[""Animalia""]","[""Chordata""]","[""Mammalia""]","[""Carnivora""]","[""Mustela nigripes""]","[""Mustela""]"
Projected large-scale range reductions of northern-boreal land bird species due to climate change,"Climate change is projected to be particularly strong in the northern latitudes. Thus, boreal or arctic species are especially susceptible to the effects of climate warming. In this work we forecasted changes in the distributions of 27 northern land bird species in the 21st century, based on predicted rates of climate change. We used climate and bird atlas data of Finland and northern Norway from 1971-1990 to establish bioclimatic envelope models for each species. Next, these models were applied to two climate scenarios (A2 and B1) from the general circulation model HadCM3 to forecast potential future distributions of the study species over a larger area also covering parts of nearby Sweden and Russia. This area stretches through the boreal and continental arctic zone in northern Europe. In the A2 scenario the predicted global change in mean temperature is 3.8 degrees C by 2100 and in the B1 scenario 2.0 degrees C. Our results suggest that most of the northern land bird species will lose most of their climatic space by 2080 both in the more severe (A2, average predicted range decline: -83.6%) and in the less severe scenario (B1, average change: -73.6%). A large proportion (over two thirds) of the species considered here is thus susceptible to major range contractions in this geographical region. These climate change-induced threats are of importance because the Arctic Ocean represents a natural barrier for northward movement of species. To reduce the negative effects of climate change on the northern species, relatively large areas of continuous habitats in a connected reserve network should be preserved. (C) 2008 Elsevier Ltd. All rights reserved.",10.1016/j.biocon.2008.03.007,Urban et al,WOS:000257008400017,"[""Animalia""]","[""Chordata""]","[""Aves""]",,,
Forest cover influences occurrence of mammalian carnivores within Brazilian Atlantic Forest,"Habitat fragmentation reduces biodiversity and affects ecological processes that are fundamental for maintaining ecosystem services. We investigated how landscape structure-percent forest cover, patch density, percent cover by edge, perimeter-area ratio, and spatial heterogeneity-affects the diversity of mammalian carnivores at multiple extents within 22 Atlantic Forest landscapes. We hypothesized that 1) species richness of carnivores is positively related to forest cover; and 2) the occurrence of species will vary according to its sensitivity to forest loss and its preference for forest or open areas. Species richness, composition, and occurrence of mammalian carnivores were correlated with several landscape structure metrics. Due to a high correlation among the metrics, we adopted forest cover as the principal predictor variable. We compared a forest cover model to a null model using Akaike Information Criterion (AICc), and evaluated other fragmentation metrics using a redundancy analysis. Carnivore species richness was positively related to forest cover and negatively associated with other fragmentation metrics. However, the responses to landscape structure differed among species, possibly due to their differences in habitat use. Landscape configuration is an important factor influencing carnivore species composition. Forest cover can explain some, but not all, carnivore species occurrence. Our results reinforce the protection of forests as fundamental to the conservation of carnivore species and the ecological processes in which they participate.",10.1093/jmammal/gyx103,Wright et al,WOS:000417241500021,"[""Animalia""]","[""Chordata""]","[""Mammalia""]","[""Carnivora""]","[""Eira barbara"", ""Galictis cuja""]","[""Eira"",  ""Galictis""]"
"Effects of mid-winter snow depth on stand selection by Wolverines, Gulo gulo luscus, in the boreal forest","Wolverines (Gulo gulo luscus) in a study area in the boreal upland forests of northwestern Alberta and northeastern British Columbia (approximately 57degreesN) were noted to be limited to upland landscapes, despite abundant food in adjacent lowland landscapes. Snow-tracking suggested that the species was selecting for the densest climax conifer stands for travel in search of food. It was hypothesized that snow depth was a limiting factor for Wolverines in the boreal forest during midwinter, and that they selected for this stand-type because of the buffering effect of this type of canopy on ground snow-depths. A series of snow-depth measurements were collected. Snow depths collected along Wolverine trails were very significantly lower than random snow depths collected under upland canopy (F = 32.84, df = 1, P << 0.010). There was a significant buffering effect on snow depth indicated for upland canopy (F = 11. 1, df = 1, P < 0.010), while adjacent lowland canopy had no significant buffering effect on snow depth (F = 3.45, df = 1, P > 0.05). Wolverines were hypothesized to be limited to upland landscapes in the study area because of the buffering effect on snow-depth of the stand types found there, and not for reasons of food availability. Climax conifer stands were interpreted as being of high importance to Wolverine survival during winter. Conservation implications include the detrimental effect on Wolverine populations likely to result from current timber harvesting practices in the boreal forest.",10.22621/cfn.v118i1.882,Wright et al,WOS:000226325800004,"[""Animalia""]","[""Chordata""]","[""Mammalia""]","[""Carnivora""]","[""Gulo gulo""]","[""Gulo""]"
"Multiscale habitat use by wolverines in British Columbia, Canada","Wolverine (Gulo gulo) distribution in British Columbia, Canada, includes multiple-use lands where human use and resource extraction may influence habitat selection. We evaluated seasonal habitat use by resident adult wolverines using radiotelemetry locations from 2 multiple-use landscapes in British Columbia. Food, predation risk, and human disturbance hypotheses were considered in logistic regression analyses of used and random landscapes. Male wolverine habitat associations were most supported by the food hypothesis in both summer and winter. Moose (Alces alces) winter ranges, valley bottom forests, and avalanche terrain were positively associated with winter male wolverine use. Habitat use by male wolverines in winter was also negatively associated with helicopter skiing areas in the Columbia Mountains. Habitat associations of females were more complex; combinations of variables supporting food, predation risk, or human disturbance hypotheses were included in most supported models from both summer and winter in both study areas. Females were associated with alpine and avalanche environments where hoary marmot (Marmota caligata) and Columbia ground squirrel (Spermophilus columbianus) prey are found in summer. Roaded and recently logged areas were negatively associated with female wolverines in summer. In the Columbia Mountains, where winter recreation was widespread, females were negatively associated with helicopter and backcountry skiing. Moose winter ranges within rugged landscapes were positively associated with females during winter. Our analysis suggests wolverines were negatively responding to human disturbance within occupied habitat. The population consequences of these functional habitat relationships will require additional focused research. Our spatially explicit models can be used to support conservation planning for resource extraction and tourism industries operating in landscapes occupied by wolverines.",10.2193/2007-099,Wright et al,WOS:000249351100011,"[""Animalia""]","[""Chordata""]","[""Mammalia""]","[""Carnivora""]","[""Gulo gulo""]","[""Gulo""]"
"First report of Borrelia burgdorferi sensu lato in two threatened carnivores: the Marbled polecat, Vormela peregusna and the European mink, Mustela lutreola (Mammalia: Mustelidae)","Background: Lyme disease is a widespread cosmopolitan zoonosis caused by species belonging to the genus Borrelia. It is transmitted from animal reservoir hosts to humans through hard - ticks of genus Ixodes which are vectors of the disease. Case presentation: Borrelia burgdorferi sensu lato infection was identified in a marbled polecat, Vormela peregusna, and two European minks, Mustela lutreola, from Romania, by PCR. RFLP revealed the presence of a single genospecies, Borrelia burgdorferi sensu stricto. Conclusions: This is the first report of the Lyme disease spirochetes in the two mentioned hosts.",10.1186/1746-6148-8-137,Wright et al,WOS:000312220000001,"[""Animalia""]","[""Chordata""]","[""Mammalia""]","[""Carnivora""]","[""Vormela peregusna"", ""Mustela lutreola""]","[""Vormela"", ""Mustela""]"
Social organization and territoriality of giant otters (Carnivora: Mustelidae) in a seasonally flooded savanna in Brazil,"Giant otters live in family groups, formed by an alpha couple and their offspring of different ages. The objectives of this research were to investigate the association between individuals, the fidelity of groups to their territories and to investigate if there were changes in the numbers of individuals and groups, and the size and distribution of their territories between two consecutive low-water seasons, in an area of the Pantanal of Brazil. We monitored giant otter groups monthly, between July/2006 and November/2007, on the Vermelho River and on one section of the Miranda River, over a total of 75.8 km. We identified 43 individuals in seven groups. Most association indices between individuals of the same group varied from 1.0 to 0.5. The association levels between the individuals in the two low-water seasons were not random; i.e. groups persisted across seasons. We observed more dispersion of individuals and establishment of new groups during the low-water seasons, and this contributed to the decrease in association of individuals. The average linear size of territories was an 11.4 km stretch of river. There was an average of 10.8 km between the centers of group territories. There was no significant correlation between group size and territory size (r=0.35, n= 12). However, the number oflatrines (F-(1,F-11) = 13.846, P=0.003; r(2)= 0.56) and the number of scent-marks (F-(1,F-11) = 13.236, P=0.004; r(2)= 0.55) increased linearly with the territory size. During the low-water season of 2007, the groups generally maintained the same territories used during the low-water season of 2006, but two of them apparently exchanged their territories. The number of groups was stable in the study area since 2003, suggesting that the giant otter population is near carrying capacity in the area and has recovered from depletion caused by the poaching from the 1980's in the Pantanal.",,Wright et al,WOS:000259163300003,"[""Animalia""]","[""Chordata""]","[""Mammalia""]","[""Carnivora""]","[""Pteronura brasiliensis""]","[""Pteronura""]"
Genetic structure in otter (Lutra lutra) populations in Europe: implications for conservation,"During the twentieth century otter (Lutra lutra) populations in central and western Europe declined and became fragmented because of habitat alterations, chemical pollution and direct persecution. In this study we used microsatellites to describe spatial patterns of genetic diversity and subdivision in otters from eight populations in Europe. Genetic diversity was moderately high within populations (He = 0.45-0.77), and significantly partitioned among locations (F-ST = 0.17; R-ST = 0.16; P < 0.001). A Bayesian cluster analysis of multilocus genotypes assigned individuals to seven genetically distinct groups, which were partly concordant with the geographical origin of the samples. An assignment test of the individuals to the populations showed that the Danish and, to a lesser extent, the Spanish populations were unique and distinct. whereas the other populations were partially admixed. Inference of past demographic fluctuations from coalescent analysis suggested that otter populations probably declined several thousand years ago, with the exception of the Irish population for which no such decline could be detected. No genetic evidence for recent bottlenecks was found. The historical decline could stem from post-glacial founding events and recolonization of northern Europe after the last glacial maximum, or from more recent dry stages in the early Holocene in central Europe. On the basis of these results, we recommend that recovery plans should promote the expansion of existing natural populations through improvements of river and wetland habitats.",10.1017/S1367943003003123,Wright et al,WOS:000183461600001,"[""Animalia""]","[""Chordata""]","[""Mammalia""]","[""Carnivora""]","[""Lutra lutra""]","[""Lutra""]"
Detection of Aleutian disease antibodies in feral American mink in southern England,"Fourteen of 27 American mink (Mustela vison) trapped in the upper Thames region were positive for anti-Aleutian disease antibodies. This demonstration of the occurrence of this viral disease in a feral American mink population suggests that it could threaten populations of at least two protected mustelids, the otter (Lutra lutra) and the polecat (Mustela putorius), and may also play a role in the apparent decline of local mink populations in Britain.",10.1136/vr.149.16.485,Wright et al,WOS:000172093900013,"[""Animalia""]","[""Chordata""]","[""Mammalia""]","[""Carnivora""]","[""Lutra lutra"", ""Mustela putorius"", ""Neovison vison""]","[""Lutra"", ""Mustela""]"
PLAGUE IN A BLACK-FOOTED FERRET (MUSTELA NIGRIPES),"Diagnosis of sylvatic plague in a captive black-footed ferret (Mustela nigripes) was based on gross and microscopic lesions, fluorescent antibody tests, culture of Yersinia pes tis, and immunohistochemistry. Gross lesions consisted of acute hemorrhage and necrosis associated with cervical and mesenteric lymph nodes, subcutaneous hemorrhages, and pulmonary edema. Acute edema, hemorrhage, and necrosis with numerous bacteria in blood vessels and sinusoids characterized microscopic lesions. Occurrence of fatal plague in a black-footed ferret potentially has significant implications for recovery of this endangered species due to the widespread distribution of plague in prairie dog colonies throughout historic black-footed ferret range.",10.7589/0090-3558-30.4.581,Wright et al,WOS:A1994PR49500021,"[""Animalia""]","[""Chordata""]","[""Mammalia""]","[""Carnivora""]","[""Mustela nigripes""]","[""Mustela""]"
Relationship between small-game hunting and carnivore diversity in central Spain,"Small-game hunting plays an important economic role in central Spain and some game species are key food resources for threatened predators. Small carnivores may reduce numbers of important game species. To alleviate predation pressure on game populations, management is often focused on predator control. Control methods can be non-selective, and so could potentially have a negative impact on non-target carnivore species, affecting carnivore guild composition and diversity. Using data on carnivore diversity in 70 quadrants (5 x 5 km) in a large area of central Spain with two main land uses (small-game hunting and a mixture of big-game hunting and forestry), we assessed how game management was related to carnivore diversity. Carnivore species richness was significantly lower in those areas managed for small-game hunting than in areas where other land uses predominated. The apparently least affected species by predator control was the red fox (Vulpes vulpes), the main target species of predator control. Results suggested that low carnivore species richness was linked to small-game hunting activities, which was probably associated with non-selective predator control practices. Therefore, in order to reconcile carnivore conservation and economic goals it is imperative to develop and to evaluate selective predator control techniques.",10.1007/s10531-004-0823-8,Wright et al,WOS:000234053800011,"[""Animalia""]","[""Chordata""]","[""Mammalia""]","[""Carnivora""]","[""Meles meles"", ""Martes foina""]","[""Meles"", ""Martes""]"
Paradigm Shifts in Habitat Ecology of Threatened Newfoundland Martens,"We evaluated multiscale habitat selection by threatened Newfoundland (Canada) martens (Martes americana atrata) across landscapes composed of a range of habitat types to test the hypothesis that martens preferred mature (61-80-yr-old) and overmature (>80 yr) conifer stands. At both the landscape and stand scales, adult (>= 1 yr) resident martens (n = 58, 92 yr-specific home ranges) selected for, or used in proportion to availability, a broad range of habitat types, including recent cuts <= 5 yr old, regenerating forest <6.5 m, precommercially thinned stands, and mature and overmature forest. Marten home ranges were not dominated by mature and overmature forest; median availability of mature and overmature forest within individual home ranges was only 30% (range = 11-76%). Age distributions were not different among martens with high, intermediate, and low quantity of mature and overmature forest in their home range; our data do not indicate that martens inhabiting ranges with little mature and overmature forest were compromising fitness. Habitat selection by martens in Newfoundland was more generalized than has traditionally been inferred, and we suggest that inherent landscape fragmentation, in combination with absence of many predators and competitors (i.e., ecological release), caused the Newfoundland marten to evolve to use a more generalized habitat niche than many mainland populations of American martens. We recommend that landscapes suitable for marten not exceed >29% younger aged forest. Maintaining resident martens in landscapes where forest harvesting is occurring requires prescriptions that recognize the highly fragmented nature of the natural landscape, the prevalence of mature and overmature forest, younger forests, avoided land-cover types, and human access.",10.2193/2009-138,Wright et al,WOS:000277305800012,"[""Animalia""]","[""Chordata""]","[""Mammalia""]","[""Carnivora""]","[""Martes americana""]","[""Martes""]"
Demographic and genetic evaluation of an American marten reintroduction,"Reintroduced populations are generally smaller and more isolated than native populations; thus even when reintroduced populations are demographically stable, a lack of genetic variation may present a threat to long-term persistence. We examined the demographic structure and genetic variation of the mar-ten reintroduction into the Upper Peninsula of Michigan. Male: female and juvenile: adult female ratios indicate that the Michigan population is demographically stable. Michigan martens had higher allelic diversity (A = 7.4) compared to the average diversity found among Canadian populations (A = 5.8) and similar levels of observed heterozygosity (H-Canadian = 0.64, H-Michigan = 0.63), excluding Newfoundland martens. We found no significant differences in the allelic diversity or heterozygosity between the reintroduced Michigan population and the source population for the reintroduction, that of Chapleau, Ontario. Surprisingly, we found no evidence of a genetic bottleneck in the Michigan population. We suggest that the genetic success of this reintroduction is a result of the multiple reintroductions and subsequent intrastate translocations that mimicked gene flow. The success was further aided by the presence of small remnant populations that remained in Michigan, as evidenced by the presence of private alleles in Michigan.",10.1644/05-MAMM-A-243R1.1,Wright et al,WOS:000237125800010,"[""Animalia""]","[""Chordata""]","[""Mammalia""]","[""Carnivora""]","[""Martes americana""]","[""Martes""]"
Secondary rodenticide poisoning risk arising from winter farmyard use by the European polecat Mustela putorius,"The polecat Mustela putorius is a carnivore of unfavourable conservation status in Europe. It is believed to be vulnerable to accidental secondary rodenticide poisoning through the consumption of farmyard rodents. To confirm the mechanism of exposure, radio-tracking was used to examine the species' use of agricultural premises during winter when rodenticides are mainly applied to control commensal rodents. Ten out of 11 polecats radio-tracked made some use of such premises, and compositional analysis indicated that these were the most preferred of all habitats utilised. Foraging for farmyard rodents (which comprised 65% of the diet of farmyard-using polecats in this study), rather than a response to cold weather, is believed to explain this behaviour. 45.4% of animals made heavy use of farmyards, and were thus vulnerable to secondary poisoning through ingestion of rodents contaminated with rodenticides. Current government monitoring does not reveal the true level of contamination because severely affected animals tend to die out of sight in farm buildings. Since polecats are commonly killed by motor vehicles, screening of liver tissue from winter/spring road casualty polecats is recommended as a means of monitoring background levels of rodenticides. (C) 1998 Elsevier Science Ltd. All rights reserved.",10.1016/S0006-3207(97)00175-4,Wright et al,WOS:000075407400003,"[""Animalia""]","[""Chordata""]","[""Mammalia""]","[""Carnivora""]","[""Mustela putorius""]","[""Mustela""]"
Canine Distemper Epizootic in Everglades Mink,"Four free-ranging mink, Neovison vison, collected between June and September 2004 in the Fakahatchee Strand Preserve State Park (FSPSP, Florida, USA), were examined for canine distemper virus (CDV) infection. Microscopic lesions and viral inclusions consistent with CDV infection were observed in three mink. Virus isolation and reverse transcription-polymerase chain reaction performed on all mink were positive for CDV. Anecdotal records of mink observations in FSPSP suggest a postepizootic decline in the mink population followed by an apparent recovery. We recommend further research to assess the status of the Everglades mink and the impact of CDV on this and other American mink populations in Florida.",10.7589/0090-3558-45.4.1150,Wright et al,WOS:000271877700023,"[""Animalia""]","[""Chordata""]","[""Mammalia""]","[""Carnivora""]","[""Neovison vison""]","[""Mustela""]"
"Use of mineral licks by mammals and birds in hunted and non-hunted areas of Yasuni National Park, Ecuador","Mineral licks are sites where a diverse array of mammals and birds consume soil or drink water, likely for mineral supplementation. Many of those same animals are targets of hunters. Camera traps triggered by heat and motion were used to document use of mineral licks by birds and mammals over approximately 2 months at two lowland forest sites in eastern Ecuador, one that has experienced considerable hunting by indigenous Waorani (four mineral licks) and one that is largely unaffected by hunting (five licks). We obtained 264 photographs representing nine mammal species and one photograph of a bird at the hunted site; 1123 photographs of 12 mammal species and 73 of three bird species were obtained at the site without hunting. Photographs were counted if at least 30min elapsed between photographs of the same species at the same camera location. Activity (photographs/100 trap-days) was higher at all licks at the site without hunting (mean=436; range 276-665/100 trap-days) than at the hunted site (mean=123; range 89-151/100 trap-days). Diurnal activity was, overall, lower at the hunted site, particularly during the middle of the day. Species not recorded at the hunted site included two primates (white-bellied spider monkey Ateles belzebuth; Venezuelan red howler monkey Alouatta seniculus), white-lipped peccary, Tayassu pecari and two large-bodied birds (common piping-guan, Pipile pipile; Salvin's curassow, Mitu salvini); all are common prey of local hunters. Red brocket deer, Mazama americana was the most frequently photographed species at both sites, but was less active during the day at the hunted site.",10.1111/acv.12012,Benitez lopez et al,WOS:000323101700011,"[""Animalia""]","[""Chordata""]","[""Mammalia"", ""Aves""]","[""Proboscidea"", ""Galliformes"", ""Columbiformes"", ""Primates"", ""Rodentia"", ""Cingulata"", ""Cetartiodactyla"", ""Pilosa"", ""Carnivores"", ""Perissodactyla""]","[""Loxodonta africana"", ""Mitu salvini"", ""Patagioenas plumbea"", ""Pipile pipile"", ""Alouatta seniculus"", ""Ateles belzebuth"", ""Cuniculus paca"", ""Dasyprocta fuliginosa"", ""Dasypus novemcinctus"", ""Mazama americana"", ""Myoprocta pratti"", ""Myrmecophaga tridactyla"", ""Pecari tajacu"", ""Procyon cancrivorus"", ""Tapirus terrestris"", ""Tayassu pecari""]",
"Health effects of endocrine-disrupting chemicals on wildlife, with special reference to the European situation","Many wildlife species may be exposed to biologically active concentrations of endocrine-disrupting chemicals. There is strong evidence obtained from laboratory studies showing the potential of several environmental chemicals to cause endocrine disruption at environmentally realistic exposure levels. In wildlife populations, associations have been reported between reproductive and developmental effects and endocrine-disrupting chemicals. In the aquatic environment, effects have been observed in mammals, birds, reptiles, fish, and mollusks from Europe, North America, and other areas. The observed abnormalities vary from subtle changes to permanent alterations, including disturbed sex differentiation with feminized or masculinized sex organs, changed sexual behavior, and altered immune function. For most reported effects in wildlife, however, the evidence for a causal link with endocrine disruption is weak or nonexisting. Crucial in establishing causal evidence for chemical-induced wildlife effects appeared semifield or laboratory studies using the wildlife species of concern. Impaired reproduction and development causally linked to endocrine-disrupting chemicals are well documented in a number of species and have resulted in local or regional population changes. These include: Masculinization (imposex) in female marine snails by tributyltin, a biocide used in antifouling paints, is probably the dearest case of endocrine disruption caused by an environmental chemical. The dogwhelk is particularly sensitive, and imposer has resulted in decline or extinction of local populations worldwide, including coastal areas all over Europe and the open North Sea. DDE-induced egg-shell thinning in birds has caused severe population declines in a number of raptor species in Europe and North America. Endocrine-disrupting chemicals have adversely affected a variety of fish species. In the vicinity of certain sources (e.g., effluents of water treatment plants) and in the most contaminated areas is this exposure causally linked with the effects on reproductive organs that could have implications for fish populations. However, there is also a more widespread occurrence of endocrine disruption in fish in the U.K., where estrogenic effects have been demonstrated in freshwater systems, in estuaries, and in coastal areas. In mammals, the best evidence comes from the field studies on Baltic gray and ringed seals, and from the Dutch semifield studies on harbor seals, where both reproduction and immune functions have been impaired by PCBs in the food chain. Reproduction effects resulted in population declines, whereas impaired immune function has likely contributed to the mass mortalities due to morbillivirus infections. Distorted sex organ development and function in alligators has been related to a major pesticide spill Into a lake in Florida, U.S.A. The observed estrogenic/antiandrogenic effects in this reptile have been causally linked in experimental studies with alligator eggs to the DDT complex. Although most observed effects currently reported concern heavily polluted areas, endocrine disruption is a potential global problem. This is exemplified by the widespread occurrence of imposer in marine snails and the recent findings of high levels of persistent potential endocrine-disrupting chemicals in several marine mammalian species inhabiting oceanic waters.",10.1080/10408440091159176,Wright et al,WOS:000085738100002,"[""Animalia""]","[""Chordata""]","[""Mammalia""]","[""Carnivora""]","[""Lutra lutra"", ""Neovison vison"", ""Lontra canadensis""]","[""Lutra"", ""Mustela"", ""Lontra""]"
Trace element analysis of three tissues from Eurasian otters (Lutra lutra) in South Korea,"Eurasian otters (Lutra lutra) are endangered worldwide, but the specific cause of their decline has not been determined. This study analyzed the concentrations of potentially toxic trace elements, including As, Cd, Pb, Hg, Se, Cu, Mn, and Zn, in the liver, kidney, and lung tissues of Eurasian otters in South Korea. There were high individual variations in the tissue concentrations of all the elements analyzed. The kidneys had the highest concentrations of Cd and Se among the three tissue groups, and the livers had the highest concentrations of Cu, Mn, Zn, and Hg. The Pb and As concentrations in the livers were not significantly different from those in the kidneys, and the lungs had the lowest concentrations of all the elements analyzed. The age-related bioaccumulation of Cd and Hg was evident in the three tissue groups, and of Se in the kidneys. The Pb concentration was higher in the livers of juveniles compared with those of adults and the Zn concentration was higher in the lungs of juveniles. There were no apparent gender differences in the concentrations of the elements analyzed among the tissue groups. The Se concentration correlated with the Hg concentration in the livers and kidneys, and with the Cd concentration in the kidneys. The Hg and Cd levels correlated in the three tissue groups. The Cu and Zn levels also correlated in the livers and kidneys. In general, the element concentrations were within the ranges reported by previous studies of this species from European countries, except for Cd and Hg, the levels of which were mostly lower than those reported previously. These findings may provide baseline information to facilitate the conservation of the Eurasian otter. To the best of our knowledge, this is the first available study of trace element concentrations in the tissues of Eurasian otters from South Korea or Asian countries.",10.1007/s10646-015-1447-3,Wright et al,WOS:000355927100009,"[""Animalia""]","[""Chordata""]","[""Mammalia""]","[""Carnivora""]","[""Lutra lutra""]","[""Lutra""]"
"Habitat use by the Cape clawless otter and the spotted-necked otter in the KwaZulu-Natal Drakensberg, South Africa","The habitat preferences of Aonyx capensis and Lutra maculicollis were studied in a river catchment of the KwaZulu-Natal Drakensberg where the two species co-exist. Both species preferred riverine habitats covered with dense vegetation, while areas of short grass were avoided; holts of each species were located adjacent to river banks, oxbow lakes or dam shores. Spraint sites of the two species were found in dense, tall grass cover beside water <1 m deep both within and outside conservation areas. The holts of both otter species were associated with cover and sprainting sites, but possessed different substrates. The burning of river banks was detrimental to the otters as it removed cover and negatively affected the availability of potential holt sites. A. capensis was generally more terrestrial than L. maculicollis.",,Wright et al,WOS:000166589600001,"[""Animalia""]","[""Chordata""]","[""Mammalia""]","[""Carnivora""]","[""Aonyx capensis"", ""Hydrictis maculicollis""]","[""Aonyx Lesson"", ""Hydrictis""]"
"RIVER OTTER (LUTRA-CANADENSIS) REINTRODUCTION IN PENNSYLVANIA, PRERELEASE CARE AND CLINICAL-EVALUATION","The Pennsylvania River Otter Reintroduction Project (PRORP) was initiated in 1982 to restore river otters (Lutra canadensis) to portions of their historic range in Pennsylvania. To date, 75 otters have been successfully reintroduced to five watersheds in north-central and western Pennsylvania. Otters were obtained by live trapping in northeastern Pennsylvania and Maryland or were purchased from commercial dealers and trappers in Louisiana, New York, Michigan, and New Hampshire. Prior to reintroduction, otters usually underwent a period of captivity of 10-14 days to facilitate clinical evaluation, treatment of injuries, convalescence following surgical implantation of radio transmitters, and prerelease conditioning. Captive management techniques for physical and chemical restraint, evaluation of health status, housing, and nutrition were developed and refined by a team of wildlife biologists and laboratory animal veterinarians to enhance reintroduction success by promoting the release of healthy, well-conditioned otters. The incorporation of a captive management plan within the framework of otter relocation efforts has contributed to successful restoration of otter populations in Pennsylvania.",,Wright et al,WOS:A1993LA70700005,"[""Animalia""]","[""Chordata""]","[""Mammalia""]","[""Carnivora""]","[""Lontra canadensis""]","[""Lontra""]"
The importance of ponds for the otter (Lutra lutra) during drought periods in Mediterranean ecosystems:: A case study in Bergantes River,"During drought, otters live under extreme conditions for a semiaquatic mammal, with none or very little water available. These conditions also affect its prey species. To understand the ecological and behavioural adaptive mechanisms of the otter to seasonal river streams, a study was carried out in the Bergantes River, Spain. We compared pond use by radiotracked otters during a normal and a dry period. The otters were detected significantly more often at ponds and their surroundings during the dry period. Pond use was mainly explained by the total biomass available (fish, crayfish, amphibians), and this was mostly correlated with the maximum depth of the pond. Some evidence of progressive pond depletion was obtained. Sprainting behaviour was mainly linked to predation activities (number of prey remains) and to total biomass available. We discuss the importance of these findings in the design of otter and freshwater habitat management and conservation strategies.",10.1515/MAMM.2007.003,Wright et al,WOS:000249945900003,"[""Animalia""]","[""Chordata""]","[""Mammalia""]","[""Carnivora""]","[""Lutra lutra""]","[""Lutra""]"
Bayesian analysis of hybridization and introgression between the endangered european mink (Mustela lutreola) and the polecat (Mustela putorius),"Human-mediated global change will probably increase the rates of natural hybridization and genetic introgression between closely related species, and this will have major implications for conservation of the taxa involved. In this study, we analyse both mitochondrial and nuclear data to characterize ongoing hybridization and genetic introgression between two sympatric sister species of mustelids, the endangered European mink (Mustela lutreola) and the more abundant polecat (M. putorius). A total of 317 European mink, 114 polecats and 15 putative hybrid individuals were collected from different localities in Europe and genotyped with 13 microsatellite nuclear markers. Recently developed Bayesian methods for assigning individuals to populations and identifying admixture proportions were applied to the genetic data. To identify the direction of hybridization, we additionally sequenced mtDNA and Y chromosomes from 78 individuals and 29 males respectively. We found that both hybridization and genetic introgression occurred at low levels (3% and 0.9% respectively) and indicated that hybridization is asymmetric, as only pure polecat males mate with pure European mink females. Furthermore, backcrossing and genetic introgression was detected only from female first-generation (F1) hybrids of European mink to polecats. This latter result implies that Haldane's rule may apply. Our results suggest that hybridization and genetic introgression between the two species should be considered a rather uncommon event. However, the current low densities of European mink might be changing this trend.",10.1111/j.1365-294X.2010.04988.x,Wright et al,WOS:000288074600011,"[""Animalia""]","[""Chordata""]","[""Mammalia""]","[""Carnivora""]","[""Mustela lutreola""]","[""Mustela""]"
Implications of introgression for wildlife translocations: the case of North American martens,"The evolutionary consequences of natural introgression provide a rare opportunity to retrospectively evaluate how the introduction of exotics or genetic rescue efforts may impact endemic faunas. Phylogeographic structure among mainland, endemic insular, and introduced North American marten (Martes americana and M. caurina) populations have been shaped by a complex history of natural, post-glacial population expansion followed by a series of anthropogenic introductions. In some cases, both natural colonization and translocations facilitated secondary contact, offering a series of replicated experiments that demonstrate how introgression, in these cases following isolation (insular and refugial), shapes genetic diversity. We test whether genetic exchange is occurring between North American marten species using mitochondrial genomes and ten nuclear loci. We present evidence of biased nuclear introgression from M. caurina into M. americana across two natural hybrid zones (insular and mainland) and found no remnant evidence of M. caurina on islands that received M. americana translocations, suggesting prior absence, potential extirpation, or genetic swamping of M. caurina from these islands. Our results highlight the importance of understanding phylogeographic variation prior to identifying source populations for wildlife translocations and caution the use of genetic rescue for North American marten populations. Although previously managed as a single species, these two species show substantial genetic divergence. When the two are placed into contact, they exhibit unidirectional, asymmetric introgression with potentially negative consequences for M. caurina, underscoring the value of mindful consideration of introgression in wildlife management.",10.1007/s10592-018-1120-5,Wright et al,WOS:000462207000002,"[""Animalia""]","[""Chordata""]","[""Mammalia""]","[""Carnivora""]","[""Martes caurina""]","[""Martes""]"
A review of the historical evidence of the habitat of the Pine Marten in Cumbria,"Place names and evidence from the literature show the Pine Marten (Martes martes) to have been well distributed in Cumbria until late in the nineteenth century, with a core area in the central fells. The habitat available to these martens is assessed and the species' status and the reasons for its decline reviewed. Despite the modern emphasis on the absolute importance of woodland to the Pine Marten, it is argued that historical Cumbrian populations survived successfully for many generations in highly fragmented habitats.",10.1046/j.1365-2907.2001.00070.x,Wright et al,WOS:000168690700002,"[""Animalia""]","[""Chordata""]","[""Mammalia""]","[""Carnivora""]","[""Martes martes""]","[""Martes""]"
Habitat selection of American marten in a logged landscape at the southern fringe of the boreal forest,"American marten (Martes americana), a species sensitive to intensive logging, is often associated with old-growth coniferous forest. Recent results, however, question the specificity of this association. We studied habitat selection of marten at the southern fringe of the boreal forest, in mixed forest types. The presence of a white-tailed deer (Odocoileus virginianus) wintering area protected part of the study area from large-scale intensive logging [clear-cuts with protection of regeneration and soils (CPRS) and precommercial thinning (PCT)] but not from partial logging of mature coniferous stands. We radio-tracked 15 marten over 2 y and analyzed habitat selection at 2 scales: landscape and home range. Marten selected mature (> 60 )y coniferous forests at both scales, while they neither selected nor avoided mature mixed forests. PCT forests (0-15 y old) were strongly avoided at the landscape scale (P < 0.001), as were Young forests (21-60 y old; P = 0.005). At the home range scale, marten avoided CPRS (0-20 y old; P < 0.001). Partial logging had no effect on selection at either scale. Female home ranges were smaller in the partially logged sector of the study area (2.6 +/- 0.6 versus 7.4 +/- 0.2 km(2)), while male home range averaged 5.5 +/- 1.0 km(2), resulting in a significant interaction between location of home ranges in the white-tailed deer wintering area and sex of individuals (F-1.11 = 5.618, P = 0.037). Also, home ranges tended to be larger as the road density and proportion of light outbreak cover type increased. Our results showed that partial logging, CPRS, AND PCT have different impacts on marten habitat selection and use of space. we conclude that partial logging rather than clear-cuts and precommercial thinning should be favored for conservation of American marten.",10.2980/15-3-3091,Wright et al,WOS:000259841500007,"[""Animalia""]","[""Chordata""]","[""Mammalia""]","[""Carnivora""]","[""Martes americana""]","[""Martes""]"
ASSESSMENT OF CLINICAL PATHOLOGY AND PATHOGEN EXPOSURE IN SEA OTTERS (ENHYDRA LUTRIS) BORDERING THE THREATENED POPULATION IN ALASKA,"Northern sea otter (Enhydra lutris kenyoni) abundance has decreased dramatically over portions of southwest Alaska, USA, since the mid-1980s, and this stock is currently listed as threatened under the Endangered Species Act. In contrast, adjacent populations in south central Alaska, USA, and Russia have been stable to increasing during the same period. Sea otters bordering the area classified in the recent decline were live-captured during 2004-2006 at Bering Island, Russia, and the Kodiak Archipelago, Alaska, USA, to evaluate differences in general health and current exposure status to marine and terrestrial pathogens. Although body condition was lower in animals captured at Bering Island, Russia, than it was at Kodiak, USA, clinical pathology values did not reveal differences in general health between the two regions. Low prevalences of antibodies (< 5%) were found in Kodiak, USA, and on Bering Island, Russia, to Toxoplasma Sarcocystis neurona, and Leptospira interrogans. Exposure to phocine herpesvirus-1 was found in both Kodiak, USA (15.2%), and Bering Island, Russia (2.3%). Antibodies to Brucella spp. were found in 28% of the otters tested on Bering Island, Russia, compared with only 2.7% of the samples from Kodiak, USA. Prevalence of exposure to Phocine distemper virus (PDV) was 41% in Kodiak, USA, but 0% on Bering Island, Russia. Archived sera from southwest and south-central Alaska dating back to 1989 were negative for PDV, indicating exposure occurred in sea otters in Kodiak, USA, in recent years. Because PDV can be highly pathogenic in naive and susceptible marine mammal populations, tissues should be examined to explore the contribution of this virus to otter deaths. Our results reveal an increase in exposure to pathogens in sea otters in Kodiak, Alaska, USA, since the 1990s.",10.7589/0090-3558-47.3.579,Wright et al,WOS:000292798500010,"[""Animalia""]","[""Chordata""]","[""Mammalia""]","[""Carnivora""]","[""Enhydra lutris""]","[""Enhydra""]"
Estimating population size and habitat suitability for mountain nyala in areas with different protection status,"Many species of large herbivores are declining in numbers as a consequence of direct exploitation or habitat loss. In the Ethiopian highlands, rapid human population growth has resulted in an expansion of human settlements and farmland, threatening many endemic species such as the mountain nyala Tragelaphus buxtoni. Despite being listed as an endangered species, the mountain nyala is still the most important trophy hunting species in Ethiopia. We counted faecal pellets of mountain nyala within plots distributed along transects to estimate population size and identify key environmental variables associated with the presence of faecal pellet groups. The total mountain nyala population was estimated at 3756 (95% confidence intervals: 2506-7135) individuals, mainly occupying woodlands while avoiding human developments (agriculture and settlements). The total suitable area was estimated at 8333km(2). Only 31.6% of the total population lived within a national park, while 53.5% of the population inhabited two controlled hunting areas in the eastern mountains. Abundance was 3.7 times higher in areas patrolled by wardens, regardless of being in a national park or hunting area, suggesting that formal protection must be followed by surveillance to avoid poaching and habitat destruction. We found no negative correlation between pellet abundance and trophy hunting. Yet, it is too early to conclude that trophy hunting is sustainable as it has only recently been initiated in the studied populations.",10.1111/j.1469-1795.2011.00437.x,Benitez lopez et al,WOS:000293173900014,"[""Animalia""]","[""Chordata""]","[""Aves""]","[""Cetartiodactyla""]","[""Tragelaphus buxtoni""]",
Potential impacts of climate change on the distributions and diversity patterns of European mammals,"The Intergovernmental Panel on Climate Change (IPCC) predicts an increase in global temperatures of between 1.4 degrees C and 5.8 degrees C during the 21st century, as a result of elevated CO2 levels. Using bioclimatic envelope models, we evaluate the potential impact of climate change on the distributions and species richness of 120 native terrestrial non-volant European mammals under two of IPCC's future climatic scenarios. Assuming unlimited and no migration, respectively, our model predicts that 1% or 5-9% of European mammals risk extinction, while 32-46% or 70-78% may be severely threatened (lose > 30% of their current distribution) under the two scenarios. Under the no migration assumption endemic species were predicted to be strongly negatively affected by future climatic changes, while widely distributed species would be more mildly affected. Finally, potential mammalian species richness is predicted to become dramatically reduced in the Mediterranean region but increase towards the northeast and for higher elevations. Bioclimatic envelope models do not account for non-climatic factors such as land-use, biotic interactions, human interference, dispersal or history, and our results should therefore be seen as first approximations of the potential magnitude of future climatic changes.",10.1007/s10531-007-9181-7,Urban et al,WOS:000250301400007,"[""Animalia""]","[""Chordata""]","[""Mammalia""]",,,
Mitochondrial DNA detects Arctonyx collaris from burnt body parts: a wildlife forensic case study in Indo-Burma biodiversity hotspot,"The greater hog badger, Arctonyx collaris is a venerable and widely distributed terrestrial carnivore mammal in Indo-Burma biodiversity hotspot. The population of A. collaris has largely declined in its range distribution due to the habitat loss and bushmeat crisis. The present study identified the amorphous burnt body parts of a mammal as A. collaris, through mitochondrial cytochrome b (Cytb) gene sequences. The mustelids carnivores (family Mustelidae) with 51 species showed 0-3.03% intraspecies genetic distance in the present dataset. Further, the generated sequences of A. collaris from Manipur state showed notable genetic distance (2 and 3.5%) in comparison with Thailand and Vietnam specimens, which assumed to be a distinct meta-population in northeast India. However, additional genetic information of this carnivore mammal from the wide geographical area might be helpful for estimating their population structure and conservation genetics. The similar approach with different molecular markers would be useful in wildlife forensics by identifying the species, track the trade route, and also find the native population of many abused animals.",10.1080/23802359.2019.1591175,Wright et al,WOS:000462007900001,"[""Animalia""]","[""Chordata""]","[""Mammalia""]","[""Carnivora""]","[""Arctonyx collaris""]","[""Aonyx""]"
DIET AND CONSERVATION STATUS OF CAPE CLAWLESS OTTERS IN EASTERN ZIMBABWE,"Declining numbers of rainbow trout Oncorhynchus mykiss in the Upper Kairezi River, Zimbabwe, are threatening the viability of a community-based catchment conservation scheme that depends on profits from sport fishing. Cape clawless otters Aonyx capensis have been suspected to prey significantly on trout in the fishery but the analysis of 255 scats collected from a 20 km stretch of the river between January and June 1993 revealed that trout are unimportant prey, occurring in the otter's diet with a 1% relative occurrence. The otters ate mainly river crabs Potamon perlatus (42%). The size of the trout eaten (190-260 mm) suggested that they were some of those stocked in February 1993, which despite their size, were easily caught because of their mutilated fins (which reduced their mobility), and naivety of predators. Using holt density and the identification of individual animals from sign, otter density was estimated to be 1/8-10 km of river bank. Although otters in the area are persecuted by local residents, the low density is probably a reflection of the poor productivity of the Kairezi system resulting in a low availability of river crabs Potamon perlatus. The conservation status of clawless otters in the catchment is fragile because of the threats posed to the riverine habitat by subsistence agriculture.",,Wright et al,WOS:A1994PW11600001,"[""Animalia""]","[""Chordata""]","[""Mammalia""]","[""Carnivora""]","[""Aonyx capensis""]","[""Aonyx""]"
Toxoplasma gondii in stranded marine mammals from the North Sea and Eastern Atlantic Ocean: Findings and diagnostic difficulties,"The occurrence of the zoonotic protozoan parasite Toxoplasma gondii in marine mammals remains a poorly understood phenomenon. In this study, samples from 589 marine mammal species and 34 European otters (Lutra lutra), stranded on the coasts of Scotland, Belgium, France, The Netherlands and Germany, were tested for the presence of T. gondii. Brain samples were analysed by polymerase chain reaction (PCR) for detection of parasite DNA. Blood and muscle fluid samples were tested for specific antibodies using a modified agglutination test (MAT), a commercial multi-species enzyme-linked immunosorbent assay (ELISA) and an immunofluorescence assay (IFA). Out of 193 animals tested by PCR, only two harbour porpoise (Phocoena phocoena) cerebrum samples, obtained from animals stranded on the Dutch coast, tested positive. The serological results showed a wide variation depending on the test used. Using a cut-off value of 1/40 dilution in MAT, 141 out of 292 animals (41%) were positive. Using IFA, 30 out of 244 tested samples (12%) were positive at a 1/50 dilution. The commercial ELISA yielded 7% positives with a cut-off of the sample-to-positive (SAP) ratio > 50; and 12% when the cut-off was set at SAP ratio > 20. The high number of positives in MAT may be an overestimation due to the high degree of haemolysis of the samples and/or the presence of lipids. The ELISA results could be an underestimation due to the use of a multispecies conjugate. Our results confirm the presence of T. gondii in marine mammals in The Netherlands and show exposure to the parasite in both the North Sea and the Eastern Atlantic Ocean. We also highlight the limitations of the tests used to diagnose T. gondii in stranded marine mammals. (C) 2016 Elsevier B.V. All rights reserved.",10.1016/j.vetpar.2016.10.021,Wright et al,WOS:000389733000006,"[""Animalia""]","[""Chordata""]","[""Mammalia""]","[""Carnivora""]","[""Lutra lutra""]","[""Lutra""]"
Dietary overlap among generalist carnivores in relation to the impact of the introduced raccoon dog Nyctereutes procyonoides on native predators in northern Belarus,"Feeding habits and dietary overlap among forest generalist carnivores (brown bear Ursus arctos, red fox Vulpes vulpes, badger Meles meles, pine marten Martes martes, polecat Mustela putorius, and raccoon dog Nyctereutes procyonoides) in natural forested landscape of northern Belarus (Gorodok and Rossony districts) were studied. In the warm season (April-October), generalist carnivores were characterized by a fairly wide food spectrum. Predominant items of their diets were fruits, small mammals insects and birds. Although several pairs of species, such as brown bear-badger, raccoon dog-badger, pine marten-red fox, and pine marten-raccoon dog, had considerable dietary overlap, there was little evidence of a competition for resources in the generalist guild in the warm season. In the cold season (November-March), the food niches of active generalist predators became narrower and considerably overlapped, which coincided with a substantial decrease in food abundance and availability. In this period of poor food supply, generalists mostly consumed wild ungulate carrion, small mammals, and fruits. By inhabiting the same habitats, several pairs of species such as pine marten-red fox, polecatred fox, polecat-raccoon dog, polecat-pine marten, may compete for food. In the harshest period of late winter and early spring, in conditions of deep and/or soft snow cover in forest, it is energetically expensive to move around and the majority of food search fails. Thus, all generalists were forced to feed on carrion, the abundance of which substantially affected all generalist carnivores with the probable exception of raccoon dog. The obtained data on the predator abundance suggest that after the raccoon dog had reached a high population density, the native generalist predators began to decline.",,Wright et al,WOS:000165292700002,"[""Animalia""]","[""Chordata""]","[""Mammalia""]","[""Carnivora""]","[""Martes martes"", ""Meles meles"", ""Mustela putorius""]","[""Martes"", ""Meles"", ""Mustela""]"
Popularity of pet otters on YouTube: evidence of an emerging trade threat,"In response to growing reports of otters in the pet trade, and suggestions that the popularity of pet otters on social media may be driving demand, we collated YouTube videos of pet otters to test for trends in the number of videos published, their exposure (number of views) and popularity. We used English-language search terms to provide a global overview, as well as local language search terms for four South East Asian countries identified as being of potential importance in the pet otter trade (Indonesia, Malaysia, Thailand and Vietnam), and Japan. We found that not only had the number of videos depicting pet otters increased in the last two to three years (2016-2018), but that their popularity and/or engagement had also increased. Notwithstanding some country-level differences in the details of effects observed, the greatest increases in both the number of videos produced and their popularity occurred in Indonesia and Japan. At a global-level, commercial viral video sites appeared to be influential in terms of posting highly popular pet otter videos. At a national level, potentially influential videos tended to be produced by four or five individual otter owners. The appearance of phrases such as I want one in the comments section of the English-language videos, although not necessarily a statement of actual intent, suggests that these videos may be driving demand amongst their viewers and followers; similar analyses of video comments in each local language are warranted. Our results show an increase in social media activity that may not only be driving the apparent increase in popularity, but also amplifying awareness of the availability of these animals as pets, as well as creating and perpetuating the (erroneous) perception of otters as a suitable companion animal. At a global level, there are welfare concerns associated with otters in the pet trade, and, in South East Asia specifically, there are serious conservation concerns. We recommend increased regulation of these activities on social media, increased public awareness of the negative impacts of the pet trade on otters, and increased international protection. Specifically, we suggest the need to uplist both small-clawed and smooth-coated otters (Aonyx cinereus and Lutrogale perspicillata, respectively) to CITES Appendix 1.",10.3897/natureconservation.36.33842,Wright et al,WOS:000487329100001,"[""Animalia""]","[""Chordata""]","[""Mammalia""]","[""Carnivora""]","[""Aonyx cinereus"", ""Lutrogale perspicillata""]","[""Aonyx"", ""Lutrogale""]"
River Otter Distribution in Nebraska,"The river otter (Lontra canadensis) was extirpated from Nebraska, USA, in the early 1900s and reintroduced starting in 1986. Information is needed regarding the distribution of river otters in Nebraska before decisions can be made regarding its conservation status. Understanding distribution of a species is critically important for effective management. We investigated river otter distribution in Nebraska with occupancy modeling and maximum entropy (Maxent) modeling using 190 otter sign observations on Nebraska's navigable rivers and 380 historical otter records from November 1977 to April 2014. Both methods identified the Platte River, Elkhorn River, central and eastern Niobrara River, and southern Loup River system as core areas within the distribution of otters in Nebraska. The Maxent model provided more liberal estimates of site occupancy and identified some smaller rivers as being within the distribution of otters in Nebraska, which were not identified using occupancy modeling. We recommend that multiple data sets and analysis methods be used to estimate species distribution because this allows for the broadest geographical coverage and decreases the likelihood of overlooking areas with fewer animal records. If further reintroduction efforts or translocation efforts are to take place in the future, we recommend focusing on areas with high modeled occupancy but few historical and survey records. (C) 2018 The Wildlife Society.",10.1002/wsb.843,Wright et al,WOS:000428346100017,"[""Animalia""]","[""Chordata""]","[""Mammalia""]","[""Carnivora""]","[""Lontra canadensis""]","[""Lontra""]"
"Marine mammal bycatch in gillnet and other entangling net fisheries, 1990 to 2011","Since the 1970s the role of fishery bycatch as a factor reducing, or limiting the recovery of, marine mammal populations has been increasingly recognized. The proceedings of a 1990 International Whaling Commission symposium and workshop summarized fishery and bycatch data by region, fishery, and species, and estimated the significance of the 'impacts' of bycatch in passive gear on all cetacean species and subspecies or geographically defined populations. A global review of pinniped bycatch in 1991 concluded that incidental mortality in passive gear had contributed to declines of several species and populations. Here we update the information on cetacean gillnet bycatch, assess bycatch data on marine mammals other than cetaceans (i.e. pinnipeds, sirenians, and 2 otter species), determine where important data gaps exist, and identify species and populations known or likely to be at high risk from bycatch in gillnets. We found that at least 75% of odontocete species, 64% of mysticetes, 66% of pinnipeds, and all sirenians and marine mustelids have been recorded as gillnet bycatch over the past 20-plus years. Cetacean bycatch information in some areas has improved, facilitating our ability to identify species and populations at high risk, although major gaps remain. Understanding of the scale of pinniped and sirenian bycatch has also improved, but this bycatch remains poorly documented, especially at the population level. This study reveals how little is known about marine mammal bycatch in gillnets in much of the world. Even as other significant threats to marine mammals have become better documented and understood, bycatch remains a critical issue demanding urgent attention if there is to be any hope of preventing further losses of marine mammal diversity and abundance, and of protecting, or restoring, ecological health.",10.3354/esr00481,Wright et al,WOS:000316495000007,"[""Animalia""]","[""Chordata""]","[""Mammalia""]","[""Carnivora""]","[""Enhydra lutris"", ""Lontra felina""]","[""Enhydra"", ""Lontra""]"
Rapid expansion of the American mink poses a serious threat to the European mink in Spain,"The American mink (Neovison vison) was introduced in Europe for fur farming in the 1920s and feral populations were formed due to escapes or intentional releases to the wild thereafter. Nowadays, the species is widely distributed across much of the continent, and is considered the main cause of extinction of the European mink (Mustela lutreola). In Spain, the first populations of the American mink were formed in the 1980s and since then a continuous expansion in their range has been observed. We describe the expansion process of the American mink based on reports of its distribution in the literature, focusing particularly on its increasing overlap with the distribution of the native, endangered European mink. Over the 27 years (1985-2012), the distribution area of non-native mink in Spain increased by 17 times, with an average annual increment of 16.5% and no significant variation among populations. By 2012, a quarter of continental Spain was occupied by the American mink and its presence was confirmed in one-third of the distribution area of the European mink. The status of native mink has worsened drastically in Spain over the last years and urgent conservation measures are required to stop further spread of the American mink.",10.1515/mammalia-2017-0013,Wright et al,WOS:000449147100006,"[""Animalia""]","[""Chordata""]","[""Mammalia""]","[""Carnivora""]","[""Mustela lutreola""]","[""Mustela""]"
"The influence of riparian vegetation, woody debris, stream morphology and human activity on the use of rivers by southern river otters in Lontra provocax in Chile","The distribution of the Endangered southern river otter Lontra provocax population in southern Chile has contracted, causing concern among otter specialists and conservationists. The main factor contributing to this decline is the loss of suitable habitat. Because the Chilean Irrigation Law promotes land drainage, the removal of riparian vegetation and canalization of lowland rivers in several provinces, this situation could deteriorate further. Using an Index of Revisitation Rate (IRR), we assessed the influence of woody debris, riparian vegetation, river bank morphology and river canalization on the use of rivers and streams by the southern river otter. Surveys were conducted on foot, on a monthly basis, between April 1999 and March 2001 in the south of Chile. The surveys covered 13 sections of rivers and streams, 3 km long and <50 m wide. River and stream banks with high density of riparian vegetation, woody debris and exposed roots had the highest IRR; most of the highly marked sprainting sites were found in this habitat. Canalized rivers and streams lacking these characteristics had the lowest IRR and hardly any highly marked sprainting sites. The data indicates that otters can tolerate some degree of riparian vegetation removal, provided there is minimum use of floodplains by humans. Temperate evergreen ombrophilus swamp forests and shallow watercourses with woody debris or gravel, riparian vegetation and a plentiful supply of macrocrustaceans appear to be the preferred habitat and conditions for the otter and may be key to its survival in freshwater habitats.",10.1017/S0030605303000784,Wright et al,WOS:000186977300019,"[""Animalia""]","[""Chordata""]","[""Mammalia""]","[""Carnivora""]","[""Lontra provocax""]","[""Lontra""]"
Evaluation of the genetic management of the endangered black-footed ferret (Mustela nigripes),"Empirical support for the genetic management strategies employed by captive breeding and reintroduction programs is scarce. We evaluated the genetic management plan for the highly endangered black-footed ferret (Mustela nigripes) developed by the American Zoo and Aquarium Associations (AZA) as a part of the species survival plan (SSP). We contrasted data collected from five microsatellite loci to predictions from a pedigree-based kinship matrix analysis of the captive black-footed ferret population. We compared genetic diversity among captive populations managed for continued captive breeding or reintroduction, and among wild-born individuals from two reintroduced populations. Microsatellite data gave an accurate but only moderately precise estimate of heterozygosity. Genetic diversity was similar in captive populations maintained for breeding and release, and it appears that the recovery program will achieve its goal of maintaining 80% of the genetic diversity of the founder population over 25 years. Wild-born individuals from reintroduced populations maintained genetic diversity and avoided close inbreeding. We detected small but measurable genetic differentiation between the reintroduced populations. The model of random mating predicted only slightly lower levels of heterozygosity retention compared to the SSP strategy. The random mating strategy may be a viable alternative for managing large, stable, captive populations such as that of the black-footed ferret. (C) 2003 Wiley-Liss, Inc.",10.1002/zoo.10089,Wright et al,WOS:000183950800007,"[""Animalia""]","[""Chordata""]","[""Mammalia""]","[""Carnivora""]","[""Mustela nigripes""]","[""Mustela""]"
"Importance, cause and effect of bushmeat hunting in the Udzungwa Mountains, Tanzania: Implications for community based wildlife management","Community Based Wildlife Management (CBWM) has been suggested as a conservation strategy in response to bushmeat hunting in the Udzungwa Mountains within the Eastern Afromontane biodiversity hotspot. The feasibility of CBWM based on meat cropping was therefore evaluated in New Dabaga/Ulangambi Forest Reserve (NDUFR). Comparison of relative wildlife densities with West Kilombero Scarp Forest Reserve, which is subject to only low hunting pressure, indicate that most relevant populations are severely depleted (Cephalophus monticola, C. harueyi and C. spadix, Potamochoerus larvatus) and hence that sustainable harvesting currently is not possible in NDUFR. Records of catch from hunters in the villages surrounding NDUFR indicate that bushmeat is of relatively low importance in terms of use and contribution to protein intake. Proximity to NDUFR and secondarily population size in the different villages is positively correlated with hunting intensity and depletion of wildlife. Comparisons between hunters and non-hunters in terms of wealth measures show that hunting is linked to poverty and low protein intake. An estimation of maximum sustainable harvest in NDUFR reveals that CBWM only has limited capacity to reduce these causes of hunting, maintain the communities' interest and offset the opportunity costs of conservation. Results of this study suggest that conservation efforts in NDUFR should focus on protecting wildlife against exploitation instead of encouraging use and dependence through CBWM. Supporting efforts should attempt to facilitate a complete shift to domestic sources of meat, by increasing the number of domestic animals in the poorest part of the population. (c) 2005 Elsevier Ltd. All rights reserved.",10.1016/j.biocon.2005.10.017,Benitez lopez et al,WOS:000236100800009,"[""Animalia""]","[""Chordata""]","[""Aves""]","[""Cetartiodactyla"", ""Rodentia""]","[""Cephalophus harveyi"", ""Cricetomys gambianus"", ""Philantomba monticola""]",
Genetic structure of North American wolverine (Gulo gulo) populations,"Wolverines (Gulo gulo) are found in low densities throughout their circumpolar distribution. They are also potentially susceptible to human-caused population fragmentation (development, recreation and fur harvesting). The combination of these factors has contributed to this species being listed as having either vulnerable or endangered status across much of its current range. The effects of inherently low densities and anthropogenic pressures on the genetic structure and variation of wolverine populations are, as yet, unknown. In this study, 461 individuals were typed at 12 microsatellite loci to investigate the population genetic structure of wolverines from north-western Alaska to eastern Manitoba. Levels of gene flow and population differentiation among the sampled regions were estimated via a genotype assignment test, pairwise F-ST, and two genetic distance measures. Our results suggest that wolverine populations from southernmost regions, in which anthropogenic factors are strongest, revealed more genetic structuring than did northern populations. Furthermore, these results suggest that reductions in this species' range may have led to population fragmentation in the extreme reaches of its southern distribution. The continued reduction of suitable habitat for this species may lead to more populations becoming isolated remnants of a larger distribution of northern wolverines, as documented in other North American carnivore species.",10.1046/j.1365-294x.2001.01222.x,Wright et al,WOS:000167779400006,"[""Animalia""]","[""Chordata""]","[""Mammalia""]","[""Carnivora""]","[""Gulo gulo""]","[""Gulo""]"
The Neotropical otter Lontra longicaudis: a comprehensive update on the current knowledge and conservation status of this semiaquatic carnivore,"1The Neotropical otter Lontra longicaudis is a widespread semiaquatic carnivore living in a wide variety of environments in both fresh-water and salt-water ecosystems. We summarise the current knowledge on distribution, ecology, behaviour, evolution and conservation status of the species, and highlight the main threats that have been affecting it as well as priority actions for securing its survival. The current geographical range of Lontra longicaudis is discussed, as well as several efforts that have been made to update knowledge of the range. Throughout its known distribution area, the Neotropical otter has high genetic diversity, and recent molecular research suggests that variations in genetic diversity are related to geography. Taxonomic issues regarding the existence of subspecies persist, mainly due to limited sampling in key portions of the species' range. Although the Neotropical otter is widely distributed in Latin America and has flexible behaviour, it is subjected to a variety of threats, which lead this otter to be officially considered Threatened in several countries within its geographical range. The species still faces an uncertain future due to the impact of human activities, thus justifying its classification as Near Threatened in the International Union for Conservation of Nature's Red List. The real level of human-otter conflicts and the impact of modified environments on Neotropical otter populations are still unclear, and must be a priority focus of future studies. There is an urgent need to increase our knowledge on aspects of the Neotropical otter's biology, such as reproduction, generation time, behaviour, physiology, distribution limits, sanitary aspects, evolution and taxonomy. Understanding these topics is vital to ensure the long-term survival of the species, both at the local and at the regional scale, as well as to provide the basis for environmental education actions involving local riverside human communities .",10.1111/mam.12098,Wright et al,WOS:000409144000007,"[""Animalia""]","[""Chordata""]","[""Mammalia""]","[""Carnivora""]","[""Lontra longicaudis""]","[""Lontra""]"
Status of American martens in coastal forests of the Pacific states,"American martens (Martes americana) are associated strongly with mature conifer forests and once occurred throughout the mountains of the coastal Pacific states. We sought to document the distribution of martens in this region using historical records and to understand recent change in their distribution. We described the distribution of martens from 1900 to 1949 using museum and trapping records and compared it to recent (1989-1998) detections at camera and track-plate stations. Martens were detected at only 12 of the 237 (5.1%) survey sample units in coastal California, Oregon, and Washington. Martens are absent from most of the historical range of the Humboldt marten (M. a. humboldtensis) in California and also may have declined on the Olympic Peninsula of Washington. Few data exist from northwestern Oregon and southwestern Washington, but the limited amount of protected public land and absence of reported road kills are reasons for concern fur populations in this region. Martens still occur in the central and southern coastal mountains of Oregon. Our results suggest that conservation of martens in coastal forests will require new initiatives to protect existing populations and new efforts to document all populations of martens in this region. Conservation measures should include a reevaluation of timber harvest plans that affect habitat in coastal forests, interagency cooperation on a coastal marten conservation assessment, and the collection of new survey information, especially on private lands in southwestern Washington and northwestern Oregon.",10.1644/1545-1542(2001)082<0478:SOAMIC>2.0.CO;2,Wright et al,WOS:000168879100020,"[""Animalia""]","[""Chordata""]","[""Mammalia""]","[""Carnivora""]","[""Martes americana""]","[""Martes""]"
ORGANOCHLORINE PESTICIDE-RESIDUES AND PCBS IN OTTER SCATS FROM NATAL,"Organochlorine pesticide residues and PCBs were measured in scat samples of Cape clawless otter Aonyx capensis, spotted-necked otter Lutra maculicollis and water mongoose Atilax paludinosus from four localities in Natal. DDE and PCBs occurred in all samples, dieldrin in all but one. Trace amounts of o,p-DDD and o,p-DDT were present but lindane was not detected. Scats of A. capensis contained higher concentrations of contaminants than those of the two other species. Overall levels of contamination were low and unlikely to pose a threat to otter populations at the localities studied.",,Wright et al,WOS:A1992HQ39800006,"[""Animalia""]","[""Chordata""]","[""Mammalia""]","[""Carnivora""]","[""Aonyx capensis"", ""Hydrictis maculicollis""]","[""Aonyx Lesson"", ""Hydrictis""]"
Giant otter population responses to habitat expansion and degradation induced by a mega hydroelectric dam,"Large hydroelectric dams are major drivers of habitat loss and degradation in lowland Amazonia. Hydroelectric reservoirs reduce the habitat available for terrestrial species, but create new open-water and shoreline lake habitat that can potentially boost populations of aquatic and semi-aquatic species, such as the threatened giant otter (Pteronura brasiliensis). To assess the impacts of mega-dams on this apex-predator, we surveyed the giant otter population across the 443,772-hectare Balbina Hydroelectric Reservoir of central Brazilian Amazonia between 14 and 25 years after this reservoir creation. We compared changes in habitat area and estimated giant otter population size between the reservoir pre- and post-filling stages. The Balbina dam created 3525 islands and increased the open-water surface and total reservoir perimeter available to otters by a factor of 62.7 and 8.9, respectively. Some 25 years after damming, however, the estimated post-filling giant otter population size was only twice greater than that estimated before filling and 4.5 times smaller than would be predicted given the total available habitat area and density of dens quantified at a neighbouring undisturbed area used as a surrogate of the pre-filling phase. The observed mismatch between the proportional increase in otter population size and the much greater newly available reservoir habitat area is likely due to low habitat quality in terms of low fish prey productivity and scarcity of suitable sites for denning and territory demarcation. This should be considered in strategic environmental impact assessments of planned hydroelectric dams and in managing existing and future hydropower development in lowland tropical forests. (c) 2014 Elsevier Ltd. All rights reserved.",10.1016/j.biocon.2014.03.015,Wright et al,WOS:000337650800004,"[""Animalia""]","[""Chordata""]","[""Mammalia""]","[""Carnivora""]","[""Pteronura brasiliensis""]","[""Pteronura""]"
Retention time of chlorophacinone in black-tailed prairie dogs informs secondary hazards from a prairie dog rodenticide bait,"BACKGROUNDSecondary toxicity in mammals and birds that consume animals containing residues of anticoagulant rodenticides represents a persistent conflict between conservation, agriculture and environmental contamination. Chlorophacinone residues in black-tailed prairie dogs (Cynomys ludovicianus) represent a secondary exposure hazard to predatory and scavenging avian and mammalian species in the Central Plains of the United States, especially considering efforts to re-establish black-footed ferrets (Mustela nigripes). Rozol((R)) Prairie Dog Bait (chlorophacinone 0.005%) is registered to control black-tailed prairie dogs in ten states throughout the midwestern and western United States. RESULTSWe fed Rozol Prairie Dog Bait to captive black-tailed prairie dogs for 2 days and analyzed their livers and whole bodies (without livers) for chlorophacinone residue on days 3, 5, 7, 9, 11, 14, 18 and 27 post-exposure. We found the greatest levels of residues in livers ( = 5.499 mg kg(-1)) and whole bodies ( = 1.281 mg kg(-1)) on day 3. Residues in both tissues declined rapidly over time, with estimated half-lives of approximately 6 days post-exposure. However, a risk assessment of secondary toxicity to non-target mammals indicated acute risks for mammalian species up to 27 days post-exposure and negligible risks for birds. CONCLUSIONThe results suggest that the greatest risk of secondary toxicity occurs 14 days post-application of Rozol Prairie Dog Bait and declines thereafter. This corresponds to the time when chlorophacinone residues are high, and prairie dogs exhibit signs of intoxication and are perhaps most susceptible to predation and scavenging. These results confirm that Rozol Prairie Dog Bait should not be used in areas where black-footed ferrets or other sensitive species occur. Published 2015. This article is a U.S. Government work and is in the public domain in the USA.",10.1002/ps.4045,Wright et al,WOS:000371543900010,"[""Animalia""]","[""Chordata""]","[""Mammalia""]","[""Carnivora""]","[""Mustela nigripes""]","[""Mustela""]"
The Near Threatened Eurasian otter Lutra lutra in Morocco: no sign of recovery,"Although the Near Threatened Eurasian otter Lutra lutra has been recovering in Europe since the 1980s nothing is known about population trends of the species in northern Africa. Ninety sites was searched for signs of otters in northern and western Morocco in 1983 and we repeated this survey in 2011. At each site we searched for otter spraints (faeces) or clear footprints along a maximum of 600 m of river bank, ending the search when the first sign was found. Overall results were strikingly similar in 1983 and 2011, with 36 positive sites and the same general distribution pattern of the species. Healthy otter populations appear to remain in the foothills of the Middle and High Atlas but the trend of populations disappearing from the relatively flat Atlantic slope has increased. The results are in clear contrast with the recovery of otter populations in Europe, probably because of differences in the implementation of environmental policies, especially regarding water pollution.",10.1017/S0030605311001517,Wright et al,WOS:000303837100020,"[""Animalia""]","[""Chordata""]","[""Mammalia""]","[""Carnivora""]","[""Lutra lutra""]","[""Lutra""]"
Human-wildlife conflicts at pond fisheries in eastern Poland: perceptions and management of wildlife damage,"Wildlife occurring at aquacultural sites can ignite conflicts over resources managed by humans. A telephone survey concerning nuisance wildlife occurrence, perceptions of inflicted damage, and use of preventive measures at pond fisheries was conducted in 2003-2004 in eastern Poland. Significant economic losses to wildlife were reported by 80% of the respondents, with 41% claiming severe losses to more than one species. Serious damage was attributed primarily to otters Lutra lutra (56% of farms), cormorants Phalacrocorax carbo (26%), grey herons Ardea cinerea (23%), and beavers Castor fiber (21%). Two alien species, mink Neovison vison and muskrat Ondatra zibethicus, were widespread, but rarely blamed for causing substantial harm. Lethal controls were the most popular means of damage reduction and were more likely to be deployed at fish farms reporting significant losses. Cormorants, shot at half of the farms visited, were the most widely persecuted. Both otters and beavers were culled, notwithstanding their protection status and compensation payments available for beaver damage to ponds. The survey indicated poor cooperation between conservation authorities and fish farmers in managing wildlife concerns. Monitoring conflict interactions, i.e., wildlife occurrence and alleged damage at fish farms vs damage management processes, is an essential step toward conflict alleviation. Considering the wide range of species interacting with fisheries, adoption of more flexible policies to address the conflicts than a single-species conservation approach is recommended.",10.1007/s10344-010-0426-5,Wright et al,WOS:000288553600012,"[""Animalia""]","[""Chordata""]","[""Mammalia""]","[""Carnivora""]","[""Lutra lutra""]","[""Lutra""]"
Impacts of roads and hunting on central African rainforest mammals,"Road expansion and associated increases in hunting pressure are a rapidly growing threat to African tropical wildlife. In the rainforests of southern Gabon, we compared abundances of larger (> 1 kg) mammal species at varying distances from forest roads and between hunted and unhunted treatments (comparing a 130-km(2) oil concession that was almost entirely protected from hunting with nearby areas outside the concession that had moderate hunting pressure). At each of 12 study sites that were evenly divided between hunted and unhunted areas, we established standardized 1-km transects at five distances (50, 300, 600, 900, and 1200 m) from an unpaved road, and then repeatedly surveyed mammals during the 2004 dry and wet seasons. Hunting had the greatest impact on duikers (Cephalophus spp.), forest buffalo (Syncerus caffer nanus), and red river bogs (Potamochoerus porcus), which declined in abundance outside the oil concession, and lesser effects on lowland gorillas (Gorilla gorilla gorilla) and carnivores. Roads depressed abundances of duikers, sitatungas (Tragelaphus spekei gratus), and forest elephants (Loxondonta africana cyclotis), with avoidance of roads being stronger outside than inside the concession. Five monkey species showed little response to roads or hunting, whereas some rodents and pangolins increased in abundance outside the concession, possibly in response to greater forest disturbance. Our findings suggest that even moderate hunting pressure can markedly alter the structure of mammal communities in central Africa. Roads had the greatest impacts on large and small ungulates, with the magnitude of road avoidance increasing with local bunting pressure.",10.1111/j.1523-1739.2006.00420.x,Benitez lopez et al,WOS:000239545500036,"[""Animalia""]","[""Chordata""]","[""Aves""]","[""Cetartiodactyla"", ""Proboscidea""]","[""Cephalophus callipygus, C. dorsalis, C. leucogaster, C. nigrifrons and C. ogilbyi"", ""Loxodonta africana""]",
Density dynamics and changes in habitat use by the European mink and other native mustelids in connection with the American mink expansion in Belarus,"Changes in spatial structure of the native riparian mustelid guild including the European mink Mustela lutreola, otter Lutra lutra, polecat M. putorius and stoat M. erminea in connection with the expansion of the American mink M. vison were analysed on the basis of a radiotracking and snowtracking study in the upper reaches of the Lovat river, NE Belarus. Four main questions were investigated: (1) how does habitat selection differ between the native mustelids in the absence of American mink? (2) does habitat use change following the arrival of American mink and, if so, how? (3) does habitat selection differ between the two mink species? (4) how does European mink density before American mink arrival compare with American mink densities after the disappearance of European mink? Before American mink naturalization, European mink density was highest at small rivers and brooks, otter density was highest at larger rivers, polecats were found to inhabit all types of river banks and shores at a similar density. No changes in otter habitat use were found after the American mink expansion. Gradually, during four years of the American mink expansion, European mink became rare at small rivers. However, at brooks used less frequently by American mink there was little change in European mink density. Radiotracking data showed that American mink drive European mink away from rivers. European mink are still found at brooks, however, such small streams are used more frequently by European mink males than by females, because there is not enough food to rear a litter. Following the American mink expansion, the polecat population along the banks and shores was reduced by approximately half. In riparian habitats American mink seems to be a more competitive species than the polecat and as a result, polecat populations tend to decline there. Furthermore, as with European mink, polecat females are at an even greater competitive disadvantage due to their smaller body size. The most important difference in habitat selection of the native mink and naturalized mink is that the European mink inhabited banks and shores and usually stayed close to aquatic ecosystems, whereas the American mink fairly frequently inhabited marshes, pools and even dry forest.",10.1163/156854201750210878,Wright et al,WOS:000169673400008,"[""Animalia""]","[""Chordata""]","[""Mammalia""]","[""Carnivora""]","[""Mustela lutreola""]","[""Mustela""]"
Patterns of mortality in southern sea otters (Enhydra lutris nereis) from 1998-2001,"Detailed postmortem examination of southern sea otters (Enhydra lutris nereis) found along the California (USA) coast has provided an exceptional opportunity to understand factors influencing survival in this threatened marine mammal species. In order to evaluate recent trends in causes of mortality, the demographic and geographic distribution of causes of death in freshly deceased beacheast sea otters necropsied from 1998-2001 were evaluated. Protozoal encephalitis, acanthocephalan-related disease, shark attack, and cardiac disease were identified as common causes of death in sea otters examined. While infection With acanthocephalan parasites was more likely to cause death in juvenile otters, Toxoplasma gondii encephalitis, shark attack, and cardiac disease were more common in prime-aged adult otters. Cardiac disease is a newly recognized cause of mortality in sea otters and T gondii encephalitis was significantly associated with this condition. Otters with fatal shark bites were over three times more likely to have preexisting T gondii encephalitis suggesting that shark attack, which is it long-recognized source of mortality in otters, may be coupled with a recently recognized disease in otters. Spatial clusters of cause-specific mortality were detected for T gondii encephalitis (in Estero Bay), acanthocephalan peritonitis (in southern Monterey Bay), and shark attack (from Santa Cruz to Point Ano Nuevo). Diseases caused by parasites, bacteria, or fungi and diseases without a specified etiology were the primary cause of death in 63.8% of otters examined. Parasitic disease alone caused death in 38.1% of otters examined. This pattern of mortality, observed predominantly in juvenile and prime-aged adult southern sea otters, has negative implications for the overall health and recovery of this population.",10.7589/0090-3558-39.3.495,Wright et al,WOS:000185459200002,"[""Animalia""]","[""Chordata""]","[""Mammalia""]","[""Carnivora""]","[""Enhydra lutris""]","[""Enhydra""]"
GEOGRAPHIC-VARIATION IN DENSITIES AND DIVERSITIES OF NON-FLYING MAMMALS IN AMAZONIA,"Non-flying mammals were surveyed by trapping and transect census at 7 localities in Peru, Ecuador and Brazil. Relative numbers of individuals of smaller species varied dramatically from site to site while those of large species tended to be quite constant. The observed pattern of variation in numbers of individuals is mirrored by species richness differences between western Amazonia and the Guiana Shield region of Brazil, suggesting that similar environmental factors may regulate both the numbers of individuals and species in a locality. Soil fertility and undergrowth density are positively correlated with the density and species richness of mammals in the locality but quantity or pattern of rainfall does not seem to account for any of the observed differences. Competition, home range size and diet are discussed as possible causes of the differential reduction in density and species richness of small, compared to large species in unfavorable habitats. Hunting has extirpated or severely reduced populations of large mammals, especially primates, at 5 of the 7 localities surveyed.",10.2307/2388054,Benitez lopez et al,WOS:A1984TR49200005,"[""Animalia""]","[""Chordata""]","[""Aves""]","[""Primates"", ""Carnivores"", ""Pilosa"", ""Didelphimorphia"", ""Rodentia"", ""Cingulata"", ""Cetartiodactyla""]","[""Alouatta spp"", ""Aotus trivirgatus"", ""Ateles spp"", ""Bassaricyon medius"", ""Bradypus variegatus"", ""Callicebus spp"", ""Caluromysiops irrupta"", ""Cebuella pygmaea"", ""Cebus albifrons"", ""Cuniculus paca"", ""Dactylomys dactylinus"", ""Dasypus novemcinctus"", ""Didelphis marsupialis"", ""Leopardus pardalis and L. wiedii"", ""Marmosa demerarae"", ""Marmosa spp"", ""Marmosops noctivagus and M. parvidens"", ""Mazama americana"", ""Metachirus nudicaudatus"", ""Oryzomys spp."", ""Panthera onca"", ""Philander opossum"", ""Potos flavus"", ""Potos flavus or Bassaricyon spp"", ""Proechimys spp"", ""Puma concolor"", ""Saguinus spp"", ""Saimiri spp"", ""Sapajus apella"", ""Sciurus spp"", ""Sciurus spp (small)""]",
"STRUCTURE, REPRODUCTIVE STATUS AND DYNAMICS OF THE OTTER POPULATION IN BELORUSSIA","The study was carried out from 1982 - 1989 at seven stations located in various parts of Byelorussia. The stations represented different land-use types. The abundance and structure (spacial, sex, age) of the otter Lutra lutra (Linnaeus, 1758) population and some features of breeding biology (time of birth, female role in reproduction, fecundity) were examined. Mortality of both adult and young animals, together with causes of death, were assessed. The effects of harvest and of man-made modifications to areas (mostly transformation of natural waterbodies and the creation of new water reservoirs) on the structure and breeding of otter populations were studied.",10.4098/AT.arch.91-12,Wright et al,WOS:A1991HD03300011,"[""Animalia""]","[""Chordata""]","[""Mammalia""]","[""Carnivora""]","[""Lutra lutra""]","[""Lutra""]"
The influence of fish abundance on the otter (Lutra lutra) populations in Iberian Mediterranean habitats,"Recent studies show that the availability of prey influences the ecology of otters by regulating breeding, carrying capacity and mortality. Mediterranean habitats experience extreme seasonal variation in water flow - a stress period can occur in summer when water Rows and levels are low with long periods of drought, while torrential floods usually occur in autumn and spring. Reservoirs can affect this situation by further influencing water flow regimes and acting as a barrier. Our data show the close relationship between the amount of food (fish) available to otters and their use of a stretch of water and the otter density there. The adjustment of the number of individuals land carrying capacity) in an area can be seen from their mortality, a decrease in their reproductive success, or migration. Our results are consistent with the hypothesis that otters are food-limited. Torrential rains, summer droughts and dams for water management have repercussions for otter populations in as much as they affect their prey-species. Barbels Barbus spp. and, secondarily, nases Chondrostoma spp. are shown to be important to otter ecology and breeding in Mediterranean Iberian rivers. The conservation and management of the otter in these habitats must not ignore the management of food sources. In order not to affect otter populations, the effect of the reservoirs and their dams also must be considered. The release and cessation of floodwater from reservoirs must be progressive and mimic more closely the flow regime of natural rivers.",10.1017/S0952836901000838,Wright et al,WOS:000169985400005,"[""Animalia""]","[""Chordata""]","[""Mammalia""]","[""Carnivora""]","[""Lutra lutra""]","[""Lutra""]"
"Game Vertebrate Densities in Hunted and Nonhunted Forest Sites in Manu National Park, Peru","Manu National Park of southern Peru is one of the most renowned protected areas in the world, yet large-bodied vertebrate surveys conducted to date have been restricted to Cocha Cashu Biological Station, a research station covering <0.06 percent of the 1.7Mha park. Manu Park is occupied by >460 settled Matsigenka Amerindians, 300-400 isolated Matsigenka, and several, little-known groups of isolated hunter-gatherers, yet the impact of these native Amazonians on game vertebrate populations within the park remains poorly understood. On the basis of 1495 km of standardized line-transect censuses, we present density and biomass estimates for 23 mammal, bird, and reptile species for seven lowland and upland forest sites in Manu Park, including Cocha Cashu. We compare these estimates between hunted and nonhunted sites within Manu Park, and with other Neotropical forest sites. Manu Park safeguards some of the most species-rich and highest biomass assemblages of arboreal and terrestrial mammals ever recorded in Neotropical forests, most likely because of its direct Andean influence and high levels of soil fertility. Relative to Barro Colorado Island, seed predators and arboreal folivores in Manu are rare, and generalist frugivores specializing on mature fruit pulp are abundant. The impact of such a qualitative shift in the vertebrate community on the dynamics of plant regeneration, and therefore, on our understanding of tropical plant ecology, must be profound. Despite a number of external threats, Manu Park continues to serve as a baseline against which other Neotropical forests can be gauged.",10.1111/j.1744-7429.2009.00546.x,Benitez lopez et al,WOS:000275215700017,"[""Animalia""]","[""Chordata""]","[""Mammalia"", ""Aves""]","[""Tinamiformes"", ""Galliformes"", ""Gruiformes"", ""Primates"", ""Rodentia"", ""Cetartiodactyla"", ""Carnivores"", ""Perissodactyla""]","[""Crypturellus atrocapillus, C. bartletti, C. cinereus, C.soui, C. strigulosus, C. undulatus and C. variegatus"", ""Mitu tuberosum"", ""Odontophorus gujanensis"", ""Penelope jacquacu"", ""Pipile cumanensis"", ""Psophia leucoptera"", ""Tinamus major, T. guttatus and T. tao"", ""Alouatta sara"", ""Ateles chamek"", ""Callicebus brunneus"", ""Cebus albifrons"", ""Dasyprocta punctata"", ""Lagothrix cana"", ""Mazama americana and M. gouazoubira"", ""Myoprocta pratti"", ""Pecari tajacu"", ""Saguinus fuscicollis"", ""Saimiri boliviensis"", ""Sapajus apella"", ""Sciurus spadiceus and S.sanborni."", ""Speothos venaticus"", ""Tapirus terrestris"", ""Tayassu pecari""]",
"Modeling Behavior by Coastal River Otter (Lontra Canadensis) in Response to Prey Availability in Prince William Sound, Alaska: A Spatially-Explicit Individual-Based Approach","Effects of climate change on animal behavior and cascading ecosystem responses are rarely evaluated. In coastal Alaska, social river otters (Lontra Canadensis), largely males, cooperatively forage on schooling fish and use latrine sites to communicate group associations and dominance. Conversely, solitary otters, mainly females, feed on intertidal-demersal fish and display mutual avoidance via scent marking. This behavioral variability creates hotspots of nutrient deposition and affects plant productivity and diversity on the terrestrial landscape. Because the abundance of schooling pelagic fish is predicted to decline with climate change, we developed a spatially-explicit individual-based model (IBM) of otter behavior and tested six scenarios based on potential shifts to distribution patterns of schooling fish. Emergent patterns from the IBM closely mimicked observed otter behavior and landscape use in the absence of explicit rules of intraspecific attraction or repulsion. Model results were most sensitive to rules regarding spatial memory and activity state following an encounter with a fish school. With declining availability of schooling fish, the number of social groups and the time simulated otters spent in the company of conspecifics declined. Concurrently, model results suggested an elevation of defecation rate, a 25% increase in nitrogen transport to the terrestrial landscape, and significant changes to the spatial distribution of hotspots with declines in schooling fish availability. However, reductions in availability of schooling fish could lead to declines in otter density over time.",10.1371/journal.pone.0126208,Wright et al,WOS:000355979500012,"[""Animalia""]","[""Chordata""]","[""Mammalia""]","[""Carnivora""]","[""Lontra canadensis""]","[""Lontra""]"
Discriminating between village and commercial hunting of apes,"Hunting is the major driver of large mammal decline in Central African forests. in slowly reproducing species even low hunting pressure leaves spatial gradients with wildlife density increasing with distance from transport routes and human settlements. Park management can use this pattern formation to identify sources of threats, but also to discriminate between different threat scenarios, such as the impact of subsistence vs. commercial hunting. We conducted an ape survey in the mountainous Moukalaba Doudou National Park, Gabon, to evaluate whether potential population gradients would emanate from the three human population centers in the region or the villages surrounding the park. Using generalized linear modeling we found hill slope as a good predictor of ape nest occurrence probability and the distance to human population centers a better predictor of ape nest density and ape nest group size than distance to villages. In fact ape nest density was three times lower at the park borders close to the human population centers than in the park's interior. The results indicate that Moukalaba's ape population is more impacted by commercial than subsistence hunting and suggest that park management should focus conservation efforts on the human population centers. We conclude that in particular for slowly reproducing species geographic information on wildlife population gradients are of additional value for guiding protected area management. The hunting impact on those species might be easily underestimated, if derived only from market surveys or transport route controls, where they are only rarely found. (C) 2009 Elsevier Ltd. All rights reserved.",10.1016/j.biocon.2009.02.032,Benitez lopez et al,WOS:000266752500026,"[""Animalia""]","[""Chordata""]","[""Aves""]","[""Primates""]","[""Gorilla gorilla"", ""Pan troglodytes""]",
Canine distemper virus infection in a lesser grison (Galictis cuja): first report and virus phylogeny,"Megid J., Teixeira C.R., Cortez A., Heinemann M.B., Antunes J.M.A.P., Fornazari F., Rassy F.B. & Richtzenhaim L.J. 2013. Canine distemper virus infection in a lesser grison (Galictis cuja): first report and virus phylogeny. Pesquisa Veterinaria Brasileira 33(2):247-250. Departamento de Higiene Veterinaria e Saude Publica, Faculdade de Medicina Veterinariae Zootecnia, Universidade Estadual Paulista, Distrito de Rubiao Jr s/n, Botucatu, SP 18618-970, Brazil. E-mail: jane@fmvz.unesp.br Infectious diseases in wild animals have been increasing as a result of their habitat alterations and closer contact with domestic animals. Canine distemper virus (CDV) has been reported in several species of wild carnivores, presenting a threat to wildlife conservation. We described the first case of canine distemper virus infection in lesser grison (Galictis cuja). A free-ranging individual, with no visible clinical sigs, presented sudden death after one day in captivity. Molecular diagnosis for CDV infection was performed using whole blood collected by postmortem intracardiac puncture, which resulted positive. The virus phylogeny indicated that domestic dogs were the probable source of infection.",10.1590/S0100-736X2013000200018,Wright et al,WOS:000317670900018,"[""Animalia""]","[""Chordata""]","[""Mammalia""]","[""Carnivora""]","[""Galictis cuja""]","[""Galictis""]"
Otter Lutra lutra population expansion: assessing habitat suitability and connectivity in southern Italy,"The Eurasian otter is one of the most endangered mammals in Italy and its distribution is now restricted in two isolated portions in southern Italy. However, in recent times, this species has shown a tendency to expand its range. especially northwards. It is therefore important to identify suitable areas oil the border of its expansion range where the species call establish and disperse, so that these areas call be targeted for conservation actions. To this aim. the distribution. quality and connectivity of habitats of seven river catchments located in the northern portion of the current otter range in Italy were assessed. Catchments included both rivers where the otter currently occurs and where it is likely to expand in the short-medium term. An expert-based Habitat Suitability (HS) model was developed and validated using otter presence-absence data based oil standard field surveys. Fine scale riverbank land cover. extra-riparian coarse scale land cover, attitude, bank slope, and human disturbance were considered as the main factors in the HS model. These variables were available or newly created in the form of digital maps (layers) and the HS model was built by sequentially filtering these layers. Connectivity was assessed within and between river basins through landscape algorithms by taking into account variables that could influence otter dispersal. The results indicated that the seven rivers considered are heterogeneous both in terms of habitat suitability and in terms of connectivity. Among these, one river in particular (the river Volturno). where otters are currently present, showed one of the largest extensions Of Suitable habitats and the best connectivity both within the river and between the river and the neighbouring catchments, suggesting that this river could play a strategic role in the survival and expansion of otters in the surrounding areas.",,Wright et al,WOS:000271968300007,"[""Animalia""]","[""Chordata""]","[""Mammalia""]","[""Carnivora""]","[""Lutra lutra""]","[""Lutra""]"
Habitat Potential Mapping of Marten (Martes flavigula) and Leopard Cat (Prionailurus bengalensis) in South Korea Using Artificial Neural Network Machine Learning,"This study developed habitat potential maps for the marten (Martes flavigula) and leopard cat (Prionailurus bengalensis) in South Korea. Both species are registered on the Red List of the International Union for Conservation of Nature, which means that they need to be managed properly. Various factors influencing the habitat distributions of the marten and leopard were identified to create habitat potential maps, including elevation, slope, timber type and age, land cover, and distances from a forest stand, road, or drainage. A spatial database for each species was constructed by preprocessing Geographic Information System (GIS) data, and the spatial relationship between the distribution of leopard cats and environmental factors was analyzed using an artificial neural network (ANN) model. This process used half of the existing habitat location data for the marten and leopard cat for training. Habitat potential maps were then created considering the relationships. Using the remaining half of the habitat location data for each species, the model was validated. The results of the model were relatively successful, predicting approximately 85% for the marten and approximately 87% for the leopard cat. Therefore, the habitat potential maps can be used for monitoring the habitats of both species and managing these habitats effectively.",10.3390/app7090912,Wright et al,WOS:000414453600048,"[""Animalia""]","[""Chordata""]","[""Mammalia""]","[""Carnivora""]","[""Martes flavigula""]","[""Martes""]"
"Chlorinated hydrocarbon contaminants in feces of river otters from the southern Pacific coast of Canada, 1998-2004","Chlorinated hydrocarbon contaminants in coastal river otters (Lontra canadensis) were evaluated by sampling feces (scats) collected on the south coast of British Columbia, Canada. A broad survey of industrialized areas of the Strait of Georgia region was conducted in 1998, and a subsequent survey of working harbours in 2004. Samples from 1998 were analyzed for polychlorinated biphenyls (PCBs), organochlorine (OC) pesticides, and polychlorinated dioxins (PCDDs) and furans (PCDFs), while in 2004, chemistry was confined to Sigma PCBs and OC pesticides. Concentrations of OC pesticides were low in both years, with only dichlorodiphenyldichloroethylene (DDE; range: 0.01-2.12 mg/kg lw) and hexachlorocyclobenzene (HCB; range: 0.003-0.25 mg/kg lw) detected in all samples. In 1998, octachlorodibenzo-p-dioxin (OCDD) and other higher chlorinated PCDD/Fs were found in most samples, with OCDD ranging from 120 ng/kg lw in Clayoquot Sound to 19,100 ng/kg lw in a pooled sample from two latrines in Nanaimo. PCBs were present in all samples. In 1998 geometric mean concentrations of the sum of 59 PCB congeners ranged from 0.49 mg/kg lw in Nanaimo to 12.3 mg/kg lw in Victoria Harbour. Six years later, mean Sigma PCBs remained elevated (geometric mean 9.5 mg/kg lw) in Victoria Harbour. Geometric mean concentrations of Sigma PCBs from Victoria Harbour in 1998 and 2004 were >9 mg/kg lw, a published adverse effect level for reproduction. At some latrines in both Victoria and Esquimalt Harbours, concentrations of TCDD-toxic equivalents exceeded 1500 ng/kg lw, a value for health effects in otters that we derived using published information. As shown in previous studies, analysis of scats provides an efficient and non-intrusive approach to assessing contaminant threats to otter populations, and to documenting spatial trends in residues. (C) 2008 Elsevier B.V. All rights reserved.",10.1016/j.scitotenv.2008.01.063,Wright et al,WOS:000256923000007,"[""Animalia""]","[""Chordata""]","[""Mammalia""]","[""Carnivora""]","[""Lontra canadensis""]","[""Lontra""]"
Species recovery and recolonization of past habitats: lessons for science and conservation from sea otters in estuaries,"Recovering species are often limited to much smaller areas than they historically occupied. Conservation planning for the recovering species is often based on this limited range, which may simply be an artifact of where the surviving population persisted. Southern sea otters (Enhydra lutris nereis) were hunted nearly to extinction but recovered from a small remnant population on a remote stretch of the California outer coast, where most of their recovery has occurred. However, studies of recently-recolonized estuaries have revealed that estuaries can provide southern sea otters with high quality habitats featuring shallow waters, high production and ample food, limited predators, and protected haul-out opportunities. Moreover, sea otters can have strong effects on estuarine ecosystems, fostering seagrass resilience through their consumption of invertebrate prey. Using a combination of literature reviews, population modeling, and prey surveys we explored the former estuarine habitats outside the current southern sea otter range to determine if these estuarine habitats can support healthy sea otter populations. We found the majority of studies and conservation efforts have focused on populations in exposed, rocky coastal habitats. Yet historical evidence indicates that sea otters were also formerly ubiquitous in estuaries. Our habitat-specific population growth model for California's largest estuary-San Francisco Bay-determined that it alone can support about 6,600 sea otters, more than double the 2018 California population. Prey surveys in estuaries currently with (Elkhorn Slough and Morro Bay) and without (San Francisco Bay and Drakes Estero) sea otters indicated that the availability of prey, especially crabs, is sufficient to support healthy sea otter populations. Combining historical evidence with our results, we show that conservation practitioners could consider former estuarine habitats as targets for sea otter and ecosystem restoration. This study reveals the importance of understanding how recovering species interact with all the ecosystems they historically occupied, both for improved conservation of the recovering species and for successful restoration of ecosystem functions and processes.",10.7717/peerj.8100,Wright et al,WOS:000502042900004,"[""Animalia""]","[""Chordata""]","[""Mammalia""]","[""Carnivora""]","[""Enhydra lutris""]","[""Enhydra""]"
Genetic variability and size estimates of the Eurasian otter (Lutra lutra) population in the Bohemian Forest Ecosystem,"Even though recent years have shown a slow recovery of the Eurasian otter (Lutra lutra) populations from their previous lows, the species is still highly endangered in most parts of its European distribution range. Surprisingly, only a few studies have so far assessed the species' genetic variability and population density, and they have mostly been carried out only in small territories. In Germany, most otter populations live in protected areas whose management urgently needs data on population sizes and densities as well as on genetic variability of the species under their custody. Thus, we analyzed genetic variability and assessed size and density of the otter population in the Bohemian Forest Ecosystem, an area that had not been included in the few previous molecular studies. The study area comprised of 1500 km(2), divided into fifteen squares of 10 x 10 km2, each of which was sampled in two collection periods. Overall we collected 261 fecal samples (spraints), of which 60 (23%) could be genotyped at least at eight microsatellite loci, yielding 38 distinct otter genotypes. The low genotyping success rate was the result of high ambient temperature at the time of sampling rather than that of high humidity. The population did not show signs of a past bottleneck, indicating a small yet stable population size. Population size was estimated to be 118 (CI95% 64-163) individuals, with a mean density of 1 animal per 8.5 km(2) or 3.1 km river length. Our results imply that hunting, requested by local fishpond owners, should remain banned to avoid a decline in (effective) population size. (C) 2016 Deutsche Gesellschaft fiir Saugetierkunde. Published by Elsevier GmbH. All rights reserved.",10.1016/j.mambio.2016.12.001,Wright et al,WOS:000413132400007,"[""Animalia""]","[""Chordata""]","[""Mammalia""]","[""Carnivora""]","[""Lutra lutra""]","[""Lutra""]"
Innovative Techniques for Estimating Illegal Activities in a Human-Wildlife-Management Conflict,"Effective management of biological resources is contingent upon stakeholder compliance with rules. With respect to disease management, partial compliance can undermine attempts to control diseases within human and wildlife populations. Estimating non-compliance is notoriously problematic as rule-breakers may be disinclined to admit to transgressions. However, reliable estimates of rule-breaking are critical to policy design. The European badger (Meles meles) is considered an important vector in the transmission and maintenance of bovine tuberculosis (bTB) in cattle herds. Land managers in high bTB prevalence areas of the UK can cull badgers under license. However, badgers are also known to be killed illegally. The extent of illegal badger killing is currently unknown. Herein we report on the application of three innovative techniques (Randomized Response Technique (RRT); projective questioning (PQ); brief implicit association test (BIAT)) for investigating illegal badger killing by livestock farmers across Wales. RRT estimated that 10.4% of farmers killed badgers in the 12 months preceding the study. Projective questioning responses and implicit associations relate to farmers' badger killing behavior reported via RRT. Studies evaluating the efficacy of mammal vector culling and vaccination programs should incorporate estimates of non-compliance. Mitigating the conflict concerning badgers as a vector of bTB requires cross-disciplinary scientific research, departure from deep-rooted positions, and the political will to implement evidence-based management.",10.1371/journal.pone.0053681,Wright et al,WOS:000313682700035,"[""Animalia""]","[""Chordata""]","[""Mammalia""]","[""Carnivora""]","[""Meles meles""]","[""Meles""]"
The impact of river fragmentation on the population persistence of native and alien mink: an ecological trap for the endangered European mink,"The genetic diversity of feral and ranch American mink was studied in order to detect gene flux among rivers, investigate the processes of invasion, and determine the possible effects of river barriers. Tissue samples of 78 feral American mink from 5 different river catchments and 18 ranch mink, collected between 2007 and 2011 in Biscay, northern Spain, were genotyped at 21 microsatellite loci. Lack of genetic differentiation of feral mink among the sites and high differentiation between feral and ranch mink was suggested. These results confirm that the mink population established on Butrn River at the beginning of the 1990s may be the origin of almost all the feral mink population within the study area. Additionally, the occurrence of American and European mink was used to analyse the effect of fragmentation on the population viability. The size and composition of the home range of male European mink was considered to model minimum viable units for presence/absence. Forty-two minimum viable units were randomly distributed among rivers in order to analyse the effect of fragmentation on mink occurrence. Barriers were mapped and classified as slight, moderate or absolute, depending on the effect on mink movement, and were introduced into the models. The presence of European and American mink depended on the non-fragmented main river stretches and the number of tributaries free from barriers. Results showed that fragmented rivers can be temporarily occupied but the likelihood of death means that these areas are only sink patches for mink.",10.1007/s10531-012-0410-3,Wright et al,WOS:000312714300011,"[""Animalia""]","[""Chordata""]","[""Mammalia""]","[""Carnivora""]","[""Mustela lutreola""]","[""Mustela""]"
"Toxoplasma gondii infections in captive black-footed ferrets (Mustela nigripes), 1992-1998: Clinical signs, serology, pathology, and prevention","An epizootic of toxoplasmosis occurred among 22 adult and 30 kit black-footed ferrets (Mustela nigripes) maintained under quarantine conditions at the Louisville Zoological Garden (Louisville, Kentucky, USA) in June,1992. Black-footed ferrets appear to be highly susceptible to acute and chronic toxoplasmosis. Clinical signs were observed in 19 adults and six kits and included anorexia, lethargy, corneal edema, and ataxia. Two adults and six kits died with acute disease. High antibody titers to Toxoplasma gondii were detected by latex agglutination and modified agglutination assay in 10 black-footed ferrets. One adult and six kits that died with acute clinical signs were necropsied and T gondii-like organisms were found microscopically in multiple organs. Diagnosis of toxoplasmosis was confirmed by immunohistochemical staining with anti-T. gondii antibodies and by ultrastructural examination. Although the source of T gondii for black-footed ferrets was not identified, frozen uncooked rabbit was the most likely source. Chronic toxoplasmosis resulted in the death of an additional 13 black-footed ferrets that were adults during the epizootic. Affected animals developed chronic progressive posterior weakness and posterior ataxia 6-69 me after the epizootic began. Meningoencephalitis or meningoencephalomyelitis associated with chronic toxoplasmosis were identified at necropsy in all 13 ferrets. Precautions to prevent introduction of pathogens into the colony were insufficient to exclude T gondii. Although toxoplasmosis may cause significant mortality in mustelids, the high mortality of black-footed ferrets in this epizootic was of concern due to their endangered status. This is the first detailed report of toxoplasmosis in black-footed ferrets.",10.7589/0090-3558-39.4.787,Wright et al,WOS:000187791800005,"[""Animalia""]","[""Chordata""]","[""Mammalia""]","[""Carnivora""]","[""Mustela nigripes""]","[""Mustela""]"
Organochlorine compounds (pesticides and PCBs) in scats of the european otter (Lutra lutra) from an actual expanding population in central france,"Scats of the European otter (Lutra lutra) were sampled along the Allier river (France) catchment for organochlorine toxic compounds (nine pesticides and 16 PCBs congeners) measurement. From early 2004 to June 2005, 90 sites of 40 rivers were twice investigated, and 71 scats samples collected, in four geographical areas being naturally re-colonized by the species since its legal protection. Detectable pesticides and PCBs were found in 100% of the samples. Mean values reached 2.72 and 13.58 mg kg(-1) (lipid weight) for pesticides and PCBs, respectively. Amounts were significantly different between the four areas investigated. A significant increase in medium and absolute values is noted by going downstream of the catchment. Potential medium-and long-term consequences on the observed population increase are discussed.",10.1007/s11270-007-9462-5,Wright et al,WOS:000249987000006,"[""Animalia""]","[""Chordata""]","[""Mammalia""]","[""Carnivora""]","[""Lutra lutra""]","[""Lutra""]"
"Fine-scale distributions of carnivores in a logging concession in Sarawak, Malaysian Borneo","Coarse-scale patterns of distribution and abundance of species are the outcome of processes occurring at finer spatial scales, hence the conservation of species depends on understanding their fine-scale ecology. For Bornean carnivores, little is known about fine-scale predictors of species occurrence and it is assumed that the two main threats to wildlife on Borneo, habitat disturbance and hunting, also impact their occurrence. To increase our understanding of the Borneo carnivore community, we deployed 60 cameras in a logging concession in northern Sarawak, Malaysian Borneo, where different landscape covariates, both natural and anthropogenic, were present. We built single-species occupancy models to investigate fine-scale carnivore occupancy. Overall, forest disturbance had a negative effect on Hose's civet (Diplogale hosei), banded civet (Hemigalus derbyanus) and yellow-throated marten (Manes flavigula). Further, banded civet had greater occupancy probabilities in more remote areas. Logging roads had the most diverse effect on carnivore occupancy, with Hose's civet and masked palm civet (Paguma larvata) negatively affected by roads, whereas Malay civet (Viverra tangalunga), short-tailed mongoose (Herpestes brachyurus) and leopard cat (Prionailurus bengalensis) showed higher occupancy closer to roads. Canopy height, canopy closure, number of trees with holes (cavities) and distance to nearest village also affected occupancy, though the directions of these effects varied among species. Our results highlight the need to collect often overlooked habitat variables: moss cover and 'kerangas' (tropical heath forest) were the most important variables predicting occurrence of Hose's civet. The preservation of such forest conditions may be crucial for the long-term conservation of this little-known species. Our results confirm that logged forests, when left to regenerate, can host diverse carnivore communities on Borneo, provided less disturbed habitat is available nearby, though human access needs to be controlled. We recommend easy-to-implement forest management strategies including maintaining forest next to logging roads; preserving fruiting trees and trees with cavities, both standing and fallen; and blocks of remote, less disturbed, mid- to high-elevation forest with understorey vegetation. (C) 2017 Deutsche Gesellschaft fur Saugetierkunde. Published by Elsevier GmbH. All rights reserved.",10.1016/j.mambio.2017.04.002,Wright et al,WOS:000413132400009,"[""Animalia""]","[""Chordata""]","[""Mammalia""]","[""Carnivora""]","[""Martes flavigula""]","[""Martes""]"
"'Otter, come out!': taking away the stone on the southernmost Italian Lutra lutra population","Although Italy is among the European countries with the highest number of threatened species, since the turn of the twenty-first century some flagship species, such as Eurasian otter Lutra lutra and wolf Canis lupus, have started to recover. Since 2003 the otter has been newly recorded on the Sila Massif (S. Italy), where it had been reported to have gone extinct in the 1980s. With the aim of outlining the actual range of this population, in 2014-2017 we monitored otter occurrence on eight major rivers. Spraint surveys were carried out on 18-23 sampling stretches every July. Seven stations (Rivers Savuto and Neto-Lese) showed 75-100% positive surveys, while otters were recorded only once at three of the rivers. Monitoring allowed identifying in the catchments of the Rivers Savuto and Neto, which flow on opposite sides of the Sila Massif, otter core population at the southern edge of its Italian range. We assessed the exceptionality of the recent sightings using a surprise index based on the time distribution of pre-disappearance otter records. Analyses suggest that the otter persisted in the area and went unrecorded during the national survey carried out in 1983-1985, stressing the need for further monitoring at national scale.",10.1080/11956860.2018.1482699,Wright et al,WOS:000440704300007,"[""Animalia""]","[""Chordata""]","[""Mammalia""]","[""Carnivora""]","[""Lutra lutra""]","[""Lutra""]"
The influence of public access and sett visibility on badger (Meles meles) sett disturbance and persistence,"The impact of public rights of way on badger setts was examined in the Bradford area of West Yorkshire using comparisons of 38 setts surveyed in 1985-1996 and again in 1992-1993. Badger setts were compared on the basis of whether they were still in use or not, and on the number of illegal disturbance events recorded over the study period. The number of, and distance from, public accesses did not influence sett persistence, and the least frequently disturbed setts (i.e. those with an average of one or less disturbance incidents every 2 years) were closer to a larger number of accesses. Frequency of poaching was high near to heavily disturbed setts and those no longer occupied at the later survey. Less frequently disturbed setts were associated with landowners who were unsupportive of badger conservation: it is possible that such landowners are highly protective of their land and thus incidentally reduce the frequency of poaching and other forms of disturbance. Setts in areas with formal authorized shooting were less disturbed. Setts still in use tended to be: in open habitats and visible from roads and nearby dwellings. Setts in open areas were less often disturbed than those in wooded sites. Since public access may not reduce sett persistence and may even be beneficial in an area of high wilful persecution, there are implications for the management of public access.",10.1111/j.1469-7998.1998.tb00186.x,Wright et al,WOS:000078548500019,"[""Animalia""]","[""Chordata""]","[""Mammalia""]","[""Carnivora""]","[""Meles meles""]","[""Meles""]"
Impact of game hunting by the Kayapo of south-eastern Amazonia: implications for wildlife conservation in tropical forest indigenous reserves,"Indigenous forest reserves represent approximately one fifth of Brazilian Amazonia and pose enormous challenges for sustainable natural resource management by native Amazonians. In collaboration with the Kayapo Indians of A'Ukre of southeastern Amazonia, we obtained a game harvest profile of over 1360 forest vertebrates consumed at this village over a 20-month period, including 743 mammals, 361 forest tortoises and 256 birds from a minimum of 42 game species. This amounted to a total of 13,775 kg of game animals harvested over the entire study (mean = 26.2 kg d(-1)supercript stop). We also obtained some 450 km of line transect census data of midsized to large-bodied vertebrates within the core hunting catchment of this village and in an unhunted but otherwise comparable site upriver of A'Ukre. Population density estimates of 16 of the 18 species censused were significantly depressed by hunting by central place foragers within the village catchment, and a number of harvest-sensitive prey species showed clear evidence of local depletion. For the time being, however, we can conclude that hunting was sustainable at the landscape scale largely because source-sink dynamics in the context of low village catchment density is made possible by large surrounding tracts of primary forest that remain unharvested or underharvested.",10.1007/s10531-005-5406-9,Benitez lopez et al,WOS:000241168900016,"[""Animalia""]","[""Chordata""]","[""Mammalia"", ""Aves""]","[""Galliformes"", ""Tinamiformes"", ""Gruiformes"", ""Primates"", ""Rodentia"", ""Cetartiodactyla"", ""Carnivores"", ""Cingulata"", ""Perissodactyla""]","[""Crax fasciolata and Mitu tuberosum"", ""Crypturellus spp."", ""Penelope pileata and P. superciliaris"", ""Pipile cujubi"", ""Psophia viridis"", ""Tinamus spp."", ""Alouatta belzebul"", ""Chiropotes utahickae"", ""Cuniculus paca"", ""Dasyprocta leporina"", ""Mazama americana and M. gouazoubira"", ""Nasua nasua"", ""Pecari tajacu"", ""Priodontes maximus"", ""Sapajus apella"", ""Tapirus terrestris"", ""Tayassu pecari""]",
BREEDING PATTERNS AND REPRODUCTIVE SUCCESS OF CALIFORNIA SEA OTTERS,"Following commercial exploitation in the eighteenth and nineteenth centuries, sea otter (Enhydra lutris) populations in Alaska, British Columbia, and Washington recovered at 17-20% a year, yet the California population increased at only 5% a year. This slow rate of increase is perplexing, given that unoccupied and apparently favorable habitats occur throughout the sea otter's California range, and higher growth rates occurred among northern sea otter populations. Better knowledge of the demography of the California population is important in understanding these disparate population growth rates. We studied the reproductive biology and behavior of 53 tagged female sea otters from 1985 to 1991 in Monterey Bay, California. During the study, 136 pups were born to these females. Observations of each female enabled us to determine exact or estimated pup birth dates, which we used to calculate lengths of gestation, pup dependency, and reproductive cycle. Seasonal trends in pupping, in the proportion of adult females with pups, and in pup separations from their mothers were relatively uniform throughout the year. The average interval between separation from pup and subsequent birth was 198 days, the interbirth interval was 407 days, and estimated birth rate was 0.90/year for all adult females. For females that pupped annually (did not lose undetected newborns), the average interbirth interval was 342 days, given an estimated birth rate of 1.07/year. Length of the reproductive cycle increased with increasing length of prior pup dependency. However, the interval between separation from pup and subsequent birth was delayed among females that prematurely lost their pups. The average length of dependency for pups that survived to weaning was 166 days, but ranged from 120 to 280 days. The maximum preweaning survival rate was 0.60-0.65, less than values measured or inferred for some Alaskan populations. Most pups that did not survive to weaning were lost within a month of birth. The probability of successfully weaning pups and the length of dependency increased (P = 0.077) with mothers' ages, thus indicating that reproductive success may increase among females with greater mothering experience. The high preweaning pup mortality we observed probably accounts for much of the relatively slow growth rate of the California sea otter population.",10.2307/3809308,Wright et al,WOS:A1994NW89300001,"[""Animalia""]","[""Chordata""]","[""Mammalia""]","[""Carnivora""]","[""Enhydra lutris""]","[""Enhydra""]"
Decline in PCB levels in otters (Lutra lutra),"A decline in total PCB levels in tissues of otters (Lutra lutra) from England and Wales, averaging 8% per year over the period 1983-1992, is reported. Mean PCB levels are now unlikely to pose a threat to otter populations. (C) 1998 Elsevier Science Ltd.",10.1016/S0045-6535(97)10081-9,Wright et al,WOS:000072474400006,"[""Animalia""]","[""Chordata""]","[""Mammalia""]","[""Carnivora""]","[""Lutra lutra""]","[""Lutra""]"
"Impact of hunting on large vertebrates in the Mbaracayu reserve, Paraguay","Over 1,400,000 m of line transect data were collected in collaboration with Ache Indians to determine encounter rates with all large vertebrates in the Mbaracayu Reserve Paraguay. The data were analyzed using logistic regression in order to determine the impact of human hunting on animal encounter rates in the reserve. The method controlled for effects of season, weather, time of day, and habitat in order to statistically isolate the human predation effect. Encounters with the animals themselves ns well as fresh signs of their activity allowed us to determine whether lower encounter rates in hunted zones are simply due to increased wariness by target species. Our results show that areas near hunters are hunted more frequently, and that Dasypus novemcinctus, Cebus apella, Tapirus terrestris, and Mazama spp. are all encountered at lower rates in those areas than in unhunted zones. We were unable to show that encounter rates with other important game species have been affected by human hunting. Demonstration of local depletion by central place foragers is expected, however and cannot be used to conclude that prey species are in danger of regional extirpation.",10.1046/j.1523-1739.1997.96048.x,Benitez lopez et al,WOS:A1997YK80600014,"[""Animalia""]","[""Chordata""]","[""Aves""]","[""Cingulata"", ""Cetartiodactyla"", ""Primates"", ""Perissodactyla"", ""Rodentia"", ""Carnivores""]","[""Dasypus novemcinctus"", ""Mazama americana and M. gouazoubira"", ""Sapajus cay"", ""Tapirus terrestris"", ""Cuniculus paca"", ""Nasua nasua"", ""Pecari tajacu"", ""Tayassu pecari""]",
"Changes in the diet of coastal otters after the Prestige oil spill (Galicia, north-west Spain)","In November 2002 the Prestige tanker spilled 59 000 tonnes of oil off Galicia (north-west Spain) and contaminated a vast coastal area extending from northern Portugal to Brittany (France). Two study areas, a coastal lagoon (1 sample point) and a stretch of rocky coast (includes 5 sample points), were selected to examine changes on the diet of otters Lutra lutra L. before and after the oil spill. Diet was assessed from 1103 spraints, 553 collected in 2000, before the spill and 550 in 2003, after the spill. In the coastal lagoon, after spill, spraints contained more shrimp (Palaemon sp.), more prey of marine origin, and fewer gobies (Pomatoschistus sp.) and eels Anguilla anguilla. A decline of the eel population in the coastal lagoon may have caused otters to make more frequent visits to the sea. On the rocky coast, spraints contained more blennids in 1 of the 5 sampling points, however, the seasonal patterns of the principal prey species (Blennidae, Gadidae and Labridae) were similar across the 2 years of study. The differences may be attributed to common interannual variations in the diet of marine otters, but the design of this study cannot assess the degree of natural variation in the diet of coastal otters before the oil spill.",10.1111/j.1469-7998.2011.00838.x,Wright et al,WOS:000298095500003,"[""Animalia""]","[""Chordata""]","[""Mammalia""]","[""Carnivora""]","[""Lutra lutra""]","[""Lutra""]"
Historical biogeography sets the foundation for contemporary conservation of martens (genus Martes) in northwestern North America,"Effective conservation of insular populations requires careful consideration of biogeography, including colonization histories and patterns of endemism. Across the Pacific Northwest of North America, Pacific martens (Martes caurina) and American pine martens (Martes americana) are parapatric sister species with distinctive postglacial histories. Using mitochondrial DNA and 12 nuclear microsatellite loci, we examine processes of island colonization and anthropogenic introductions across 25 populations of martens. Along the North Pacific Coast (NPC), M. caurina is now found on only 2 islands, whereas M. americana occurs on mainland Alaska and British Columbia and multiple associated islands. Island populations of M. caurina have a longer history of isolation reflected in divergent haplotypes, private microsatellite alleles, and relatively low within-population diversity. In contrast, insular M. americana have lower among-population divergence and higher metrics of within-population diversity. On some NPC islands, introductions of M. americana may be related to decline of M. caurina. Long-term persistence of these species likely has been influenced by anthropogenic manipulations, including wildlife translocations and industrial-scale deforestation, yet, the distinctive histories of these martens have not been incorporated into natural resource policies.",10.1093/jmammal/gyx047,Wright et al,WOS:000403818600014,"[""Animalia""]","[""Chordata""]","[""Mammalia""]","[""Carnivora""]","[""Martes americana""]","[""Martes""]"
Abundances of red fox and pine marten in relation to the composition of boreal forest landscapes,"1. The effects of human-caused fragmentation of boreal forest on the abundance of red fox Vulpes vulpes L. and pine marten Martes martes L. were studied by combining the Finnish wildlife-triangle snow-track data (1990-94) with land-use and forest resources data employing the GIS. Two study areas (each 45 000 km(2)) located in northern and southern Finland were selected for the investigation. 2. The extent of landscape that best explained predator abundance (tracks per 10 km 24 h(-1)) was the same (about 100 km(2)) in both species and study areas. 3. The decreasing proportion of older forest and the increasing proportions of young forest and agricultural land in the landscape positively affected track density of red fox. The relationship between agricultural land and fox abundance, however, was characterized by a convex curve peaking at 20-30% of agricultural land. With the habitat classification used, landscape composition explained 26% and 11% of the spatial variation in fox abundance in the northern and southern study area, respectively. 4. The relationship between landscape composition and pine marten abundance was not as clear as in that of red fox. Landscape composition explained 10% and 6% of spatial variation in pine marten abundance in the northern and southern study area, respectively. In both areas a positive impact occurred with the increasing proportion of young forest in the landscape, but in the northern area the negative effect of increasing proportion of agricultural land was dominant. 5. The abundances of red fox and pine marten were not negatively correlated, indicating that competition or intraguild predation by red fox do not determine abundance of pine marten on a landscape scale. 6. A general increase in predation pressure by generalist predators in fragmented forest landscapes has been an intensively discussed conservation problem during recent years. We conclude that the red fox is a species potentially able to cause elevated predation pressure in boreal landscapes fragmented by human activities, but that the evidence against the pine marten is weaker.",10.1046/j.1365-2656.1998.6760874.x,Wright et al,WOS:000077670300004,"[""Animalia""]","[""Chordata""]","[""Mammalia""]","[""Carnivora""]","[""Martes martes""]","[""Martes""]"
Habitat selection of European badger Meles meles in a highly fragmented forest landscape in northern Italy: the importance of hedgerows and agro-forestry systems,"The European badger is a common and widespread species considered as a least-concern species by the IUCN. However, there are still many threats for its conservation, especially in areas where the original landscape has been highly modified by humans. The aim of this study was to define the habitat selection criteria of the European badger in a highly modified lowland area in northern Italy, with particular attention to the role that hedgerows and agro-forestry systems could have for this species. The study area is a typical lowland cultivated landscape, where small forest remnants are scattered within an agricultural matrix mainly characterized by intensive cereal crops and areas devoted to agro-forestry. Data collection followed a stratified random sampling design and consisted of detecting the presence of the species within 62 2-km cells. Presence signs were spotted along linear transect from April to September 2014. We investigated the association between species presence/abundance and the environmental variables measured within each cell by means of resource selection probability functions using GLMs. In our study area the European badger significantly depended on broadleaved forests, but the species also selected traditional poplar plantations, short rotation forestry, reforestations, and hedgerows. Conversely, the species avoided meadows with shrubs and trees and areas with scarce or absent vegetation. In conclusion, the European badger seemed to benefit from agricultural landscape elements, such as agro-forestry systems and hedgerows, which probably serve as forest surrogates for this species, both in providing food resources and suitable sett locations.",10.4404/hystrix-00005-2017,Wright et al,WOS:000450046400009,"[""Animalia""]","[""Chordata""]","[""Mammalia""]","[""Carnivora""]","[""Meles meles""]","[""Meles""]"
"The diet of denning female Europeanpine martens (Martes martes) in Galloway Forest District, South West Scotland, Great Britain","Populations of Europeanpine marten (Martes martes) across Great Britain declined dramatically during the 18th and 19th centuries due to deforestation and human-wildlife conflicts. Pine marten recovery from their northern Scottish stronghold is limited following reintroduction in Galloway Forest District, south-west Scotland, in the 1980s. With suggestions that martens have influenced red squirrel population increases in neighbouring Ireland, marten reintroduction efforts are a priority in Great Britain. Reintroduction requires establishment of recruiting populations that depend on suitable food availability to meet the associated higher energy demands of recruitment. We, therefore, investigated the diet of reproductive denning female martens during denning (March-April), and the mixed sex population in summer for the first time in Galloway. Scats (n=114) were analysed from clumps collected from occupied artificial den boxes in 2015 and 2016, as well as genetically verified scats (n=44) from summer transects in 2014. We compared our results with other Scottish studies and found that carrion frequency of occurrence and biomass of prey ingested differed most significantly between the regional mixed sex spring diets and the diet of denning females in Galloway. Anurans, birds, and small mammals were the likely substitution of carrion; we hypothesise that these differences are related to sex-specific behaviours and scavenging risk. We, therefore, suggest that there are differences in the diet of denning female martens compared to mixed sex spring populations and that future translocations should consider abundances of anurans in Galloway, and even more importantly than before, small mammals and birds across Great Britain.",10.1007/s13364-018-0398-5,Wright et al,WOS:000455666000009,"[""Animalia""]","[""Chordata""]","[""Mammalia""]","[""Carnivora""]","[""Martes martes""]","[""Martes""]"
Genetic diversity and individual identification of reintroduced otters (Lutra lutra) in north-eastern Spain by DNA genotyping of spraints,"During the last century, otter populations in the Mediterranean area of the Iberian Peninsula were dramatically reduced and disappeared in many localities. A reintroduction programme was established in north-eastern Spain (Muga and Fluvia basins and the Aiguamolls de l'Empordaa wetlands), by releasing 42 otters from four different Iberian populations, between 1995 and 2002. In order to evaluate the success of the reintroduction programme, we investigated microsatellite variation in the native populations of released otters as well as in the population present in the release area in 2004. We used non-invasively collected samples as the DNA source to avoid disturbing the animals in the wild. Laboratory procedures included the screening of samples and a multiple-tubes approach to detect and correct genotyping errors. Our results show that founders have been replaced by descendants in the release area and the population is in Hardy-Weinberg equilibrium, with a 1:1 sex ratio. Western Iberian otters-representing two-thirds of the founder group and released earlier-have greatly contributed to the genetic composition of the current population. The genetic patterns of otters found in a basin north of the studied area suggest a common origin with the released population. We also detected in a few otters the presence of alleles not identified in the original founder group, and we shall discuss the possible origin of these alleles.",10.1007/s10592-007-9315-1,Wright et al,WOS:000252223100012,"[""Animalia""]","[""Chordata""]","[""Mammalia""]","[""Carnivora""]","[""Lutra lutra""]","[""Lutra""]"
"NEPHROLITHIASIS IN FREE-RANGING NORTH AMERICAN RIVEROTTER (LONTRA CANADENSIS) IN NORTH CAROLINA, USA","The North American river otter (Lontra canadensis) serves as an indicator species for environmental monitoring, is prized as a valuable furbearer, and is a popular display animal in zoologic collections. Nephrolithiasis has been reported as a frequent problem in other free-ranging and captive otter species but is rarely reported in North American river otters. In this study, we compared the prevalence of nephrolithiasis diagnosed using routine gross pathologic examination techniques with the use of computed tomography (CT) of excised kidneys. We also evaluated whether otter nephroliths could be accurately classified by their CT densities, and we examined the renal tissue uric acid concentrations in free-ranging otters in North Carolina, USA. Kidneys were collected from carcasses of legally trapped, free-ranging animals. Nephroliths were observed in 16.2% of the individuals (n = 229). Associations were found between age and nephrolith status and between capture location and nephrolith status (P = 0.026 and < 0.001, respectively). Computed tomography Hounsfield unit density measurements were not useful in determining nephrolith chemical composition in this study. Renal tissue uric acid concentrations were similar across genders, age groups, and stone status. The chemical composition of the nephroliths was determined by scanning electron microscopy-energy dispersive X-ray spectroscopy to be calcium phosphate in the carbonate form.",10.1638/2013-0135R2.1,Wright et al,WOS:000339649200014,"[""Animalia""]","[""Chordata""]","[""Mammalia""]","[""Carnivora""]","[""Lontra canadensis""]","[""Lontra""]"
Status of Smooth Coated Otter (Lutrogale perspicillata sindica) in Pakistan,"A review of the available literature on Smooth coated otter (Lutrogale perspicillata sindica) has been made covering its nomenclature, status, distribution, biology, habitat, behavior, ecology, ecological role. food and feeding habits, breeding, territory size and various threats. Out of 13 species of otters Pakistan hosts only two: smooth coated otter (Lutrogale perspicillata sindica) and Eurasian or common otter (Lutra lutra). Smooth coated otter is called Oodh Balao in Urdu language and the sub-species found in Pakistan is known as Sindh otter. The status of the species has recently been declared as vulnerable in Pakistan by IUCN. It prefers plain areas and is widely distributed in Sindh, some parts of the Punjab and a few places in Khyber-Pakhtunkhwa along Indus River. The nocturnal mammal is adapted to a semi aquatic mode of life. Average body weight is seven kg, head and body length 61 cm and tail length around 40 cm. Smooth coated otter is a top carnivore of wetlands and feeds mainly (up to 96%) upon fish. It is considered to be a suitable indicator of pollution level in a wetland. The animals form strong monogamous pairs; males are larger but still females dominate the pair. Breeding may occur throughout the year, gestation period varies from 61-63 days and young ones at their birth are covered with fur and their eyes do not open until up to 10 days. The weaning takes almost 130 days and the young ones start taking fish at the age of three months. Liter size of 2-4 cubs is normal and rarely five but recently six cubs have been observed in Sindh. The home range varies from 7-12 km(2) depending upon the availability of food and other basic attributes of the habitat. Habitat fragmentation, otter-human conflicts, hunting for skins and lack of awareness among general public are main threats to the species.",,Wright et al,WOS:000281369100025,"[""Animalia""]","[""Chordata""]","[""Mammalia""]","[""Carnivora""]","[""Lutrogale perspicillata""]","[""Lutrogale""]"
A Landscape Habitat Suitability Model for the Humboldt Marten (Martes caurina humboldtensis) in Coastal California and Coastal Oregon,"Models that predict the distributions and habitat suitability for species of conservation concern can be useful for guiding survey, monitoring, and conservation planning efforts. The Humboldt marten (Martes caurina humboldtensis) has significantly declined throughout its historical range in coastal California and Oregon and this taxon is known from a few remnant populations. We developed a landscape habitat suitability model to identify areas of suitable habitat not yet surveyed, to provide a template for designing monitoring programs and research studies, and to inform the development of a conservation strategy. We used the results of 1,159 occupancy surveys to develop a predictive habitat model using Generalized Additive Modeling to relate Humboldt marten detections to combinations of environmental and habitat attributes hypothesized to influence marten distribution. We measured 30 candidate variables at three spatial scales, using 0.5, 1.0, and 3.0 km, and although several models were competitive, each contained the same three core variables: old growth structural index measured at the 1-km scale, serpentine habitat measured at the 3-km scale, and annual precipitation measured at the 3-km scale. The final model had an overall correct classification rate of 91% for marten detections, 82% for non-detections and a true skill statistic of 0.73. Model predictions were stable when cross-validated, with the correct classification of marten detections (89%) varying little. The largest complexes of predicted suitable habitat occurred in the areas with the three extant marten populations (north coastal California, south coastal Oregon, and central coastal Oregon), however connectivity of suitable habitat to areas outside these three areas appears limited.",10.3955/046.093.0104,Wright et al,WOS:000469996800003,"[""Animalia""]","[""Chordata""]","[""Mammalia""]","[""Carnivora""]","[""Martes caurina""]","[""Martes""]"
Snow cover and riparian habitat determine the distribution of the short-tailed weasel (Mustela erminea) at its southern range limits in arid western North America,"The short-tailed weasel (Mustela erminea) is a Holarctic boreo-montane species that has one of the largest natural geographic ranges of any mammal. At its southern range limits in arid western North America, the species is rare, and factors associated with its distribution are poorly understood. We hypothesized that the availability of voles (Microtus) as prey was a key limiting factor for the distribution of the species. Consequently, we predicted that important variables associated with the occurrence of short-tailed weasels included snow cover and riparian habitat, both of which are linked to abundant vole populations in this region. We tested these predictions in New Mexico using ecological niche models developed with a maximum entropy algorithm (MaxEnt) and based on bioclimatic and biophysical variables. Consistent with our predictions, distribution of the short-tailed weasel was primarily determined by high winter snowfall and proximity to perennial streams. Descriptive habitat data associated with specimen records supported a close association of short-tailed weasels with riparian zones, especially those characterized by the presence of sedges and ponds made by the American beaver (Castor canadensis). We conclude that the short-tailed weasel is facing conservation threats in this region due to a fragmented distribution, degradation of riparian habitats, altered small mammal prey communities, and climate change. We recommend that the short-tailed weasel be considered in conservation planning in this region and that management focus on means to enhance riparian habitat and curtailing dangers posed by climate warming.",10.1515/mammalia-2013-0036,Wright et al,WOS:000330878900005,"[""Animalia""]","[""Chordata""]","[""Mammalia""]","[""Carnivora""]","[""Mustela erminea""]","[""Mustela""]"
Australia's Savanna Herbivores: Bioclimatic Distributions and an Assessment of the Potential Impact of Regional Climate Change,"The future impacts of climate change are predicted to significantly affect the survival of many species. Recent studies indicate that even species that are relatively mobile and/or have large geographic ranges may be at risk of range contractions or extinction. An ecologically and evolutionary significant group of mammals that has been largely overlooked in this research is Australia's large marsupial herbivores, the macropodids (kangaroos). The aims of our investigation were to define and compare the climatic conditions that influence the current distributions of four sympatric large macropodids in northern Australia (Macropus antilopinus, Macropus robustus, Macropus giganteus, and Macropus rufus) and to predict the potential future impact of climate change on these species. Our results suggest that contemporary distributions of these large macropodids are associated with well-defined climatic gradients ( tropical and temperate conditions) and that climatic seasonality is also important. Bioclimatic modeling predicted an average reduction in northern Australian macropodid distributions of 48% +/- 16.4% in response to increases of 2.0 degrees C. At this temperature, the distribution of M. antilopinus was reduced by 89% +/- 0.4%. We predict that increases of 6.0 degrees C may cause severe range reductions for all four macropodids (96% +/- 2.1%) in northern Australia, and this range reduction may result 2.1% in the extinction of M. antilopinus.",10.1086/588171,Urban et al,WOS:000260547400015,"[""Animalia""]","[""Chordata""]","[""Mammalia""]",,,
Shaping carnivore communities by predator control: competitor release revisited,"The traditional way to deal with hunting interests is often focused on predator control. This approach requires a detailed understanding of predator responses to game management. Control methods can be non-selective and, consequently, can potentially have a negative impact on non-target predator species, affecting carnivore guild. In order to assess the potential risks associated with non-selective predator control in the presence of intraguild competition, the classical Lotka-Volterra competition model was used, but with two additional factors: a linear factor for capture mortality (mortality caused by predator control) and a factor for vacated niche occupancy associated with immigration. Simulation in a scenario with three species revealed that one of them, the red fox , which presented the highest intrinsic growth rate, can show population increases even under moderate control, whereas the population of European badger , with a lower intrinsic growth rate, was reduced and, in some cases, may even become extinct. Lastly, the stone marten presented a differential response, depending on the removal intensity and strategy employed. This behaviour is compatible with the results observed in a Mediterranean environment subjected to two types of game management: non-selective predator control (culling) and no control. In areas with non-selective control and moderate predator removal, the red fox population remained stable, while the stone marten and the European badger populations reduced markedly or disappeared.",10.1007/s11284-012-0931-y,Wright et al,WOS:000304204800013,"[""Animalia""]","[""Chordata""]","[""Mammalia""]","[""Carnivora""]","[""Meles meles"", ""Martes foina""]","[""Meles"", ""Martes""]"
TEMPORAL ASSOCIATION BETWEEN LAND-BASED RUNOFF EVENTS AND CALIFORNIA SEA OTTER (ENHYDRA LUTRIS NEREIS) PROTOZOAL MORTALITIES,"Toxoplasma gondii and Sarcocystis neurone have caused significant morbidity and mortality in threatened Southern sea otters (Enhydra lutris nereis) along the central California coast. Because only terrestrial animals are known to serve as definitive hosts for T. gondii and S. neurona, infections in otters suggest a land to sea flow of these protozoan pathogens. To better characterize the role of overland runoff in delivery of terrestrially derived fecal pathogens to the near shore, we assessed the temporal association between indicators of runoff and the timing of sea otter deaths due to T. gondii and S. neurona. Sea otter stranding records 1998-2004, from Monterey and Estero bays were reviewed and cases identified for which T. gondii or S. neurona were determined to be a primary or contributing cause of death. Precipitation and stream flow data from both study sites were used as indicators of land-based runoff. Logistic regression was applied to determine if a temporal association could be detected between protozoal mortalities and runoff indicators that occur in the 2 mo preceding mortality events. A significant association was found between S. neurona otter deaths at Estero Bay and increased stream flow that occurred 30-60 days prior to mortality events. At this site, the cause of otter mortality following increased river flows was 12 times more likely to be S. neurona infection compared with nonprotozoal causes of death. There were no significant associations between the timing of T. gondii otter deaths and indicators of overland runoff. Our results indicate that the association between overland runoff and otter mortalities is affected by geography as well as parasite type, and highlight the complex mechanisms that influence transmission of terrestrially, derived pathogens to marine wildlife. Policy and management practices that aim to mitigate discharges of contaminated overland runoff can aid conservation efforts by reducing pathogen pollution of coastal waters, which impacts the health of threatened marine wildlife and humans.",10.7589/0090-3558-48.2.394,Wright et al,WOS:000302589000013,"[""Animalia""]","[""Chordata""]","[""Mammalia""]","[""Carnivora""]","[""Enhydra lutris""]","[""Enhydra""]"
"ORAL PAPILLOMATOSIS CAUSED BY ENHYDRA LUTRIS PAPILLOMAVIRUS 1 (EIPV-1) IN SOUTHERN SEA OTTERS (ENHYDRA LUTRIS NEREIS) IN CALIFORNIA, USA","The southern sea otter (Enhydralutris nereis) is a threatened marine sentinel. During postmortem investigations of stranded sea otters from 2004 to 2013 in California, US, papillomas were detected in the oral cavity of at least seven otters via necropsy and histopathology. Next-generation sequencing of viral particles purified from a single papilloma revealed a novel papillomavirus, Enhydra lutris papillomavirus 1 (ElPV-1). The genome of ElPV-1 was obtained, representing the first fully sequenced viral genome from southern sea otters. Phylogenetic analysis of the entire L1 gene, as well as a concatenated protein identities plot of all papillomaviral genes revealed that ElPV-1 is a X-papillomavirus, related to a raccoon papillomavirus (Procyon lotor papillomavirus type 1) and a canine oral papillomavirus. Immunohistochemical staining, using a cross-reactive bovine papillomavirus antibody, suggested that ElPV-1 is present in intranuclear inclusions and intracytoplasmic keratin granules. Virus-infected cells were scattered throughout the stratum granulosum and stratum spinosum of the gingival and buccal papillomas. Using ElPV-1 specific PCR, we confirmed viral DNA in oral papillomas from all seven stranded sea otters, with identical Li sequences. This virus is associated with the development of oral papillomatosis in southern sea otters.",10.7589/2014-06-152,Wright et al,WOS:000352921800015,"[""Animalia""]","[""Chordata""]","[""Mammalia""]","[""Carnivora""]","[""Enhydra lutris""]","[""Enhydra""]"
The blowgun is mightier than the chainsaw in determining population density of Bornean orangutans (Pongo pygmaeus morio) in the forests of East Kalimantan,"Due to its practical relevance to conservation, considerable efforts have been devoted to understanding the effects of logging on orangutan (Pongo spp.) population densities. Despite these efforts, consistent patterns have yet to emerge. We conducted orangutan nest surveys and measured forest quality and disturbance level at 108 independent locations in 22 distinct sites in the forests of the Berau and East Kutai regencies of East Kalimantan, Indonesia. Survey locations varied substantially in orangutan density, forest structure, distance to villages, and logging intensity. We incorporated site-specific nest tree composition into our estimates of nest decay rates to reduce errors associated with inter-site differences in nest tree selection. Orangutan nest densities were uncorrelated with altitude, fig density, or any other ecological measure. Multivariate analyses demonstrated that densities were not significantly affected by logging intensity (at the relatively light levels we report here) or the distance to the nearest village, but were positively correlated with the distance from the nearest village known to hunt orangutans. These results indicate that provided hunting is absent, lightly to moderately degraded forests retain high conservation value for orangutans. Widespread incorporation of degraded areas into management plans for orangutan populations would substantially increase the size of populations that could be protected, and thereby improve their changes for long-term survival. (c) 2005 Elsevier Ltd. All rights reserved.",10.1016/j.biocon.2005.11.025,Benitez lopez et al,WOS:000237878900014,"[""Animalia""]","[""Chordata""]","[""Aves""]","[""Primates""]","[""Pongo pygmaeus morio""]",
Climate change and community disassembly: impacts of warming on tropical and temperate montane community structure,"Both tropical and temperate species are responding to global warming through range shifts, but our understanding of the consequences of these shifts for whole communities is limited. Here, we use current elevational range data for six taxonomic groups spanning 90 degrees in latitude to examine the potential impacts of climate-driven range shifts on community change, or disassembly, across latitude. Elevational ranges are smaller at low latitudes for most groups and, as a consequence, tropical communities appear to be more sensitive to temperature increases compared with temperate communities. Under site-specific temperature projections, we generally found greater community disassembly in tropical compared with temperate communities, although this varied by dispersal assumptions. Mountain height can impact the amount of community disassembly, with greater change occurring on smaller mountains. Finally, projected community disassembly was higher for ectotherms than endotherms, although the variation among ectotherms was greater than the variation separating endotherms and ectotherms.",10.1111/j.1461-0248.2011.01689.x,Urban et al,WOS:000297147500002,"[""Animalia""]","[""Chordata""]","[""Aves""]",,,
Interface between black-footed ferret research and operational conservation,"Questions and problems that emerged during operational conservation of black-footed ferrets (Mustela nigripes) have been addressed by a wide variety of studies. Early results from such studies often were communicated orally during meetings of recovery groups and in written form using memoranda, unpublished reports, and theses. Typically, implementation of results preceded their publication in widely distributed journals. Many of these studies eventually were published in journals, and we briefly summarize the contents of 8 volumes and special features of journals that have been dedicated to the biology of ferrets and issues in ferret recovery. This year marks the 30th anniversary of rediscovery of the black-footed ferret, and the 7 papers of the following Special Feature summarize data collected over nearly that span of time.",10.1644/11-MAMM-S-086.1,Wright et al,WOS:000294314900001,"[""Animalia""]","[""Chordata""]","[""Mammalia""]","[""Carnivora""]","[""Mustela nigripes""]","[""Mustela""]"
Short-term responses of mammalian carnivores to a sudden collapse of rabbits in Mediterranean Spain,"The European rabbit (Oryctolagus cuniculus) is a key prey species for most Mediterranean predators in the Iberian Peninsula, including some endangered species such as the Iberian lynx (Lynx pardinus). Rabbit populations in the Iberian Peninsula have collapsed since the arrival of rabbit haemorrhagic disease (RHD) in the late 1980s. We studied the dietary and numerical responses of five species of mammalian carnivores to this decline in the Donana National Park (south-west Spain), where RHD arrived in 1990. Behavioural responses of the Iberian lynx, a rabbit specialist, were also studied through radio-tracking. All carnivores reduced rabbit intake with decreasing rabbit densities immediately after the initial RHD outbreak, though the level of reduction varied among species. Reductions in rabbit consumption were highest for the Eurasian badger (Meles meles) and the red fox (Vulpes vulpes), low for the genet (Genetta genetta) and mongoose (Herpestes ichneumon), and negligible for the Iberian lynx, thus confirming its strong dependence on rabbits for survival. The Iberian lynx social system was temporarily altered. Female lynxes increased their home range size and no subadult lynxes dispersed in the year following the rabbit crash, causing a temporal local increase of lynx density, which returned to previous values a year after the arrival of RHD. The red fox showed a negative numerical response, reducing its abundance following the rabbit decline. Despite the fact that rabbit consumption was reduced in most carnivores, the role of joint predation is discussed as a factor in the failure of rabbit recovery after this new disease.",10.1016/j.baae.2011.01.005,Wright et al,WOS:000290502800003,"[""Animalia""]","[""Chordata""]","[""Mammalia""]","[""Carnivora""]","[""Meles meles""]","[""Meles""]"
Biology and conservation of the giant otter Pteronura brasiliensis,"The Giant Otter Pteronura brasiliensis (Zimmermann, 1780) is endemic to South America, distributed throughout the Orinoco, Amazon and La Plata River basins and numerous localities in the Guyanas. This otter is the largest member of the family Mustelidae, clearly distinguished from other South American otter species by morphological and behavioural characteristics. Large-scale pelt hunting in the 1950s and 1960s led to the classification of the species as 'vulnerable' by the World Conservation Union (IUCN, 1990). Habitat degradation and destruction now present the largest threat to remaining populations. The current distribution of the Giant Otter is presented, emphasizing recent information collected in the Amazon Basin. Morphology, systematics, habitat, behaviour, diet, predation, competition, reproduction, development and physiology are discussed. New data on habitat use and preference, behaviour and diet in northern Amazonia are included, and recommendations for future conservation measures are made. Because of the decimation of the Giant Otter in its southern distribution and the habitat destruction occurring in the remainder of its range, we recommend that this species be elevated to 'endangered' status in the IUCN Red Data Book.",10.1111/j.1365-2907.1997.tb00370.x,Wright et al,WOS:A1997WN22500001,"[""Animalia""]","[""Chordata""]","[""Mammalia""]","[""Carnivora""]","[""Pteronura brasiliensis""]","[""Pteronura""]"
PCB exposure in sea otters and harlequin ducks in relation to history of contamination by the Exxon Valdez oil spill,"Exposure to contaminants other than petroleum hydrocarbons could confound interpretation of Exxon Valdez oil spill effects on biota at Prince William Sound, Alaska. Hence, we investigated polychlorinated biphenyls (PCBs) in blood of sea otters and harlequin ducks sampled during 1998. PCB concentrations characterized by lower chlorinated congeners were highest in sea otters from the unoiled area, whereas concentrations were similar among harlequin ducks from the oiled and unoiled area. Blood enzymes often elevated by xenobiotics were not related to PCB concentrations in sea otters. Only sea otters from the unoiled area had estimated risk from PCBs, and PCB composition or concentrations did not correspond to reported lower measures of population performance in sea otters or harlequin ducks from the oiled area. PCBs probably did not influence limited sea otter or harlequin duck recovery in the oiled area a decade after the spill. Published by Elsevier Ltd.",10.1016/j.marpolbul.2010.01.005,Wright et al,WOS:000279798800018,"[""Animalia""]","[""Chordata""]","[""Mammalia""]","[""Carnivora""]","[""Enhydra lutris""]","[""Enhydra""]"
"Distribution of Eurasian otter biliary parasites, Pseudamphistomum truncatum and Metorchis albidus (Family Opisthorchiidae), in England and Wales","Gall bladders from 273 otter carcasses, collected through England and Wales, were screened to assess the status of gall bladder parasites in the Eurasian otter, Lutra lutra. The digenean Pseudamphistomum truncatum had previously been found in UK otters collected between 2000 and 2007. The parasite was established in Somerset and Dorset but its distribution elsewhere in the UK was largely unknown. In the current study, P. truncatum was also found to be abundant in south Wales, with occasional cases elsewhere, but appears to be absent from the north of England. Overall, 11.7% of otters were infected with 1-238 P. truncatum. A second digenean, Metorchis albidus, previously unreported in British otters, was found in the biliary system of 6.6% of otters. M. albidus appears well established in Suffolk, Norfolk and north Essex but was recorded elsewhere rarely. Both parasites are associated with pathological damage to the otter gall bladder. The recent discover of these two non-native parasites provides a unique opportunity to assess their impact on native British fauna.",10.1017/S0031182009006362,Wright et al,WOS:000269039400008,"[""Animalia""]","[""Chordata""]","[""Mammalia""]","[""Carnivora""]","[""Lutra lutra""]","[""Lutra""]"
"Effects of environmental methylmercury on the health of wild birds, mammals, and fish","Wild piscivorous fish, mammals, and birds may be at risk for elevated dietary methylmercury intake and toxicity. In controlled feeding studies, the consumption of diets that contained Hg (as methylmercury) at environmentally realistic concentrations resulted in a range of toxic effects in fish, birds, and mammals, including behavioral, neurochemical, hormonal, and reproductive changes. Limited field-based studies, especially with certain wild piscivorous bird species, e.g., the common loon, corroborated laboratory- based results, demonstrating significant relations between methylmercury exposure and various indicators of methylmercury toxicity, including reproductive impairment. Potential population effects in fish and wildlife resulting from dietary methylmercury exposure are expected to vary as a function of species life history, as well as regional differences in fish-Hg concentrations, which, in turn, are influenced by differences in Hg deposition and environmental methylation rates. However, population modeling suggests that reductions in Hg emissions could have substantial benefits for some common loon populations that are currently experiencing elevated methylmercury exposure. Predicted benefits would be mediated primarily through improved hatching success and development of hatchlings to maturity as Hg concentrations in prey fish decline. Other piscivorous species may also benefit from decreased Hg exposure but have not been as extensively studied as the common loon.",10.1579/0044-7447(2007)36[12:EOEMOT]2.0.CO;2,Wright et al,WOS:000244817800004,"[""Animalia""]","[""Chordata""]","[""Mammalia""]","[""Carnivora""]","[""Lontra canadensis""]","[""Lontra""]"
The otter (Lutra lutra) situation in Latvia and Sweden related to PCB and DDT levels,"Since the 1950s some European otter populations have declined dramatically. There are however significant differences in the otter population density between different areas. Many suggestions have been presented to explain the population decline and the effects of PCB is one of these. The aim of this study was to compare the concentrations of PCB and sDDT in otter, fish and amphibians from Latvia with Swedish data and available information from the literature. Samples from two areas in Latvia and one area in Sweden were analyzed. It was shown that the concentrations of PCB in otter, fish and amphibians from Latvia were lower than reported concentrations in otter and fish from other areas in Europe. In the light of the high density otter population in Latvia and low concentrations of PCB in Latvian biota, this study supports the hypothesis that the effects of PCB constitutes one of the most important agents in explaining the decline of otter populations in Europe.",,Wright et al,WOS:A1997XN84100002,"[""Animalia""]","[""Chordata""]","[""Mammalia""]","[""Carnivora""]","[""Lutra lutra""]","[""Lutra""]"
EFFECTS OF CHANGES IN FISH POPULATIONS IN LAKE VICTORIA ON THE FOOD OF OTTERS (LUTRA-MACULICOLLIS SCHINZ AND AONYX-CAPENSIS LICHTENSTEIN),"Observations were made on feeding by spotted-necked otters (Lutra maculicollis), and the Cape clawless otter (Aonyx capensis), in Lake Victoria, Tanzania. Spotted-necked otters lived mostly in small packs. Their prey consisted mainly of cichlid fishes. A method is described for estimating prey size from the diameter of fish eye-lenses found in the otters' faeces. Spotted-necked otters took mostly small prey but they also often ate relatively large, introduced fish species, in contrast to reports on their food elsewhere and in Lake Victoria before the recent change in fish populations. Clawless otters ate mostly crabs. The populations of spotted-necked otters have declined along most coasts of Lake Victoria, possibly because of changes in fish populations and vegetation. Introduced fish species were preyed upon in certain types of shore-line vegetation especially on uninhabited islands. The clawless otter is not likely to be affected by the changes in fish populations.",10.1111/j.1365-2028.1990.tb01167.x,Wright et al,WOS:A1990FA60700007,"[""Animalia""]","[""Chordata""]","[""Mammalia""]","[""Carnivora""]","[""Hydrictis maculicollis"", ""Aonyx capensis""]","[""Hydrictis"", ""Aonyx""]"
Genetic diversity and population structure of wolverine (Gulo gulo) populations at the southern edge of their current distribution in North America with implications for genetic viability,"The current range of wolverines (Gulo gulo) within the lower 48 states includes small, remnant populations in Idaho, Washington, Wyoming and Montana. The size and trend of each of these populations and connectivity to adjacent populations in the contiguous United States and Canada are poorly understood. In this study, levels of genetic diversity and population genetic structure were examined in three states (Idaho, Wyoming, and Montana) and two Canadian provinces (Alberta and British Columbia) using both mitochondrial (mtDNA) and nuclear microsatellite DNA. Restricted levels of gene flow were detected among these populations with mitochondrial and nuclear DNA and our observations suggest a pattern of male-mediated gene flow. Populations in the United States appear to be receiving migrants from Canada, however, substantial genetic differentiation suggests that gene flow may not be high enough to prevent genetic drift. Our analyses suggest that at least 400 breeding pairs or 1-2 effective migrants per generation would be needed to ensure genetic viability in the long-term for each of the populations in the United States. Significant matrilineal structuring and restricted female gene flow indicates that demographic viability will depend upon the movement of female wolverines into new territories. Results from this study provide guidelines for conservation and management and indicate the need for more ecological data.",10.1007/s10592-006-9126-9,Wright et al,WOS:000238026300003,"[""Animalia""]","[""Chordata""]","[""Mammalia""]","[""Carnivora""]","[""Gulo gulo""]","[""Gulo""]"
Decline in endangered species as an indication of anthropic pressures:: The case of European mink Mustela lutreola western population,"Populations of threatened species, especially predators at the top of the food chain, may be affected by anthropic pressures. The endangered western population of European mink Mustela lutreola has shown a large decline over 50% of its natural range. M. lutreola disappeared from northwestern France between 1984 and 1997, and the decline was associated with an increase in mustelid trapping, changes in watercourse quality, and habitat modifications due to agricultural practices. The pattern of decline showed a fragmentation restricting the minks into very small areas. Trapping was the first known cause of mortality. Although feral American mink Mustela vison may compete with autochthonous carnivores, M. lutreola had disappeared from streams before the introduction of the American species, suggesting that competitive interactions were not responsible. Furthermore, American mink has never been found or has remained rare in 62.4% of the area from which M, lutreola has disappeared. During the past 25 years, permanent grassland surfaces were reduced by 40%, whereas fodder culture increased by 470%, causing considerable habitat changes, Furthermore, 55.7% of water courses were classified as being of bad quality or polluted. Therefore, our data suggests that a conjunction of intensive trapping, alterations in water quality and habitat modification was critical for the European mink's decline. Although there are difficulties in ascribing specific cause to distribution changes in a top predator, this decline can be regarded as an indication for anthropic pressures on natural habitats.",10.1007/s002670010257,Wright et al,WOS:000171990600003,"[""Animalia""]","[""Chordata""]","[""Mammalia""]","[""Carnivora""]","[""Mustela lutreola""]","[""Mustela""]"
"Updated status of the Sea Otter, Enhydra lutris, in Canada","Sea Otters (Enhydra lutris) ranged historically across the north Pacific from the central Pacific coast of Baja California, to northern Japan. An intensive fur hunt in the 18th and 19th centuries extirpated the Sea Otter from much of its range. The species was protected in 1911, and now occupies approximately half of its historic range. Presently, the worldwide population of Sea Otters is thought to be about 150 000 animals. The British Columbia Sea Otter population, originating from 89 animals reintroduced to Vancouver Island from 1969 to 1972, has increased at a finite rate of 18.6% per year, a rate similar to reintroduced populations in Washington and southeast Alaska. In 1995, a minimum of 1522 Sea Otters were found in British Columbia. Most of these animals occurred off Vancouver Island, but at least 135 Sea Otters were found near Goose Island, 125 km north of Vancouver Island. The origin of this latter group is uncertain. Sea Otters are presently classed as threatened in British Columbia and are protected under Federal and Provincial regulations.",,Wright et al,WOS:A1997XJ31500016,"[""Animalia""]","[""Chordata""]","[""Mammalia""]","[""Carnivora""]","[""Enhydra lutris""]","[""Enhydra""]"
Sampling affects the detection of genetic subdivision and conservation implications for fisher in the Sierra Nevada,"The small population of fisher (Pekania pennanti) in the southern Sierra Nevada is completely geographically and genetically isolated putting it at increased risk of extinction. Previous research using a clustered sampling scheme found a high amount of genetic subdivision within the southern Sierra Nevada population hypothesized to be caused by the Kings River Canyon. In this study, we use a larger and more geographically continuous set of genetic samples (n = 127) than was previously available to test this hypothesis and evaluate the genetic structure of the population. Both spatial and non-spatial population assignment models found three primary genetic clusters with moderate divergence between the clusters (F-ST = 0.05-0.13) at 10 microsatellite loci. These clusters appear to be associated with areas around the Kings River and Mountain Home State Demonstration Forest. One model also detected additional fine scale subdivision north of the Kings River that may be evidence of founder effects from a recent population expansion. The amount of population subdivision detected in this study is lower than previously found and indicates that while certain landscape features may reduce gene flow, these landscape features may be less of a barrier than initially thought. In the previous work, samples were collected in clusters which can inflate estimates of population structure by increasing the likelihood of oversampling related individuals. This study demonstrates how clustered sampling from a continuously distributed population can affect the assessment of population subdivision and influence conservation implications.",10.1007/s10592-013-0525-4,Wright et al,WOS:000332372300010,"[""Animalia""]","[""Chordata""]","[""Mammalia""]","[""Carnivora""]","[""Pekania pennanti""]","[""Pekania""]"
Riparian vegetation provides crucial shelter for resting otters in a human-dominated landscape,"The riparian vegetation belt is one of the few remaining structures that provide coverage for wildlife in many anthropogenic landscapes. It provides shelter for many species and functions as corridors for dispersal. However, this landscape is increasingly utilised by humans for leisure activities. The loss of riparian vegetation with a concurrent increase of human disturbance in these habitats can pose a serious threat to wildlife. One of the species potentially affected is the Eurasian otter Lutra lutra. In the Alps, otters are nocturnal and rest during the day when human activity is high. To study the impact of human presence on resting site selection in otters, we radio-tracked nine otters for up to 30 months in the eastern Central Alps of Austria. We analysed resting site selection in relation to human disturbance. Altogether, we identified 285 resting sites scattered throughout the territories of the individual otters at an average distance of 144 m between sites. Almost all the resting sites (95%) were located in the natural riparian vegetation, making this the most important habitat for resting otters. We found evidence that human disturbance within these riparian habitats shapes resting site selection. Otters preferred narrow riparian strips when there was no human presence, but selected areas with a wider vegetation belt when the disturbance level increased. Outside the vegetation period, animals rested below ground more often than above, which suggests that vegetation also functions as visual cover. Our study highlights the importance of the restoration of the natural riparian vegetation belt for the protection of wildlife, particularly where human activities are intense. We provide information for the effective conservation management of otters considering the combination of spatial distribution of resting sites and specific habitat requirements in the presence of human disturbance. Areas of conservation importance chosen in this way are likely to benefit other wildlife that utilise the riparian vegetation belt. (C) 2019 Deutsche Gesellschaft fur Saugetierkunde. Published by Elsevier GmbH. All rights reserved.",10.1016/j.mambio.2019.09.001,Wright et al,WOS:000493957100021,"[""Animalia""]","[""Chordata""]","[""Mammalia""]","[""Carnivora""]","[""Lutra lutra""]","[""Lutra""]"
"Organochlorine and heavy-metal contaminants in wild mammals and birds of Urbino-Pesaro province, Italy: An analytic overview for potential bioindicators","Tissue samples from 56 bird and 11 mammal species of different trophic levels, collected from 1994 to 1995 from the Urbino-Pesaro area in the Marche region of central Italy, were analyzed for the presence of organochlorine compounds (polychlorinated biphenyls and p,p'-DDE) and heavy metals (Pb, Cd, Cr, and Hg). Results revealed interspecies differences in pollutant residue concentrations. A clear relationship between contaminant and trophic levels emerged depending on several factors specific to the chemicals and the organisms, the importance of dietary accumulation, and metabolic capacity as it increased toward higher trophic levels. Polychlorinated biphenyls and p,p'-DDE were found in all of the bird and mammal species analyzed (bird- or fish-eating birds), and insectivore mammals showed the highest level of these contaminants. Pb and Hg residues were also widely detected and reflected trophic-level differences. The highest concentration of Pb was found in herbivorous or bird-eating aquatic invertebrates and in insectivorous mammals, particularly in the hedgehog (Erinaceus europaeus), whereas the highest Hg levels were found in fish-eating birds. All of the other heavy metals were detected at low concentrations and represented background levels for birds and mammals, with the exception of increased amounts of Cd and Cr, respectively, found in stone marten (Martes foina) and fox (Vulpes vulpes). Data from this study provided information on baseline levels of interest to monitor status and trends in chemical residue in biota in this specific area, and therefore they represent a tool to evaluate potential ecologic, wildlife, and human health exposure.",10.1007/s00244-005-0218-1,Wright et al,WOS:000236980500016,"[""Animalia""]","[""Chordata""]","[""Mammalia""]","[""Carnivora""]","[""Martes foina""]","[""Martes""]"
Multiscale landscape genetics of American marten at their southern range periphery,"American marten (Martes americana) are a conservation priority in many forested regions of North America. Populations are fragmented at the southern edge of their distribution due to suboptimal habitat conditions. Facilitating gene flow may improve population resilience through genetic and demographic rescue. We used a multiscale approach to estimate the relationship between genetic connectivity and landscape characteristics among individuals at three scales in the northeastern United States: regional, subregional, and local. We integrated multiple modeling techniques and identified top models based on consensus. Top models were used to parameterize resistance surfaces at each scale, and circuit theory was used to identify potential movement corridors. Regional gene flow was affected by forest cover, elevation, developed land cover, and slope. At subregional and local scales, the effects were site specific and included subsets of temperature, elevation, developed land cover, and slope. Developed land cover significantly affected gene flow at each scale. At finer scales, lack of variance in forest cover may have limited the ability to detect a relationship with gene flow. The effect of slope on gene flow was positive or negative, depending on the site examined. Occupancy probability was a relatively poor predictor, and we caution its use as a proxy for landscape resistance. Our results underscore the importance of replication and multiscale approaches in landscape genetics. Climate warming and landscape conversion may reduce the genetic connectivity of marten populations in the northeastern United States, and represent the primary challenges to marten conservation at the southern periphery of their range.",10.1038/s41437-020-0295-y,Wright et al,WOS:000509840000001,"[""Animalia""]","[""Chordata""]","[""Mammalia""]","[""Carnivora""]","[""Martes americana""]","[""Martes""]"
Effects of global climate change on geographic distributions of vertebrates in North Queensland,"This paper assesses potential changes in the distributions of 12 endemic rainforest vertebrates of the Wet Tropics of Northeastern Australia in response to global warming predictions. It is based on projecting models of current geographic distribution to modelled future conditions taken from regional climate models. In comparing vertebrate species with different mobility, adaptation potential and distribution, consequences of global warming for elements of the regional biodiversity were investigated. The bioclimatic program. BIOCLIM, was used to determine the current climatic ranges and the potential changes in the distributions of the 12 species Linder four climate change scenarios for the year 2100. Results suggest that even species with currently wide climatic ranges may become vulnerable. Species distribution area decreased by more than 50% on average. Furthermore, the remaining predicted range decreased from an average of 90% under a conservative scenario, to about 40% under a less conservative scenario. These results show how sensitively some species could react to climate change and emphasise the need for rapid action on global warming for biodiversity conservation. (C) 2003 Published by Elsevier B.V.",10.1016/j.ecolmodel.2003.07.012,Urban et al,WOS:000221284100002,"[""Animalia""]","[""Chordata""]","[""Mammalia""]",,,
Reproductive characteristics of female wolverines (Gulo gulo) in Scandinavia,"We Studied reproduction of 56 female wolverines (Gulo gulo) in 2 areas of northern Scandinavia. Minimum average age at 1st reproduction was 3.4 years. Mean proportion of females (>= 3 years old) reproducing was 0.53 (95% confidence interval [CI] = 0.43-0.63, n = 94), and the annual mean was 0.58 (95% Cl = 0.35-0.80, n = 83). Mean annual birth rate was 0.74 (95% Cl = 0.33-1.14, n = 83) young per female (>= 3 years old). Mean size of 74 litters was 1.88 (95% Cl = 1.68-2.07, range = 1-4). Examination Of Our data Suggests that female wolverines have low productivity and low capacity to compensate for increased mortality. Therefore, wildlife managers Should consider wolverine demographics, especially mortality of adult female wolverines, when developing and implementing conservation policies and harvest regulations.",10.1644/04-.1,Wright et al,WOS:000235845500011,"[""Animalia""]","[""Chordata""]","[""Mammalia""]","[""Carnivora""]","[""Gulo gulo""]","[""Gulo""]"
"Relative densities of mammals in response to different levels of bushmeat hunting in the Udzungwa Mountains, Tanzania.","Bushmeat hunting constitutes the most immediate threat to wildlife populations in the Udzungwa Mountains of the Eastern Afromontane biodiversity hotspot. This study assesses the impact of hunting by comparing densities of mammalian species between the little hunted West Kilombero Scarp Forest Reserve (WKSFR), the medium-hunted Udzungwa Scarp Forest Reserve (USFR) and the intensively hunted New Dabaga Ulongambi Forest Reserve (NDUFR). Of the 22 species recorded, 20 were present in WKSFR, 17 in USFR and 12 in NDUFR. Most large species (>40 kg.) were absent from hunted areas, while medium-sized species were reduced more than smaller species. Few traces of Abbott's duiker were observed in hunted areas and bush pig was reduced by more than 85% in hunted areas. Hunting appears to have little effect on relative abundance of primates, blue duiker, Harvey's duiker, aardvark, eastern tree hyrax, and giant pouched rat in USFR, at least for those areas surveyed. In NDUFR relative abundance of most mammals are reduced compared to the less hunted reserves. The exception is red colobus which were no less abundant than USFR. However in NDUFR, transects were placed in the best quality habitat for these habitat-sensitive monkeys, thus emphasising the additional role of habitat degradation. The effect of hunting appears to be proportional to the size of the species and the intensity of hunting, although effects of life history strategy, forest fragment size, isolation, and previous logging cannot be excluded. Reduction of hunting levels are paramount to the survival of large bodied species in USFR and for the continued presence of most species in NDUFR. This study furthermore constitutes an important baseline for monitoring the effect of current efforts to implement joint forest management in the Udzungwa Mountains.",10.1177/194008290900200108,Benitez lopez et al,WOS:000208241500007,"[""Animalia""]","[""Chordata""]","[""Aves""]","[""Cetartiodactyla"", ""Primates"", ""Rodentia"", ""Proboscidea"", ""Tubulidentata""]","[""Cephalophus harveyi"", ""Cephalophus spadix"", ""Cercopithecus mitis"", ""Colobus angolensis"", ""Cricetomys gambianus"", ""Loxodonta africana"", ""Orycteropus afer"", ""Philantomba monticola, Neotragus moschatus"", ""Potamochoerus larvatus"", ""Procolobus gordonorum"", ""Syncerus caffer""]",
Animal decisions and conservation: the recolonization of a severely polluted river by the Eurasian otter,"Animals make decisions relying on environmental cues associated to high survival or breeding success along their evolutionary history. However, because of rapid anthropogenic changes in the environment, they may lack useful cues, making bad decisions with potential consequences for individuals and populations. Contaminants are difficult or impossible to detect for animals, so polluted habitats could be used in spite of their dangerous effects. The Eurasian otter Lutra lutra reoccupied the Guadiamar River (SW Spain) < 1 year after a toxic spill that killed the fauna living in it. The levels of heavy metals and arsenic (As) in the river trophic web at that moment were probably harmful for otters. To investigate this, we determined the amount of several heavy metals including copper, cadmium, zinc (Zn) and lead (Pb) and metalloids such as As in otter faeces and estimated the exposure of otters to these elements as average ingestion. Concentrations of Zn, Pb and As were statistically higher in faeces collected along the Guadiamar River than in those collected along the Guadalete River (reference area). An 'average otter' in the Guadiamar River would consume 3-4 mg of Pb and more than 5 mg of As daily. Such doses must be hazardous for the species and challenge the usual assertion that otter presence is a good indicator of river quality.",10.1111/j.1469-1795.2009.00263.x,Wright et al,WOS:000270140600004,"[""Animalia""]","[""Chordata""]","[""Mammalia""]","[""Carnivora""]","[""Lutra lutra""]","[""Lutra""]"
A comparison on the response to forest fragmentation by medium-sized Iberian carnivores in central Spain,"We studied the use of forest fragments by five medium-sized carnivore species in 280 forest fragments on the two Iberian plateaus. We looked for indirect evidence (faeces, tracks, dens) of fragment use (occurrence) by the species and analysed whether occurrence could be related to four groups of variables: local (vegetation structure and patch size), landscape (distance to possible colonisation sources), regional (fragment location on the northern or southern plateau) and the vegetation type of the fragments. We analysed the differential response of species according to their life-history and behavioural traits. The relationship between use by each species and the factors studied was analysed using stepwise logistic regressions. Results indicate that three factors are crucial to explain fragment use: fragment size, geographic location and vegetation type. Large fragments are used more than smaller ones, the northern plateau is more suitable than the southern plateau, and holm oak and broad-leaved oak forests are more used than pine woods. The effects and magnitude varied slightly among species, depending on habitat requirements or life-history traits. Data indicate that conservation strategies in fragmented environments must take into account elements functioning at different spatial scales, and that it is essential to consider each case within a characteristic regional context.",10.1023/A:1015856703786,Wright et al,WOS:000176184700009,"[""Animalia""]","[""Chordata""]","[""Mammalia""]","[""Carnivora""]","[""Meles meles"", ""Martes foina""]","[""Meles"", ""Martes""]"
Activity and home range in a recently widespread European mink population in Western Europe,"The European mink is a critically endangered mustelid species of conservation concern throughout Europe. Several conservation interventions have been implemented in recent years, supported by both national and European governments. However, knowledge about the natural history of the European mink is scarce and localized to a few specific areas. From 2007 to 2009, we studied mink activity patterns, home range sizes, and macrohabitats of mink home ranges based on 28 radio-tracked European mink (10 adult females, 11 adult males, 3 young females, and 4 young males) in the Foral Community of Navarre (northern Spain), in the Arga and Aragon rivers. We also provide insights on the spatial organization of the species. European mink presented a stable, mainly nocturnal and crepuscular activity pattern and required between 15 and 75 ha of fluvial habitats to establish their home ranges, which were also quite stable throughout the year. There were great differences between adult females and adult males, the latter having home ranges five times larger. In addition, whereas adult females mainly settled in lagoons and small tributaries, males also used to a large extent the main river sections. European mink presented a polygynous mating system, where males were territorial and encompassed several female home ranges within their home ranges. Lagoons and similar structures should be preserved and favored in management strategies, and tributaries maintained in good condition, as female requirements should be prioritized in plans to improve the general habitat quality for the species. Any conservation plan aimed at the improvement or recovery of European mink populations through habitat management should consider management blocks of at least 15 ha per each potential breeding female.",10.1007/s10344-017-1135-0,Wright et al,WOS:000411059800007,"[""Animalia""]","[""Chordata""]","[""Mammalia""]","[""Carnivora""]","[""Mustela lutreola""]","[""Mustela""]"
Lack of Spatial Immunogenetic Structure among Wolverine (Gulo gulo) Populations Suggestive of Broad Scale Balancing Selection,"Elucidating the adaptive genetic potential of wildlife populations to environmental selective pressures is fundamental for species conservation. Genes of the major histocompatibility complex (MHC) are highly polymorphic, and play a key role in the adaptive immune response against pathogens. MHC polymorphism has been linked to balancing selection or heterogeneous selection promoting local adaptation. However, spatial patterns of MHC polymorphism are also influenced by gene flow and drift. Wolverines are highly vagile, inhabiting varied ecoregions that include boreal forest, taiga, tundra, and high alpine ecosystems. Here, we investigated the immunogenetic variation of wolverines in Canada as a surrogate for identifying local adaptation by contrasting the genetic structure at MHC relative to the structure at 11 neutral microsatellites to account for gene flow and drift. Evidence of historical positive selection was detected at MHC using maximum likelihood codonbased methods. Bayesian and multivariate cluster analyses revealed weaker population genetic differentiation at MHC relative to the increasing microsatellite genetic structure towards the eastern wolverine distribution. Mantel correlations of MHC against geographical distances showed no pattern of isolation by distance (IBD: r = -0.03, p = 0.9), whereas for microsatellites we found a relatively strong and significant IBD (r = 0.54, p = 0.01). Moreover, we found a significant correlation between microsatellite allelic richness and the mean number of MHC alleles, but we did not observe low MHC diversity in small populations. Overall these results suggest that MHC polymorphism has been influenced primarily by balancing selection and to a lesser extent by neutral processes such as genetic drift, with no clear evidence for local adaptation. This study contributes to our understanding of how vulnerable populations of wolverines may respond to selective pressures across their range.",10.1371/journal.pone.0140170,Wright et al,WOS:000362511000101,"[""Animalia""]","[""Chordata""]","[""Mammalia""]","[""Carnivora""]","[""Gulo gulo""]","[""Gulo""]"
"LEPTOSPIROSIS IN FREE-RANGING ENDANGERED EUROPEAN MINK (MUSTELA LUTREOLA) AND OTHER SMALL CARNIVORES (MUSTELIDAE, VIVERRIDAE) FROM SOUTHWESTERN FRANCE","To study the possible role of disease in the decline of endangered European mink (Mustela lutreola), we conducted a survey of antibody prevalence and renal carriage of pathogenic leptospira (Leptospira interrogans sensu lato) using serum and kidney samples collected from 1990 to 2007 from several free-ranging small carnivores and farmed American mink (Mustela vison) in southwestern France. An indirect microscopic agglutination test using a panel of 16 serovars belonging to 6 serogroups (Australis, Autumnalis, Icterohaemorrhagiae, Grippotyphosa, Panama, Sejroe) revealed antibodies in all species, with significant differences in antibody prevalences: 74% in European mink (n=99), 65.4% in European polecats (Mustela putorius, n=133), 86% in American mink (n=74), 89% in stone martens (Martes foina, n=19), 74% in pine martens (Martes martes, n=19), 35% in corn moo genets (Genetta genetta, n=79), and 31.% in farmed American mink (n=51). Serogroups Australis and Icterohaemorragiae were dominant in most free-ranging species; serogroup Grippotyphosa had high prevalences in European mink. Such high antibody prevalences have never been reported. They are probably related to the large number of known reservoirs, rats (Rattus spp.), muskrat (Ondatra zibethicus), and coypu (Myocastor coypu), in the study area. The polymerase chain reaction test specific for pathogenic leptospiral DNA detected renal carriage in 23% of 34 European mink, 22% of 18 polecats, and 15% of 33 free-ranging American mink, with no significant differences. Renal carriage shows that mustelids may shed leptospira for short periods, but their epidemiologic role is probably limited. High antibody prevalences suggest that the disease is unlikely to be highly pathogenic for these species; however, chronic forms of the disease (abortions, renal lesions) could reduce the reproductive success or life span of infected animals. Further studies on the pathogenicity of leptospirosis in these populations are needed to measure its impact on the population dynamics of these rodent predators.",10.7589/0090-3558-46.4.1141,Wright et al,WOS:000283896600009,"[""Animalia""]","[""Chordata""]","[""Mammalia""]","[""Carnivora""]","[""Mustela lutreola""]","[""Mustela""]"
A survey of elephants (Loxodonta africana) in the Kahuzi-Biega National Park lowland sector and adjacent forest in eastern Zaire,"There has been considerable uncertainty about the abundance estimation of Loxodonta africana within tropical lowland moist forests in Zaire. We surveyed a 15,570 km(2) area within the forests of eastern Zaire using transect sampling methods and estimated the elephant population to be 3720 (range 2300-5000) individuals. Dung pile densities were significantly different between adjacent settlement, deep forest, and deep forest core strata, with the most remote area harbouring the highest density. Evidence of elephant poaching was encountered throughout the survey area suggesting that elephant populations continue to be at severe risk.",10.1111/j.1365-2028.1997.088-89088.x,Benitez lopez et al,WOS:000072183400004,"[""Animalia""]","[""Chordata""]","[""Aves""]","[""Proboscidea""]","[""Loxodonta africana""]",
A distemper outbreak in beech martens (Martes foina) in Flanders,"An outbreak of distemper was observed in beech martens (Martes foina) in the eastern part of Flanders (Belgium) for the first time. The clinical and pathological findings were consistent with other outbreaks described in mustelids in Europe. Using reverse transcriptase polymerase chain reaction, morbillivirus RNA was detected in an organ homogenate inoculated on Vero.dogSLAM cells. The virus was sequenced and was identified as a canine distemper virus (CDV) strain, hundred percent identical to an earlier isolate from a marten from Germany. After a period of nearly complete absence of beech martens in Flanders due to intensive prosecution, their population density has increased substantially in the last decennia. Although the exact mechanisms behind the observed population changes stay unclear, spread of CDV from central Europe following dispersion of beech martens is indicated by our findings. Further CDV spread could negatively impact on the highly threatened pine marten (Mantes martes) and the decreasing polecat (Mustela putorius) populations in Flanders.",10.21825/vdt.v81i2.18362,Wright et al,WOS:000303691700003,"[""Animalia""]","[""Chordata""]","[""Mammalia""]","[""Carnivora""]","[""Martes foina""]","[""Martes""]"
"Assessing Risks to Sea Otters and the Exxon Valdez Oil Spill: New Scenarios, Attributable Risk, and Recovery","The Exxon Valdez oil spill occurred more than two decades ago, and the Prince William Sound ecosystem has essentially recovered. Nevertheless, discussion continues on whether or not localized effects persist on sea otters (Enhydra lutris) at northern Knight Island (NKI) and, if so, what are the associated attributable risks. A recent study estimated new rates of sea otter encounters with subsurface oil residues (SSOR) from the oil spill. We previously demonstrated that a potential pathway existed for exposures to polycyclic aromatic hydrocarbons (PAHs) and conducted a quantitative ecological risk assessment using an individual-based model that simulated this and other plausible exposure pathways. Here we quantitatively update the potential for this exposure pathway to constitute an ongoing risk to sea otters using the new estimates of SSOR encounters. Our conservative model predicted that the assimilated doses of PAHs to the 1-in-1000th most-exposed sea otters would remain 1-2 orders of magnitude below the chronic effects thresholds. We re-examine the baseline estimates, post-spill surveys, recovery status, and attributable risks for this subpopulation. We conclude that the new estimated frequencies of encountering SSOR do not constitute a plausible risk for sea otters at NKI and these sea otters have fully recovered from the oil spill.",10.1080/10807039.2013.828513,Wright et al,WOS:000333483800002,"[""Animalia""]","[""Chordata""]","[""Mammalia""]","[""Carnivora""]","[""Enhydra lutris""]","[""Enhydra""]"
Long-term effects of the 'Exxon Valdez' oil spill: sea otter foraging in the intertidal as a pathway of exposure to lingering oil,"The protracted recovery of some bird and mammal populations in western Prince William Sound (WPWS), Alaska, and the persistence of spilled 'Exxon Valdez' oil in intertidal sediments, suggests a pathway of exposure to consumers that occupy nearshore habitats. To evaluate the hypothesis that sea otter (Enhydra lutris) foraging allows access to lingering oil, we contrast spatial relations between foraging behavior and documented oil distribution. We recovered archival time-depth recorders implanted in 19 sea otters in WPWS, where lingering oil and delayed ecosystem recovery are well documented. Sea otter foraging dives ranged from +2.7 to -92 m below sea level (MLLW), with intertidal accounting for 5 to 38% of all foraging. On average, female sea otters made 16 050 intertidal dives per year and 18% of these dives were at depths above the +0.80 m tidal elevation. Males made 4100 intertidal dives per year and 26% of intertidal foraging took place at depths above the +0.80 m tidal elevation. Estimated annual oil encounter rates ranged from 2 to 24 times yr(-1) for females, and 2 to 4 times yr(-1) for males. Exposure rates increased in spring when intertidal foraging doubled and females were with small pups. In summer 2008, we found sea otter foraging pits on 13.5 of 24.8 km of intertidal shoreline surveyed. Most pits (82%) were within 0.5 m of the zero tidal elevation and 15% were above 0.5 m, the level above which most (65%) lingering oil remains. In August 2008, we detected oil above background concentrations in 18 of 41 (44%) pits excavated by sea otters on beaches with prior evidence of oiling, with total PAH concentrations up to 56 000 ng g(-1) dry weight. Our estimates of intertidal foraging, the widespread presence of foraging pits in the intertidal, and the presence of oil in and near sea otter foraging pits documents a pathway of exposure from lingering intertidal oil to sea otters foraging in WPWS.",10.3354/meps09523,Wright et al,WOS:000300660600019,"[""Animalia""]","[""Chordata""]","[""Mammalia""]","[""Carnivora""]","[""Enhydra lutris""]","[""Enhydra""]"
A conceptual framework for understanding illegal killing of large carnivores,"The growing complexity and global nature of wildlife poaching threaten the survival of many species worldwide and are outpacing conservation efforts. Here, we reviewed proximal and distal factors, both social and ecological, driving illegal killing or poaching of large carnivores at sites where it can potentially occur. Through this review, we developed a conceptual social-ecological system framework that ties together many of the factors influencing large carnivore poaching. Unlike most conservation action models, an important attribute of our framework is the integration of multiple factors related to both human motivations and animal vulnerability into feedbacks. We apply our framework to two case studies, tigers in Laos and wolverines in northern Sweden, to demonstrate its utility in disentangling some of the complex features of carnivore poaching that may have hindered effective responses to the current poaching crisis. Our framework offers a common platform to help guide future research on wildlife poaching feedbacks, which has hitherto been lacking, in order to effectively inform policy making and enforcement.",10.1007/s13280-016-0852-z,Wright et al,WOS:000397818800001,"[""Animalia""]","[""Chordata""]","[""Mammalia""]","[""Carnivora""]","[""Gulo gulo""]","[""Gulo""]"
"Mitochondrial DNA and palaeontological evidence for the origins of endangered European mink, Mustela lutreola","The European mink Mustela lutreola is one of Europe's most endangered carnivores, with few vulnerable populations remaining. Surprisingly, a recent phylogeny placed a single mink specimen within the polecat (M. putorius, M. eversmannii) group, suggesting a recent speciation and/or the effects of hybridization. The analysis has now been extended to a further 51 mink and polecats. As before, phylogenetic methods failed to resolve the relationships between the species. One haplotype (C11) was found in both species, and predominated in European mink from Spain and eastern Europe. The known M. lutreola fossils are of very young date, so either mink arose recently, or else the situation is confused by hybridization and a biased fossil recovery. The study highlights the dangers of using a single genetic marker in defining Evolutionarily Significant Units (ESUs). Polecats and European mink are clearly distinct in their morphology and ecology, and should still be considered as separate ESUs, but without further data it is difficult to define Management Units. Following the precautionary principle, we recommend that for the moment European mink in eastern Europe (Belarus, Estonia and Russia) and Spain should be managed separately.",,Wright et al,WOS:000165205800007,"[""Animalia""]","[""Chordata""]","[""Mammalia""]","[""Carnivora""]","[""Mustela lutreola""]","[""Mustela""]"
"Reoccupation of historical areas by the endangered giant river otter Pteronura brasiliensis (Carnivora: Mustelidae) in Central Amazonia, Brazil","After decades of banning commercial hunting, the population of the endangered giant river otter in South America is no larger than 5000 animals, with slightly increasing populations, and apparent reoccupation of parts of its historical distribution. In Brazil, which may hold the largest populations, the refinement of distributional data and the conduction of censuses in Amazonia were identified as essential for the conservation of the species. To confirm if the species was, in fact, reoccupying its historical area, we present here data collected between October 2004 and September 2008 in Amana Reserve, Central Amazonia. A total of 18,181 km along 13 water bodies were surveyed in 465 days of fieldwork, resulting in 711 records. Animals presented a uniform occupation pattern, with expansion to new areas, no vacancy of previously used ones, and with frequent reuse of sites along the years. However, considering the number of records/km and sightings/km were almost constant between years, the local population may be experiencing just a slight increase, with animals probably expanding their home ranges. Although our study witnessed some population growth, giant river otters remained at low numbers during the survey, indicating that such population still have not reached its carrying capacity and require continuous attention.",10.1515/mammalia-2013-0023,Wright et al,WOS:000334923900004,"[""Animalia""]","[""Chordata""]","[""Mammalia""]","[""Carnivora""]","[""Pteronura brasiliensis""]","[""Pteronura""]"
"Recent history, current status, conservation and management of native mammalian carnivore species in Great Britain","After historical declines in population sizes and ranges, we compare and contrast the recent history and contemporary variation in the status of Great Britain's eight native mammalian carnivore species from the 1960s to 2017. Wildcat Felis silvestris conservation status is unfavourable and is masked by hybridisation with domestic cats Felis catus. Red foxes Vulpes vulpes remain widespread but are currently declining. European otter Lutra lutra, European pine marten Martes martes and European polecat Mustela putorius populations are characterised by rapid recovery. Otters have almost completely recolonised Great Britain, polecats have expanded their range throughout southern Britain from refugia in Wales and pine martens have expanded their range from the Scottish Highlands. European badgers Meles meles have generally increased in population density. Status assessments of stoats Mustela erminea and weasels Mustela nivalis are data-deficient but available evidence suggests that stoats may have increased while weasels may have declined. Anthropogenic processes influencing carnivore status include legal protections, habitat quality, reintroductions, predator control, pollutants, hybridisation and diseases and their associated control practices. Population effects of contaminants, such as anticoagulant rodenticides, remain poorly characterised. The widespread interface with domestic and feral cats makes the wildcat's situation precarious. Recent declines in rabbit Oryctolagus cuniculus populations are a concern, given that several carnivore species depend on them as food. We conclude that, with the exception of the wildcat, the status of Great Britain's mammalian carnivores has markedly improved since the 1960s. Better understanding of the social aspects of interactions between humans and expanding predator populations is needed if conflict is to be avoided and long-term co-existence with people is to be possible.",10.1111/mam.12150,Wright et al,WOS:000460945200006,"[""Animalia""]","[""Chordata""]","[""Mammalia""]","[""Carnivora""]","[""Lutra lutra"", ""Martes martes"", ""Mustela nivalis"", ""Mustela erminea"", ""Mustela putorius"", ""Meles meles""]","[""Lutra"", ""Martes"", ""Mustela"", ""Meles""]"
Working with experts to quantify changes in the abundance of furbearers following rapid and large-scale forest harvesting,"Across western Canada, furbearers are being subjected to the cumulative impacts of industrial development. This region has witnessed unprecedented levels of anthropogenic change, primarily in the form of increased forest harvesting. We used trapping records to investigate the relationship between habitat and the abundance of Canada lynx (Lynx canadensis) and American marten (Martes americana). We applied expert-based habitat models to ten reference landscapes (i.e., traplines) in two distinct study areas to serve as measures of habitat change from 1990 to 2013. We elicited fur harvest records from trapper experts and then used negative binomial count models to relate capture success to habitat availability and quality. We controlled for factors that were hypothesized to influence capture success, including effort and weather conditions, allowing us to model the effects of habitat availability and quality on population abundance. Expert-based habitat models revealed that the area and quality of habitat declined significantly as a result of increased forest harvesting. The top-ranked count models identified combinations of habitat availability and quality, trapping effort, and trapline area as factors positively influencing the capture success of lynx and marten. Results suggested that the reduction in high-quality habitat negatively affected the abundance of marten in the study area. Methods and findings also illustrated the utility of harvest records for investigating population abundance of forbearer species. A precise measure of trapping effort, however, is necessary to relate environmental covariates, including habitat, to harvest at the scale of individual traplines.",10.1016/j.foreco.2017.07.045,Wright et al,WOS:000411534000019,"[""Animalia""]","[""Chordata""]","[""Mammalia""]","[""Carnivora""]","[""Martes americana""]","[""Martes""]"
"HABITAT PREFERENCES AND ACTIVITY PATTERNS OF THE LARGER MAMMAL COMMUNITY IN PHNOM PRICH WILDLIFE SANCTUARY, CAMBODIA","The northern and eastern plains of Cambodia support one of the largest extents of lowland deciduous forest in South-east Asia and are globally significant for mammal conservation. Between Dec.2008 and Aug.2009 intensive camera-trapping was conducted within mosaic deciduous dipterocarp and mixed-deciduous/semi-evergreen forest in the east of Phnom Prich Wildlife Sanctuary, Mondulkiri province, Cambodia. Forty camera-trap locations were set up for >2700 camera-trap nights producing 707 independent encounters of 23 mammal species. Eight globally threatened species of mammals were recorded including the Asian elephant (Elephas maximus), banteng (Bos javanicus) and dhole (Cuon alpinus). Two species, the gaur (Bos gaurus) and pig-tailed macaque (Macaca nemestrina), showed significant preference for forest type (higher Relative Abundance Index of both species in mixed-deciduous/semi-evergreen forest). The mix of drier deciduous dipterocarp forest and wetter mixed-deciduous and semi-evergreen forest appears important for maintaining the conservation value of the site. Camera trap encounter rates were lower in areas within a day's walk from villages at the periphery of the protected area whilst cathemeral species displayed higher proportions of nocturnal activity than in similar studies from elsewhere in South-east Asia. We suggest disturbance and hunting may therefore be affecting the distribution and activity patterns of key species. Managing the Non Timber Forest Product (NTFP) collectors as well as finalising, and enforcing, zonation within the protected area are recommended conservation measures for the mammal community.",,Benitez lopez et al,WOS:000301312200022,"[""Animalia""]","[""Chordata""]","[""Mammalia""]","[""Columbiformes"", ""Bucerotiformes""]","[""Ducula aenea"", ""Ducula badia"", ""Aceros undulatus"", ""Anthracoceros albirostris"", ""Buceros bicornis""]",
"Patterns of Natural and Human-Caused Mortality Factors of a Rare Forest Carnivore, the Fisher (Pekania pennanti) in California","Wildlife populations of conservation concern are limited in distribution, population size and persistence by various factors, including mortality. The fisher (Pekania pennanti), a North American mid-sized carnivore whose range in the western Pacific United States has retracted considerably in the past century, was proposed for threatened status protection in late 2014 under the United States Endangered Species Act by the United States Fish and Wildlife Service in its West Coast Distinct Population Segment. We investigated mortality in 167 fishers from two genetically and geographically distinct sub-populations in California within this West Coast Distinct Population Segment using a combination of gross necropsy, histology, toxicology and molecular methods. Overall, predation (70%), natural disease (16%), toxicant poisoning (10%) and, less commonly, vehicular strike (2%) and other anthropogenic causes (2%) were causes of mortality observed. We documented both an increase in mortality to (57% increase) and exposure (6%) from pesticides in fishers in just the past three years, highlighting further that toxicants from marijuana cultivation still pose a threat. Additionally, exposure to multiple rodenticides significantly increased the likelihood of mortality from rodenticide poisoning. Poisoning was significantly more common in male than female fishers and was 7 times more likely than disease to kill males. Based on necropsy findings, suspected causes of mortality based on field evidence alone tended to underestimate the frequency of disease-related mortalities. This study is the first comprehensive investigation of mortality causes of fishers and provides essential information to assist in the conservation of this species.",10.1371/journal.pone.0140640,Wright et al,WOS:000364298400028,"[""Animalia""]","[""Chordata""]","[""Mammalia""]","[""Carnivora""]","[""Pekania pennanti""]","[""Pekania""]"
Predicted distribution of the yellow-throated marten Martes flavigula (Mammalia: Carnivora: Mustelidae) on Borneo,"The yellow-throated marten Martes flavigula is a wide-ranging species across much of Asia. It is active mainly during the day, is semi-arboreal and has an omnivorous diet. On Borneo, it has a wide elevation range, from coastal lowland to lower montane habitat of 1700 m a.s.l. Records from camera-trapping and other wildlife surveys imply a widespread distribution, but the species is encountered less frequently than in many other parts of its global range. We collected a total of 195 occurrence records from all political units of Borneo except South Kalimantan. To reduce possibly confounding effects of sampling bias on habitat suitability we used 56 records in a Balanced Model and 94 records in a Spatial Filtering Model. Respondents' opinions on habitat preference showed large variation, except for lowland and upland dipterocarp forests, which were consistently perceived as highly suitable; disturbed areas such as burnt forests and bare areas were perceived to be less favourable. The habitat suitability model predicted that the yellow-throated marten is widespread within Borneo, likely to occur in mosaics of lowland and upland forests, including old plantations and active logging areas; but unlikely to use young plantations and crops, perhaps including oil palm plantations. The effects of logging on yellow-throated marten are not well understood, yet the species's population size on Borneo will depend on how tree plantations and logging concessions are managed and harvested. More surveys above about 1200 m a.s.l., where information is still limited, would enable more confident habitat assessments. Further research could determine if the Bornean subspecies, M.f. saba, could be a cryptic species.",,Wright et al,WOS:000393214300004,"[""Animalia""]","[""Chordata""]","[""Mammalia""]","[""Carnivora""]","[""Martes flavigula""]","[""Martes""]"
Conservation activities for the Eurasian otter (Lutra lutra) in South Korea traced from newspapers during 1962-2010,"Within its wide range, populations of the Eurasian otter (Lutra lutra) have declined, mostly in Europe, and have only begun to re-establish after effective regulation of persistent organic pollutants in their habitat. In South Korea, otter populations have also recovered in response to improved environmental conditions and conservation programmes. Scientific research and public awareness have both facilitated conservation efforts to restore otter populations in South Korea, but how changing public attitudes to conservation have contributed to otter recovery is unknown. Because historic newspaper articles can reveal such changes, we categorised the 5168 newspaper articles about otters from 1962 to 2010 into five topics (occurrence, ecotourism, conflict, research, and restoration) and geo-tagged any otter locations mentioned to a 15 x 15 km grid to compare with the otter distribution established by five scientific surveys. Since 2000, the number of newspaper articles about conflicts between otters and urban development, and the roles of otters in encouraging eco-tourism have increased significantly. About 12% of grid squares with otters were reported only in newspaper articles, mostly in urban areas, which were under-represented in the scientific surveys that focused more on forested areas. The increase over time in the otter occurrence rate reported in urban areas suggests that high citizen interest in occurrence could be basis for understanding the ecological importance of human-carnivore coexistence. As for understanding importance of conservation, otters are a good example of a resource for establishing conservation strategies and citizen education for effective conservation. (C) 2017 Elsevier Ltd. All rights reserved.",10.1016/j.biocon.2017.03.010,Wright et al,WOS:000405881600018,"[""Animalia""]","[""Chordata""]","[""Mammalia""]","[""Carnivora""]","[""Lutra lutra""]","[""Lutra""]"
Sea otter mortality estimated from carcasses collected after the Exxon Valdez oil spill,"Large numbers of sea otters (Enhydra lutris) dies following the 1989 Exxon Valdez oil spill. Two previous studies estimated spill-related mortality, one from the difference between counts of otters before and after the spill, and the other from the recovery rate of tagged carcasses that had been released at sea. I used a derivative of the second approach, but revised it to account for (1) moribund offers that had hauled out on shore; (2) carcasses that were collect at sea; and (3) differences in search effort in different areas of the spill-considerations that were not addressed previously. The mortality estimation procedure presented here, and applied to Prince William Sound, Alaska, had six input parameters, two with fixed values (the number of spill-related carcasses collected [391] and the number of otters taken alive that died in captivity [84]) and four that were assigned a range of values (the recovery rate for carcasses on the beach [60-90%], the proportion of recovered carcasses that were onshore [70-95%]), the proportion of offshore deaths recovered onshore (20-50%), and the proportion of moribund otters that hauled out (20-60%). Empirical estimates for these parameters were not available after the spill, but a range of plausible values for each was delimited using other available data. Randomly-selected combinations of values within these ranges produce mortality estimates for the sound ((x) over bar = 750, 5-95% quantiles approximate to 600-1000) that were lower than indicated by previous studies. These lower estimates do not diminish the tragic nature of the mortality, but instead highlight the significance of both the process and informational basis in producing estimates of catastrophic loss. Estimates of loss based on faulty or inadequate data may mislead investigations of population recovery and may jeopardize public trust in scientific assessments of future catastrophes.",10.1046/j.1523-1739.1997.96062.x,Wright et al,WOS:A1997XR57100014,"[""Animalia""]","[""Chordata""]","[""Mammalia""]","[""Carnivora""]","[""Enhydra lutris""]","[""Enhydra""]"
Both forest composition and configuration influence landscape-scale habitat selection by fishers (Pekania pennanti) in mixed coniferous forests of the Northern Rocky Mountains,"Informed forest management and effective conservation planning require an understanding of how forest patterns influence wildlife species. The fisher (Pekania pennanti) is a wide-ranging, mesocarnivore species that occurs at low population densities and uses large tracts of forested lands in the western USA. Loss and fragmentation of forested habitats are considered primary threats to fisher populations, however, these factors influence two different components of landscape pattern: composition and configuration. We used data from 18 fishers fitted with Argos satellite transmitter collars to evaluate habitat selection at the landscape scale (i.e., 50-100 km(2)) in north-central Idaho. We developed a set of a priori models about how fishers might respond to forest pattern and tested the hypothesis that both forest composition and configuration influence habitat selection by fishers at broad spatial scales. Model selection results indicated that a model incorporating metrics of both forest configuration and forest composition performed significantly better those that with either alone. Fishers selected landscapes for home ranges with larger, more contiguous patches of mature forest and reduced amounts of open areas. Landscapes that had >= 50% mature forest arranged in connected, complex shapes with few isolated patches, and open areas comprising <= 5% of the landscape characterized a forest pattern selected by fishers in our study. To evaluate how well different forest management histories in our study region might provide habitat for fishers, we compared metrics of forest composition and configuration within fisher home ranges with metrics from forests managed under three distinct management histories. Landscapes managed primarily for timber production and lands managed as roadless/wilderness had significantly more open areas, less mature forest, and reduced proximity of mature forest patches than occupied fisher home ranges. These results can be used to facilitate effective conservation of fishers through informed forest management planning. (C) 2013 Elsevier B.V. All rights reserved.",10.1016/j.foreco.2013.11.029,Wright et al,WOS:000331851100009,"[""Animalia""]","[""Chordata""]","[""Mammalia""]","[""Carnivora""]","[""Pekania pennanti""]","[""Pekania""]"
"Movement patterns, habitat selection, and corridor use of a typical woodland-dweller species, the European pine marten (Martes martes), in fragmented landscape","Woodland fragmentation through land consolidation practices (the merging of small fields by the removal of separating structures like hedgerows) is recognised as a major threat to biodiversity in Europe. While its impact on the occurrence of species has frequently been the object of focus, its impact on the movements of individuals has rarely been studied. We used paths of radio-tracked European pine martens (Martes martes (L., 1758)), a forest-dwelling species, with fixes taken at 3 min intervals to determine their habitat use in fragmented landscape. Our results differ from those generally reported in the literature. Monitored individuals were not confined to large forests, and made additional use of small wood plots and hedgerows. Indeed, individuals moved faster in forests than in all other habitat types, which suggests that martens preferentially foraged in small woods, edges, and hedgerows. Roads and buildings were not avoided; fields, however, were avoided, although they did not act as barriers. Martens stayed close to forest cover when venturing into open ground, which suggests that although not restricted to forests, pine martens exhibit a certain dependence on the presence of trees in the vicinity.",10.1139/Z08-076,Wright et al,WOS:000259833500006,"[""Animalia""]","[""Chordata""]","[""Mammalia""]","[""Carnivora""]","[""Martes martes""]","[""Martes""]"
A re-evaluation of the role of killer whales Orcinus orca in a population decline of sea otters Enhydra lutris in the Aleutian Islands and a review of alternative hypotheses,"During the past 15-20 years, sea otters Enhydra lutris in the Aleutian Islands, Alaska, USA, experienced a drastic decrease in population size. It has been hypothesized that an increase in killer whale Orcinus orca predation was the primary cause of this decline. Causation of the decline by increased killer whale predation is now considered a textbook case of top-down predator control. The purpose of this review is to re-evaluate the evidence for killer whale predation and to review evidence for alternative causes. The killer whale predation hypothesis is based on three lines of evidence: (i) there was an increase in the number of observed killer whale attacks on sea otters during the 1990s, coincident with a decline in sea otters, (ii) sea otter populations did not decline in areas considered inaccessible to killer whales, while they declined in adjacent areas considered accessible to killer whales, and (iii) the estimated number of attacks necessary to account for the rate of decline is similar to the observed number of attacks. Our re-evaluation indicates that although the killer whale hypothesis is by no means disproved, the supporting data are limited and inconclusive. Increases in shark populations in the Aleutian Islands concurrent with the sea otter population declines indicate the need for further research into the role of alternative marine predators in the population decline. High contaminant levels observed in sea otters in the Aleutian Islands warrant further investigation into the impact of these toxins on sea otter health and vital rates, and their possible role on the population decline. Disease has not been ruled out as a significant contributor to the population decline, particularly in the early stages of the decline.",10.1111/j.1365-2907.2009.00156.x,Wright et al,WOS:000275762100001,"[""Animalia""]","[""Chordata""]","[""Mammalia""]","[""Carnivora""]","[""Enhydra lutris""]","[""Enhydra""]"
Genetic diversity and population structure of the Eurasian otter (Lutra lutra) in France,"During the last century, the Eurasian otter (Lutra lutra) suffered a dramatic decline in Europe. In France, the same pattern of sharp decline was observed with local extinctions in many regions. Before the recolonisation process, two main populations still remained along the Atlantic coast and in the Massif Central. To investigate the impact of this decline on the genetic diversity and structure of the French otter population, tissue samples of 144 otter carcasses from road kills that were found during 1992-2011 along the Atlantic coast and in the Massif Central were used. They were analysed using 10 microsatellites loci. Observed (H (o) = 0.64) and expected heterozygosity (H (e) = 0.62) were moderate, but consistent with results found in other European populations. The bottleneck test showed an excess of heterozygotes, providing evidence of a recent decline. There was evidence for weak but significant allelic frequencies divergence between otters from the Atlantic coast and those from the Massif Central (F (st) = 0.040, p < 0.05), probably resulting from their isolation prior to the recolonisation process. As the French otter population has been expanding for several years, genetic intermixing is now occurring. Although this expansion has not yet genetically homogenised all populations, this is may be a matter a time.",10.1007/s13364-015-0258-5,Wright et al,WOS:000372880400004,"[""Animalia""]","[""Chordata""]","[""Mammalia""]","[""Carnivora""]","[""Lutra lutra""]","[""Lutra""]"
Landscape-scale habitat selection by fishers translocated to the Olympic Peninsula of Washington,"The fisher was extirpated from much of the Pacific Northwestern United States during the mid- to late-1900s and is now proposed for federal listing as a threatened species in all or part of its west coast range. Following the translocation of 90 fishers from central British Columbia, Canada, to the Olympic Peninsula of Washington State from 2008 to 2010, we investigated the landscape-scale habitat selection of reintroduced fishers across a broad range of forest ages and disturbance histories, providing the first information on habitat relationships of newly reintroduced fishers in coastal coniferous forests in the Pacific Northwest. We developed 17 a priori models to evaluate several habitat-selection hypotheses based on premises of habitat models used to forecast habitat suitability for the reintroduced population. Further, we hypothesized that female fishers, because of their smaller body size than males, greater vulnerability to predation, and specific reproductive requirements, would be more selective than males for mid- to late-seral forest communities, where complex forest structural elements provide secure foraging, resting, and denning sites. We assessed 11 forest structure and landscape characteristics within the home range core-areas used by 19 females and 12 males and within randomly placed pseudo core areas that represented available habitats. We used case-controlled logistic regression to compare the characteristics of used and pseudo core areas and to assess selection by male and female fishers. Females were more selective of core area placement than males. Fifteen of 19 females (79%) and 5 of 12 males (42%) selected core areas within federal lands that encompassed primarily forests with an overstory of mid-sized or large trees. Male fishers exhibited only weak selection for core areas dominated by forests with an over story of small trees, primarily on land managed for timber production or at high elevations. The amount of natural open area best distinguished the use of core areas between males and females, with females using substantially less natural open area than males. Although sex-specific selection has been suspected for fishers, we identified factors that distinguish the selection of core areas by females from those of males, information which will be valuable to managers planning reintroductions or providing suitable habitat to promote fisher recovery in the Pacific Northwest. (C) 2016 Elsevier B.V. All rights reserved.",10.1016/j.foreco.2016.02.032,Wright et al,WOS:000375169500018,"[""Animalia""]","[""Chordata""]","[""Mammalia""]","[""Carnivora""]","[""Pekania pennanti""]","[""Pekania""]"
MARTEN ACTIVITY IN UNCUT AND LOGGED BOREAL FORESTS IN ONTARIO,"Marten (Martes americana) experience greater survival and production rates in old growth forests than in postclear-cut forests. To determine whether total time active and foraging success contribute to these differences, we compared marten movements and hunting activities in their preferred old-forests habitats to those in logged forests. Marten in uncut forests captured up to 119% (P = 0.003) more prey biomass than those in logged forests, depending on prey populations. We found few marten activity differences by forest type attributable to differences in density and prey species, or habitat structure. Distances between core areas in individual home ranges were greater (P < 0.001) in logged forests than in uncut forests. In years when food was scarce, mean distance between core areas was greater (P < 0.001) than in years of abundant food. Total diel time active was the same for males and females, but females were more (P < 0.001) nocturnally active than males in uncut forests or all marten in logged forests. Marten activity declined (P < 0.01) from less-than-or-equal-to14 hours/day in summer to <4 hours/day in late winter. Marten changed their activity patterns from active at all times of the day (24 hr) in summer, to diurnal in winter. We hypothesize that marten activity in winter may be influenced by energy conservation, particularly when temperatures are below -15 C. Access to the subnivean zone was more available in uncut forests than in logged forests, but marten in each habitat hunted beneath the snow at similar rates (P = 0.76) suggesting that subnivean access may not be a limiting feature of habitat structure in boreal forest. Marten may prefer old coniferous forests because of a greater rate of prey capture compared with that in more open habitats presented by logged forests.",10.2307/3809392,Wright et al,WOS:A1994NF08300014,"[""Animalia""]","[""Chordata""]","[""Mammalia""]","[""Carnivora""]","[""Martes americana""]","[""Martes""]"
"Setting Realistic Recovery Targets for Two Interacting Endangered Species, Sea Otter and Northern Abalone","Failure to account for interactions between endangered species may lead to unexpected population dynamics, inefficient management strategies, waste of scarce resources, and, at worst, increased extinction risk. The importance of species interactions is undisputed, yet recovery targets generally do not account for such interactions. This shortcoming is a consequence of species-centered legislation, but also of uncertainty surrounding the dynamics of species interactions and the complexity of modeling such interactions. The northern sea otter (Enhydra lutris kenyoni) and one of its preferred prey, northern abalone (Haliotis kamtschatkana), are endangered species for which recovery strategies have been developed without consideration of their strong predator-prey interactions. Using simulation-based optimization procedures from artificial intelligence, namely reinforcement learning and stochastic dynamic programming, we combined sea otter and northern abalone population models with functional-response models and examined how different management actions affect population dynamics and the likelihood of achieving recovery targets for each species through time. Recovery targets for these interacting species were difficult to achieve simultaneously in the absence of management. Although sea otters were predicted to recover, achieving abalone recovery targets failed even when threats to abalone such as predation and poaching were reduced. A management strategy entailing a 50% reduction in the poaching of northern abalone was a minimum requirement to reach short-term recovery goals for northern abalone when sea otters were present. Removing sea otters had a marginally positive effect on the abalone population but only when we assumed a functional response with strong predation pressure. Our optimization method could be applied more generally to any interacting threatened or invasive species for which there are multiple conservation objectives.",10.1111/j.1523-1739.2012.01951.x,Wright et al,WOS:000310798400009,"[""Animalia""]","[""Chordata""]","[""Mammalia""]","[""Carnivora""]","[""Enhydra lutris""]","[""Enhydra""]"
Cumulative effects of climate and landscape change drive spatial distribution of Rocky Mountain wolverine (Gulo gulo L.),"Contemporary landscapes are subject to a multitude of human-derived stressors. Effects of such stressors are increasingly realized by population declines and large-scale extirpation of taxa worldwide. Most notably, cumulative effects of climate and landscape change can limit species' local adaptation and dispersal capabilities, thereby reducing realized niche space and range extent. Resolving the cumulative effects of multiple stressors on species persistence is a pressing challenge in ecology, especially for declining species. For example, wolverines (Gulo gulo L.) persist on only 40% of their historic North American range. While climate change has been shown to be a mechanism of range retractions, anthropogenic landscape disturbance has been recently implicated. We hypothesized these two interact to effect declines. We surveyed wolverine occurrence using camera trapping and genetic tagging at 104 sites at the wolverine range edge, spanning a 15,000 km(2) gradient of climate, topographic, anthropogenic, and biotic variables. We used occupancy and generalized linear models to disentangle the factors explaining wolverine distribution. Persistent spring snow pack-expected to decrease with climate change-was a significant predictor, but so was anthropogenic landscape change. Canid mesocarnivores, which we hypothesize are competitors supported by anthropogenic landscape change, had comparatively weaker effect. Wolverine population declines and range shifts likely result from climate change and landscape change operating in tandem. We contend that similar results are likely for many species and that research that simultaneously examines climate change, landscape change, and the biotic landscape is warranted. Ecology research and species conservation plans that address these interactions are more likely to meet their objectives.",10.1002/ece3.3337,Wright et al,WOS:000414873600022,"[""Animalia""]","[""Chordata""]","[""Mammalia""]","[""Carnivora""]","[""Gulo gulo""]","[""Gulo""]"
Riverbank assessment and management for the Eurasian otter in the north of Luxembourg,"The presence of habitats such as burrows and dense willows along the rivers is very important for the survival of the European otter in terms of structures allowing quiet living conditions and possibilities for reproduction. To prevent the extinction of the otter in Luxembourg and nearby areas, an assessment of otter habitats and populations was made in 1994. This first evaluation has demonstrated that only rivers in the north of Luxembourg were suitable for otter populations in terms of quality of habitats and that only a few individuals were still present in this part of the country. In 2007, a new habitat assessment was carried out to define priorities for the management of habitats and to build or rebuild corridors to Support otter migration and allow re-establishment of stable otter populations in the Benelux Countries. Two similar methods were used to assess quality of habitats in 1994 and 2007. The results of the habitat assessment are different for the Mid Sure River and similar for the River Wiltz, the River Wark, the River Our and the Upper Sure River. This variation is probably due to assessment complexity and observer subjectivity, but also to the difficulty to have a practical methodology for management priorities. From this point of view it would be useful to have a standard methodology at the European level to assess otter habitats. (C) Koninklijke Brill NV, Leiden, 2008",10.1163/157075608Y383728,Wright et al,WOS:000261821400008,"[""Animalia""]","[""Chordata""]","[""Mammalia""]","[""Carnivora""]","[""Lutra lutra""]","[""Lutra""]"
Conflict between Fishermen and Giant Otters Pteronura brasiliensis in Western Brazilian Amazon,"The recovery of giant otter populations after the hunting prohibition and restriction of the pelt trade resulted in more frequent conflicts with fishermen. In this study, fishermangiant otter conflicts were analyzed in the Uacari Sustainable Development Reserve, where giant otters are accused of interfering with fisheries by eating the fish (predation), frightening the fish away (local interference), and damaging fishing equipment (direct interference). Interference by predation was analyzed by evaluating overlap in fish species consumption between humans (measured by subsistence and commercial catches) and giant otters. The giant otter diet was assessed from fecal samples, and the human diet through questionnaires. Local and direct interferences were analyzed through fish samples using gillnets and comparing capture efficiency with and without giant otters presence. The overlap between human and giant otter diets was low (0.37), varied seasonally, and was smaller in the low water (0.24) than in the high water period (0.60), when both species tend to be more generalists. Overlap between fish species consumed by giant otters and those exploited by commercial fisheries was small (0.34). Giant otter presence during the experimental fishing was low (9.5%), restricted to the high water period, and did not significantly reduce the captures (U = 13, P = 0.61). The low overlap in diet may be a result of differences in preferences and fishing strategies. The conflict between giant otters and fishermen is greater in the high water period, when the income of the fisheries decreases; however, the conflict seems to be mainly motivated by the resident's prejudice against giant otters.",10.1111/j.1744-7429.2011.00828.x,Wright et al,WOS:000303496500020,"[""Animalia""]","[""Chordata""]","[""Mammalia""]","[""Carnivora""]","[""Pteronura brasiliensis""]","[""Pteronura""]"
Human-modified landscape acts as refuge for mammals in Atlantic Forest,"Human-modified landscapes (HMLs) are composed by small, isolated and defaunated forest fragments, which are surrounded by agricultural and urban areas. Information on species that thrives in these HMLs is essential to direct conservation strategies in local and regional scales. Since HMLs are dominant in the Atlantic Forest, we aimed to assess the mammalian diversity in a HML in southeastern Brazil and to propose conservation strategies. We collected data of terrestrial (small-, medium-and large-sized) and volant mammals in three small forest fragments (10, 14 and 26 ha) and adjacent areas, between 2003 and 2016, using complementary methods: active search, camera trapping, live-traps, mist nets and occasional records (i.e., roadkills). In addition, we used secondary data to complement our species list. We recorded 35 native mammal species (6 small-sized, 16 medium- and large-sized, and 13 bats) and seven exotic species in the HML. The recorded mammal assemblage (non-volant and volant), although mainly composed of common and generalist species, includes three medium-and large-sized species nationally threatened (Leopardus guttulus, Puma concolor and Puma yagouaroundi) and two data deficient species (Galictis cuja and Histiotus velatus), highlighting the importance of this HML for the maintenance and conservation of mammal populations. Despite highly impacted by anthropogenic disturbances, the study area harbors a significant richness of medium-and large-sized mammals, being an important biodiversity refuge in the region. However, this biodiversity is threatened by the low quality of the habitats, roadkills and abundant populations of domestic cats and dogs. Therefore, we stress the need of conservation strategies focusing on the medium-and large-sized mammals as an umbrella group, which could benefit all biodiversity in the landscape. We recommend actions that promotes biological restoration, aiming to increase structural composition and connectivity of the forest fragments, reducing roadkills and controlling the domestic cats and dogs' populations, in order to maintain and improve the diversity of mammals in long-term.",10.1590/1676-0611-BN-2017-0395,Wright et al,WOS:000430650700001,"[""Animalia""]","[""Chordata""]","[""Mammalia""]","[""Carnivora""]","[""Galictis cuja""]","[""Galictis""]"
Failure to coordinate management in transboundary populations hinders the achievement of national management goals: The case of wolverines in Scandinavia,"Large carnivores are expanding in Europe, and their return is associated with conflicts that often result in policies to regulate their population size through culling. Being wide-ranging species, their populations are often distributed across several jurisdictions, which may vary in the extent to which they use lethal control. This creates the conditions for the establishment of source-sink dynamics across borders, which may frustrate the ability of countries to reach their respective management objectives. To explore the consequences of this issue, we constructed a vec-permutation projection model, applied to the case of wolverines in south-central Scandinavia, shared between Norway (where they are culled) and Sweden (where they are protected). We evaluated the effect of compensatory immigration on wolverine population growth rates, and if the effect was influenced by the distance to the national border. We assessed to what extent compensatory immigration had an influence on the number of removals needed to keep the population at a given growth rate. In Norway, the model estimated a stable trend, whereas in Sweden it produced a 10% annual increase. The effect of compensatory immigration corresponded to a 0.02 reduction in population growth rate in Sweden and to a similar increase in Norway. This effect was strong closer to the Norwegian-Swedish border, but weak when moving away from it. An average of 33 wolverines was shot per year in the Norwegian part of the study area. If no compensatory immigration from Sweden had occurred, 28 wolverines shot per year would have been sufficient to achieve the same goal. About 15.5% of all the individuals harvested in Norway between 2005 and 2012 were compensated by immigrants, causing a decrease in population growth rate in Sweden. Synthesis and applications. When a population is transboundary, the consequences of management decisions are also transboundary, even though the political bodies in charge of those decisions, the stakeholders who influence them, and the taxpayers who finance them are not. It is important that managers and citizens be informed that a difference in management goals can reduce the efficiency, and increase the costs, of wildlife management.",10.1111/1365-2664.13379,Wright et al,WOS:000478601300005,"[""Animalia""]","[""Chordata""]","[""Mammalia""]","[""Carnivora""]","[""Gulo gulo""]","[""Gulo""]"
Prey choice and habitat use drive sea otter pathogen exposure in a resource-limited coastal system,"The processes promoting disease in wild animal populations are highly complex, yet identifying these processes is critically important for conservation when disease is limiting a population. By combining field studies with epidemiologic tools, we evaluated the relationship between key factors impeding southern sea otter (Enhydra lutris nereis) population growth: disease and resource limitation. This threatened population has struggled to recover despite protection, so we followed radio-tagged sea otters and evaluated infection with 2 disease-causing protozoal pathogens, Toxoplasma gondii and Sarcocystis neurona, to reveal risks that increased the likelihood of pathogen exposure. We identified patterns of pathogen infection that are linked to individual animal behavior, prey choice, and habitat use. We detected a high-risk spatial cluster of S. neurona infections in otters with home ranges in southern Monterey Bay and a coastal segment near San Simeon and Cambria where otters had high levels of infection with T. gondii. We found that otters feeding on abalone, which is the preferred prey in a resource-abundant marine ecosystem, had a very low risk of infection with either pathogen, whereas otters consuming small marine snails were more likely to be infected with T. gondii. Individual dietary specialization in sea otters is an adaptive mechanism for coping with limited food resources along central coastal California. High levels of infection with protozoal pathogens may be an adverse consequence of dietary specialization in this threatened species, with both depleted resources and disease working synergistically to limit recovery.",10.1073/pnas.0806449106,Wright et al,WOS:000263516100031,"[""Animalia""]","[""Chordata""]","[""Mammalia""]","[""Carnivora""]","[""Enhydra lutris""]","[""Enhydra""]"
Ecology and biogeography of the Neotropical otter Lontra longicaudis: existing knowledge and open questions,"The Neotropical otter, Lontra longicaudis, is considered near threatened by the IUCN, and with declining populations, it is still one of the lesser known species of otter in the world. Like other otter species, L. longicaudis is associated with water courses in a large variety of habitats and biomes across its area of distribution. Here, we present a review of the available literature on L. longicaudis aiming to update information on its distribution, ecology and systematics. We performed online searches using combinations of the words L. longicaudis, river otter, Neotropical otter, nutria and lobito del rio, limiting our search to 1972-2016. Recent information on evolutionary history and biogeographic patterns, distribution patterns, as well as on the ecology of the species across a large part of its distribution range, including trophic ecology and intraspecific communication, was retrieved. We found severe gaps in knowledge including aspects of life history, ground validation of new potential distribution areas and long-term population monitoring aiming at designing more efficient conservation measures and techniques. In this context, we conclude by presenting perspectives for future studies.",10.1007/s13364-017-0333-1,Wright et al,WOS:000410484900001,"[""Animalia""]","[""Chordata""]","[""Mammalia""]","[""Carnivora""]","[""Lontra longicaudis""]","[""Lontra""]"
Future Climate Change Will Favour Non-Specialist Mammals in the (Sub)Arctics,"Arctic and subarctic (i.e., [sub] arctic) ecosystems are predicted to be particularly susceptible to climate change. The area of tundra is expected to decrease and temperate climates will extend further north, affecting species inhabiting northern environments. Consequently, species at high latitudes should be especially susceptible to climate change, likely experiencing significant range contractions. Contrary to these expectations, our modelling of species distributions suggests that predicted climate change up to 2080 will favour most mammals presently inhabiting (sub) arctic Europe. Assuming full dispersal ability, most species will benefit from climate change, except for a few cold-climate specialists. However, most resident species will contract their ranges if they are not able to track their climatic niches, but no species is predicted to go extinct. If climate would change far beyond current predictions, however, species might disappear. The reason for the relative stability of mammalian presence might be that arctic regions have experienced large climatic shifts in the past, filtering out sensitive and range-restricted taxa. We also provide evidence that for most (sub) arctic mammals it is not climate change per se that will threaten them, but possible constraints on their dispersal ability and changes in community composition. Such impacts of future changes in species communities should receive more attention in literature.",10.1371/journal.pone.0052574,Urban et al,WOS:000312794500202,"[""Animalia""]","[""Chordata""]","[""Mammalia""]",,,
STUDY ON EVALUATING THE CONSERVATION STATUS OF SPECIES OF MAMMALS AT THE NATURAL PROTECTED AREA GILORT RIVER,"The Gilort River Natural protected area lies in Gorj, Getic Subcarpathians in the Ciolanei Depression and is a site of community importance forming part of the Natura 2000 European network. The purpose of Gilort River protected area is to protect and conserve important species at national and community level (Lutra lutra, Bombina variegata, Eudontomyzon mariae, Gobio albipinnatus, Barbus meridionalis, Sabanejewia aurata). The paper presents the methodology for assessing the conservation status of mammal's species of Lutra lutra. There have been carried out evaluations in the field, between Januarys to April 2015, with a frequency of 3-4 per month, applying the multi-criteria method, which was based on the following criteria: local distribution, population, habitat of the species and prospects. Following the evaluation and presentation of the distribution of the Lutra lutra species and of the areas favorable for its protection, it was shown that there were traces of the presence of the otter in the river Gilort, on sandy beaches in inaccessible areas difficult to access, close to areas with greater depth of water, being identified a maximum of two family groups of otters, meaning 7 individuals. The evaluation demonstrated that the conservation status is unfavorable and inadequate.",,Wright et al,WOS:000446219500002,"[""Animalia""]","[""Chordata""]","[""Mammalia""]","[""Carnivora""]","[""Lutra lutra""]","[""Lutra""]"
DISTRIBUTION AND STATUS OF SMALL AND MEDIUM-SIZED CARNIVORES IN LATVIA,"The present status of 11 small and medium-sized carnivores found in Latvia was estimated as part of the Latvian and European mammal atlas work. The main sources of information for the period since 1970 were questionnaires to amateur mammal observers and game statistics of the Latvian Forest Service. Data on estimated numbers and annual kill were available for game species-racoon dog (Nyctereutes procyonoides Gray), red fox (Vulpes vulpes L.), European badger (Meles meles L.), pine marten (Martes martes L.), polecat (Mustela putorius L.), American mink (Mustela vison Briss.) - and for non-game species that are caught as bycatches, especially otter (Lutra lutra L.). For these the population trends since 1920 were estimated. The reliability of game statistics is evaluated. The main factors influencing the status of the populations are suggested to be hunting, interspecific competition and habitat destruction. Four of the species, i.e. otter, stone marten (Martes foina Erxl.), stoat (Mustela erminea L.) and European mink (Mustela lutreola L.), are included in the up-dated Red Data list 1992, but the European mink is the only highly endangered species in Latvia at present.",,Wright et al,WOS:A1995RB12100005,"[""Animalia""]","[""Chordata""]","[""Mammalia""]","[""Carnivora""]","[""Lutra lutra"", ""Martes foina"", ""Mustela lutreola"", ""Mustela erminea""]","[""Lutra"", ""Martes"", ""Mustela""]"
"Effects of habitat disturbance and hunting on the density and the biomass of the endemic Hose's leaf monkey Presbytis hosei (Thomas, 1889) (Mammalia: Primates: Cercopithecidae) in east Borneo","Hose's leaf monkey Presbytis hosei is endemic to Borneo and occurs only in tall forest. In recent decades Borneo has lost a large part of its forest cover, mostly in low-lying coastal regions. Large intact tracts of forest remain in the interior, but these are by and large inhabited by tribes that subsist in part by hunting. The combined effects of habitat disturbance and hunting on the densities and biomass of Hose's leaf monkey were studied in Kayan Mentarang National Park in Borneo's far interior. Over four months, data on densities and hunting were collected by transect walks in four forest types. Hose's leaf monkeys were hunted to deter crop-raiding, for their meat, and to obtain bezoar stones (visceral secretions used in traditional medicine). Hose's leaf monkeys occurred in single male groups of 7-8 individuals in densities from 0.8 to 2.3 groups km(-2). Densities of Hose's leaf monkeys were positively correlated with certain vegetation characteristics, e.g. tree height and height of first bough, and negatively correlated with distance to the nearest village. Biomass of Hose's leaf monkeys declined considerably as a result of habitat disturbance and hunting from 92 kg km(-2) in primary hill forest inside the reserve to 38 kg km(-2) in old secondary forest and 31 kg km(-2) in young secondary forest near villages. A review of the few studies conducted on the effects of habitat disturbance and hunting on Hose's leaf monkeys reveal inconsistent trends in biomass and density responses.",10.1163/18759866-07304004,Benitez lopez et al,WOS:000227928800004,"[""Animalia""]","[""Chordata""]","[""Aves""]","[""Primates""]","[""Presbytis hosei""]",
Sea otter population dynamics and the Exxon Valdez oil spill:: disentangling the confounding effects,"1. Oil that spilled after the grounding of the Exxon Valdez in 1989 killed large numbers of sea otters in western Prince William Sound, Alaska, USA. However, our boat-based counts of sea otters during 1990-96 at oiled sites were as high or higher than boat-based counts in the same area in the early 1980s. 2. Another study reported a significant decline in sea otter numbers after the spill, but our reanalysis of that data produced results very similar to ours. Counts of otters were higher than pre-spill counts in the oiled area; the only detectable decline was in the northern part of the sound, outside the area of oiling. 3. We suggest that otter numbers in the western sound may have been increasing during the late 1980s, masking the loss due to the spill. Direct evidence for such an increase is lacking because no counts were conducted during this period. However, for several years after the spill pup production was higher than normal, which, if characteristic of the period immediately pre-spill, could have spurred a population increase. 4. Heightened pup production may have been caused by increased food supplies: after the spill, otters obtained more and larger clams per dive and spent less time feeding per day than in the early 1980s. 5. We postulate that in the early 1980s clams were still recovering from the uplift caused by the 1964 earthquake, which resulted in massive clam mortality and habitat change in the western sound. Lingering effects of previous catastrophic events, like the earthquake and even 19th-century fur harvests, have hampered attempts to assess the impacts of the oil spill on sea otter population dynamics. The effects of uncontrolled and unreplicated environmental incidents, even major disasters, may be difficult to assess because of confounding factors.",10.1046/j.1365-2664.2001.00563.x,Wright et al,WOS:000167890300003,"[""Animalia""]","[""Chordata""]","[""Mammalia""]","[""Carnivora""]","[""Enhydra lutris""]","[""Enhydra""]"
Reintroduction of the Eurasian badger (Meles meles) in a protected area of northern Italy,"Between 2001 and 2004, with the aim of restoring the natural biodiversity of a protected area, the Eurasian badger (Meles meles) was reintroduced into the Montevecchia and Curone Valley Regional Park (northern Italy), where it had been extirpated by human persecution. The project was combined with the reduction of badger damage on railway tracks allowing at least a pair of badgers per year and to move animals whose translocation would have been anyhow imposed by precautionary measures. Four badger family groups (a total of 12 animals) were trapped and moved to an acclimatisation enclosure located in the middle of the release area. Post-release monitoring was carried out by both radio-tracking and indirect methods. The average group range size (1.58 km(2)) was similar to reports from favourable districts in Britain, supporting the contention that badgers can thrive in this area. Radio-tracked badgers selected woods, while urban areas and cultivated field were avoided. Although results indicate that the badger has actually established in the Park, with badger field signs currently spread on 40% of the protected area, more monitoring is needed to determine whether it is at sustainable levels or if more translocation should be considered.",10.1080/11250000600679603,Wright et al,WOS:000241568000005,"[""Animalia""]","[""Chordata""]","[""Mammalia""]","[""Carnivora""]","[""Meles meles""]","[""Meles""]"
The influence of forest fragmentation and landscape pattern on American martens,"1. We investigated the effects of forest fragmentation on American martens (Martes americana Rhoads) by evaluating differences in marten capture rates (excluding recaptures) in 18 study sites with different levels of fragmentation resulting from timber harvest clearcuts and natural openings. We focused on low levels of fragmentation, where forest connectivity was maintained and non-forest cover ranged from 2% to 42%. 2. Martens appeared to respond negatively to low levels of habitat fragmentation, based on the significant decrease in capture rates within the series of increasingly fragmented landscapes. Martens were nearly absent from landscapes having >25% non-forest cover, even though forest connectivity was still present. 3. Marten capture rates were negatively correlated with increasing proximity of open areas and increasing extent of high-contrast edges. Forested landscapes appeared unsuitable for martens when the average nearest-neighbour distance between open (non-forested) patches was <100 m. In these landscapes, the proximity of open areas created strips of forest edge and eliminated nearly all forest interior. 4. Small mammal densities were significantly higher in clearcuts than in forests, but marten captures were not correlated with prey abundance or biomass associated with clearcuts. 5. Conservation efforts for the marten must consider not only the structural aspects of mature forests, but the landscape pattern in which the forest occurs. We recommend that the combination of timber harvests and natural openings comprise <25% of landscapes greater than or equal to 9 km(2) in size. 6. The spatial pattern of open areas is important as well, because small, dispersed openings result in less forest interior habitat than one large opening at the same percentage of fragmentation. Progressive cutting from a single patch would retain the largest amount of interior forest habitat.",10.1046/j.1365-2664.1999.00377.x,Wright et al,WOS:000080173800015,"[""Animalia""]","[""Chordata""]","[""Mammalia""]","[""Carnivora""]","[""Martes americana""]","[""Martes""]"
"Fishers, farms, and forests in eastern North America","The fisher (Martes pennanti) has recently recovered from historic extirpations across much of its geographic range. There are at least five explanations for the recovery of the fisher, including changes in the amount of habitat, the suitability of habitat, trapping pressure, societal attitudes toward predators, and climate. We evaluated a recovering fisher population in Ontario to test two conditions we viewed as necessary to support the hypothesis that fisher populations have increased due to an increase in the amount of forested land. First, we tested whether the amount of forested land has increased. Second, we tested whether contemporary fisher abundance (and therefore habitat quality) was related to the amount of forest. Topographic maps showed that the proportion of forested land in the study area had increased by 1.9% per decade since 1934 and 3.3% per decade since 1959, likely as a result of land conversion from agricultural uses. Overall the proportion of the study area that was forested increased from 29% to 40% during 1934 to 1995. Census data from the region indicated that there had been a decline in the amount of land area being farmed during the last 50 years. Recent livetrapping data showed that fisher abundance was positively related to the proportion of landscapes that were forested. Based on our results, we could not reject the hypothesis that an increase in the amount of forested land has contributed to the recovery of fisher populations.",10.1007/s00267-008-9102-x,Wright et al,WOS:000256080300007,"[""Animalia""]","[""Chordata""]","[""Mammalia""]","[""Carnivora""]","[""Pekania pennanti""]","[""Pekania""]"
Local ecological knowledge as a tool for assessing the status of threatened vertebrates: a case study in Vietnam,"This study draws on the local ecological knowledge of 58 hunters from seven communes in the Ngoc Son Ngo Luong Nature Reserve (Hoa Binh province, North Vietnam) to examine the local status of 40 threatened vertebrates. The reserve forms part of a biodiversity-rich mountainous corridor. Respondents were shown photographs of the species and asked to rate their abundance on a scale of 0-3 (0, extinct; 3, very abundant) in two periods: pre-1975 (before Doi Moi) and in 2009. The results show that 39 species have lived in the area and five are now extinct (Delacour's langur Trachypithecus delacouri, northern white-cheeked crested gibbon Nomascus leucogenys, dhole Cuon alpinus, oriental small-clawed otter Aonyx cinereus, Indochinese tiger Panthera tigris corbetti) and the presence of another six is doubtful (Phayre's leaf-monkey Trachypithecus phayrei ssp. crepuscula, sun bear Helarctos malayanus, binturong Arctictis binturong, fishing cat Prionailurus viverrinus, leopard Panthera pardus, wreathed hornbill Anorrhinus undulatus). The results show a general decline in numbers and abundance, with mammals declining fastest, especially carnivores and primates. The differences in abundance between species have narrowed since 1975, converging towards trends of general impoverishment at similar low abundances. The survey results were similar among communes and also concord with the findings of research in nearby areas. This study demonstrates the usefulness of local ecological knowledge for planning, decision-making and management of protected areas in the absence of historical records or financial resources for conducting intensive fieldwork in remote and little-known areas.",10.1017/S0030605311001669,Wright et al,WOS:000319247100008,"[""Animalia""]","[""Chordata""]","[""Mammalia""]","[""Carnivora""]","[""Lutra lutra"", ""Aonyx cinereus""]","[""Lutra"", ""Aonyx""]"
Forecasting climate change effects on salamander distribution in the highlands of central Mexico,"A generalized decline of amphibian populations is occurring worldwide. The causes for such a decline are not completely understood; however, climate change has been identified as a possible cause for amphibian extinction, among others. Ecological niche modeling has proven to be a useful tool to predict potential distribution of species in the context of climatic changes. In this paper, we used the Genetic Algorithm for Rule-set Prediction (GARP) to model the potential distributions of two species of plethodontid salamanders: Pseudoeurycea cephalica and P leprosa. We projected their potential distributions under climatic scenarios expected in 50 yr based on a conservative scenario of global climate change and assuming a moderate dispersal ability for both species. Our analyses suggest that climate change effects may pose an additional long-term risk to both species of plethodontid salamanders, with a more dramatic scenario in the case of P leprosa. By the year 2050, this species may lose almost 75 percent of its distributional area, and this projection is even worse when deforestation (in the way it is occurring at present) is considered within the predicted model. Our results concur with those obtained for species with limited dispersal capability because they do not track changing climates, but rather face a loss of distributional area. The survival of these species is not secure, even though their potential distributional area falls within a considerable number of natural protected areas.",10.1111/j.1744-7429.2005.00027.x,Urban et al,WOS:000229355500007,"[""Animalia""]","[""Chordata""]","[""Amphibia""]",,,
Habitat utilization by sympatric European mink Mustela lutreola and polecats Mustela putorius in south-western France,"The European mink Mustela lutreola Linnaeus, 1761 and the European polecat Mustela putorius Linnaeus, 1758 are related species sympatric in southwestern France. The European mink is rapidly disappearing whereas the polecat maintains good populations. Seasonal habitat use of both species was compared in the Landes de Gascogne region to identify if some vulnerability factors of the European mink were associated with habitats occupied by this mustelid. Potential habitats were mapped using a satellite picture and 12 main types of habitats were defined. Animal locations were recorded by radiotracking 9 European mink and 14 polecats from March 1996 to August 1999. Resting animals were located by triangulation, and, when possible, resting places were described. Animals in activity were tracked by continuous monitoring. Data collected revealed a strong preference of European mink for flooded habitats, particularly open marshes, flooded woodlands and moorlands. They seldom left the corridor of the riparian forest and their resting places were mainly in flooded environments, above ground (under herbs or bushes) or in cavities between tree roots. European polecats were less tightly linked to wetlands. Most of their locations were in the pine forests outside the valleys and their resting places were mainly in burrows. The strong specialisation of European mink in aquatic habitats is probably one of the main reasons for its decline because wetlands suffer drastic damages throughout all of its range. Maintaining adequate water levels is crucial for satisfying habitat requirements of mink.",10.1007/BF03194194,Wright et al,WOS:000244216200001,"[""Animalia""]","[""Chordata""]","[""Mammalia""]","[""Carnivora""]","[""Mustela lutreola"", ""Mustela putorius""]","[""Mustela""]"
"Landscape fuel reduction, forest fire, and biophysical linkages to local habitat use and local persistence of fishers (Pekania pennanti) in Sierra Nevada mixed-conifer forests","Fire suppression and logging have contributed to major changes in California's Sierra Nevada forests. Strategically placed landscape treatments (SPLATS) are being used to reduce density of trees, shrubs, and surface fuels to limit wildfire intensity and spread, but may negatively impact fishers (Pekania pennanti). We used camera traps to survey for fishers among 1-km(2) grid cells of forest habitat in the Sierra National Forest, California. We used single-season (n = 894 cells) and multi-season (n = 361 cells) occupancy modeling to evaluate responses of fishers to fuel reduction in the 5 years prior to camera surveys. We also assessed occupancy in relation to burn history, elevation, and an index of canopy cover. Camera traps detected fishers most often between 1380 m and 1970 m elevation, and fisher occupancy was maximized at 0.80 at 1640 m elevation. Probability of detection was higher after initial fisher detection, in habitats with high canopy cover, and when surveys were done in fall to spring. Fisher occupancy was positively linked to canopy cover, and trended lower among cells with higher levels of managed burning or forest fires within 25 years of surveys, and in cells where 5 years of cumulative disturbance from restorative fuel reduction was higher. Local persistence declined 24% in areas with more restorative fuel reduction (0-100% of a cell), but was not diminished by prior burning, or disturbance from extractive activities (tree removals for commerce or hazard mitigation). Reduced local persistence by fishers in areas with extensive restorative fuel reduction was likely temporary; evidence from other sources intimated that they would resume higher use within a few years of ecological recovery. The trend for lower occupancy in extensively burned forest cells suggested that forest fires reduced but did not eliminate foraging opportunities for fishers. We also found that wildfires increased in frequency in our study area after the 1980s, and recent fires may increasingly impinge on higher elevation forests with higher fisher occupancy. Forest fuel reduction likely imposes a more limited short term cost to fisher habitat use than previously believed, but less is known about the responses of resting or denning fishers to management disturbance. Fuel reduction treatments could be intensified below 1450 m elevation, which may reduce spread of fires into higher elevation forests where fishers are more common, and where denning is focused. (C) 2015 Elsevier B.V. All rights reserved.",10.1016/j.foreco.2015.11.026,Wright et al,WOS:000368753900019,"[""Animalia""]","[""Chordata""]","[""Mammalia""]","[""Carnivora""]","[""Pekania pennanti""]","[""Pekania""]"
Assessing dam implementation impact on threatened carnivores:: the case of Alqueva in SE Portugal,"Large dam construction in water deficient areas is a management decision often controversial. Besides providing water storage, economical benefits, and a source of renewable energy, the construction and flooding caused by large dams cause disruptions in natural systems. We monitored the pre- and post-Alqueva dam impacts on the threatened carnivore species (polecat, otter, wildcat and Iberian lynx) populations in SE Portugal, and assessed which factors mostly contribute to post-dam distribution. Major short term impacts of large dams are: (1) increase in accessibility and human presence; (2) movement of heavy machinery and dam-workers; (3) deforestation with habitat loss and fragmentation; (4) change from lotic to lentic system; (5) lower prey availability and harsher capture; and (6) changes in land use adjacent to the reservoir. Thus, the response to those impacts can be predicted as a decline of polecat, wildcat and lynx distribution ranges, and a recovery of the otter from the severe short term impacts. Our results corroborate this hypothesis for all the species, especially during deforestation/early flooding. Otter's distribution range increased in the phase of greater impact, with a subsequent decrease with flooding. Our results suggest carnivores used escape areas with favourable habitat and prey conditions, however, the areas with higher probability of species presence decreased by two fold showing a drastic range reduction. To ensure populations' survival of these charismatic threatened carnivore populations of Mediterranean landscapes of south-east Portugal, we propose continuing the monitoring program and the development of a conservation program for the subsisting areas of optimal and suboptimal habitats.",10.1007/s10661-007-9907-8,Wright et al,WOS:000256471500005,"[""Animalia""]","[""Chordata""]","[""Mammalia""]","[""Carnivora""]","[""Lutra lutra"", ""Mustela putorius""]","[""Lutra"", ""Mustela""]"
INFORMATION ON BLACK-FOOTED FERRET BIOLOGY COLLECTED WITHIN THE FRAMEWORK OF FERRET CONSERVATION,"Once feared to be extinct, black-footed ferrets (Mustela nigripes) were rediscovered near Meeteetse, Wyoming, in 1981, resulting in renewed conservation and research efforts for this highly endangered species. A need for information directly useful to recovery has motivated much monitoring of ferrets since that time, but field activities have enabled collection of data relevant to broader biological themes. This special feature is placed in a context of similar books and proceedings devoted to ferret biology and conservation. Articles include general observations on ferrets, modeling of potential impacts of ferrets on prairie dogs (Cynomys spp.), discussions on relationships of ferrets to prairie dog habitats at several spatial scales (from individual burrows to patches of burrow systems) and a general treatise on the status of black-footed ferret recovery.",10.3398/064.072.0201,Wright et al,WOS:000308283600001,"[""Animalia""]","[""Chordata""]","[""Mammalia""]","[""Carnivora""]","[""Mustela nigripes""]","[""Mustela""]"
"THE OCCURRENCE OF PATHOGENS IN AN ENDANGERED POPULATION OF AMERICAN BADGERS (TAXIDEA TAXUS JACKSONI) IN ONTARIO, CANADA","American badgers (Taxidea taxus jacksoni) at the periphery of the species' range in Ontario, Canada, are listed as endangered because of an estimated population size of <200 mature individuals. The main threats faced by this population include habitat loss and road mortality. However, on 18 November 2013, a radio-implanted badger was found nonresponsive in an agricultural field with signs consistent with canine distemper virus infection, which was subsequently confirmed. This prompted our investigation into the occurrence of pathogens in this endangered carnivore to better quantify the level of risk infectious disease poses to population persistence. We examined serum samples from nine live-trapped individuals and 27 whole badger specimens submitted for postmortem examination. We found evidence of exposure to canine distemper virus, canine parvovirus, and leptospires. However, infection associated with disease was not the leading cause of mortality. Future research into the effects of disease on kit survival and a comprehensive understanding of disease severity and spread from reservoir populations (e.g., raccoons [Procyon lotor] and striped skunks [Mephitis mephitis]) to badgers will be of particular importance to the conservation of this endangered population.",10.7589/2016-02-040,Wright et al,WOS:000392380700009,"[""Animalia""]","[""Chordata""]","[""Mammalia""]","[""Carnivora""]","[""Taxidea taxus""]","[""Taxidea""]"
"A SURVEY OF THE SOUTHERN RIVER OTTER LUTRA-PROVOCAX IN LANIN-NATIONAL-PARK PUELO-NATIONAL-PARK AND LOS-ALERCES-NATIONAL-PARK, ARGENTINA, AND EVALUATION OF ITS CONSERVATION STATUS","A survey of the huillin or southern river otter Lutra provocax distribution was made in Lanin, Puelo and Los Alerces National Parks. Signs of otters were found at only 4 of 175 sites visited and all of these were in the south of Lanin. According to local people the species occurred in all three National Parks until 25-40 years ago. The main reason for the loss of huillines seems to be intensive hunting in the past. The geography and structure of the hydrological basins may help explain the lack of recolonisation by huillines from remnant populations. Signs of mink Mustela vison were found in both Puelo and Los Alerces and, while mink could not have been responsible for the decline of the otter, they may hinder re-establishment of otter populations. Human disturbance and tourism are not thought to have a significant impact on huillin distribution although remote refuges should be maintained, and our results show the importance of good coastal vegetation cover for permanent populations of the species. It is clear that the only important and permanent population of huillines in Argentina, between 39.degree. S and 43.degree. S, occurs at Nahuel Huapi National Park, which was surveyed in 1982-83. This population is not of critical importance for the conservation of the species, which should retain its ''endangered'' status in Argentina. Measures to implement huillin conservation are proposed.",10.1016/0006-3207(86)90056-X,Wright et al,WOS:A1986F558400001,"[""Animalia""]","[""Chordata""]","[""Mammalia""]","[""Carnivora""]","[""Lontra provocax""]","[""Lontra""]"
ORGANOCHLORINE PESTICIDE AND PCB CONTENTS IN OTTER (LUTRA-LUTRA) SCATS FROM WESTERN SCOTLAND,"Organochlorine pesticide residues and PCBs were measured in 113 otter (Lutra lutra) scat samples from 94 sites in the River Clyde catchment, its estuary and neighboring coastal waters in western Scotland. Contents of pesticide residues were generally low. PCB amounts were high in some regions in the study area (geometric mean contents up to 19.5 mg kg-1 lipid). Potential sources of contamination included industrial areas, a sewage sludge dump and shipping facilities, both naval and commercial. PCBs in tissues were estimated from scats. Analysis of scats provides a useful technique of estimating potential contamination threats to otter populations and can be used to identify biologically significant hot-spots of contamination which may be missed by more familiar surveillance methods.",10.1007/BF00483370,Wright et al,WOS:A1992JX04700015,"[""Animalia""]","[""Chordata""]","[""Mammalia""]","[""Carnivora""]","[""Lutra lutra""]","[""Lutra""]"
Genetic bottleneck in the threatened western population of European mink Mustela lutreola,"The western population of European mink Mustela lutreola has recently suffered a severe decline in over more than 50% of its range, probably disappearing from Brittany in 1992 and from Pays de Loire in 1997. Allozyme electrophoresis on 38 presumptive loci showed that the proportion of polymorphic loci reached only 10.5% at P < 0.01 level in the European mink. Observed heterozygosity averaged H-O = 0.02 and expected hererozygosity H-E = 0.038 but the F-IS index reached 0.48, revealing a considerable deficit. The low genetic variability might be due to previous bottlenecks. Demographic depletion in Mustela lutreola resulted in a loss of genetic diversity emphasising that reproductive exchanges were altered and worsening the risk of extinction of this vulnerable population.",10.1080/11250009909356276,Wright et al,WOS:000085017700008,"[""Animalia""]","[""Chordata""]","[""Mammalia""]","[""Carnivora""]","[""Mustela lutreola""]","[""Mustela""]"
Diversity of mtDNA in Southern river otter (Lontra provocax) from Argentinean Patagonia,"Lontra provocax is an endemic species from Patagonia that has been categorized as endangered by the International Union for Conservation of Nature. In this study, noninvasive molecular methods were used to investigate the genetic diversity and haplotype distribution of L. provocax in Argentinean Patagonia. We analyzed 150 scat samples collected from 1995 to 2006 and obtained 13 sequences of control region with 1 haplotype and 34 sequences of cytochrome b with 4 haplotypes. The population of the south of Patagonia (Tierra del Fuego and De los Estados Island) showed a relatively high haplotype diversity (h = 0.71) and was statistically different to the population of the north (analysis of molecular variance, F-ST = 0.15, P = 0.018). We concluded that there are 2 different subpopulations of L. provocax that deserve conservation attention and that the southern population appears not to have suffered a human-induced population bottleneck of the sort typically experienced by various otter species around the world.",10.1093/jhered/esm117,Wright et al,WOS:000254294700016,"[""Animalia""]","[""Chordata""]","[""Mammalia""]","[""Carnivora""]","[""Lontra provocax""]","[""Lontra""]"
"ENDEMIC INFECTION OF STRANDED SOUTHERN SEA OTTERS (ENHYDRA LUTRIS NEREIS) WITH NOVEL PARVOVIRUS, POLYOMAVIRUS, AND ADENOVIRUS","Over the past century, the southern sea otter (SSO; Enhydra lutris nereis) population has been slowly recovering from near extinction due to overharvest. The SSO is a threatened subspecies under federal law and a fully protected species under California law, US. Through a multiagency collaborative program, stranded animals are rehabilitated and released, while deceased animals are necropsied and tissues are cryopreserved to facilitate scientific study. Here, we processed archival tissues to enrich particle-associated viral nucleic acids, which we randomly amplified and deeply sequenced to identify viral genomes through sequence similarities. Anelloviruses and endogenous retroviral sequences made up over 50% of observed viral sequences. Polyomavirus, parvovirus, and adenovirus sequences made up most of the remaining reads. We characterized and phylogenetically analyzed the full genome of sea otter polyomavirus 1 and the complete coding sequence of sea otter parvovirus 1 and found that the closest known viruses infect primates and domestic pigs (Sus scrofa domesticus), respectively. We tested archived tissues from 69 stranded SSO necropsied over 14 yr (2000-13) by PCR. Polyomavirus, parvovirus, and adenovirus infections were detected in 51, 61, and 29% of examined animals, respectively, with no significant increase in frequency over time, suggesting endemic infection. We found that 80% of tested SSO were infected with at least one of the three DNA viruses, whose tissue distribution we determined in 261 tissue samples. Parvovirus DNA was most frequently detected in mesenteric lymph node, polyomavirus DNA in spleen, and adenovirus DNA in multiple tissues (spleen, retropharyngeal and mesenteric lymph node, lung, and liver). This study describes the virome in tissues of a threatened species and shows that stranded SSO are frequently infected with multiple viruses, warranting future research to investigate associations between these infections and observed lesions.",10.7589/2016-04-082,Wright et al,WOS:000405093800010,"[""Animalia""]","[""Chordata""]","[""Mammalia""]","[""Carnivora""]","[""Enhydra lutris""]","[""Enhydra""]"
Identification of novel haplotypes and interpretation of gene flow of mitochondrial DNA control region of Eurasian otter (Lutra lutra) for the effective conservation,"The number and distribution of Eurasian otters have declined during twentieth century due to human activity and water pollution. The global conservation status of Eurasian otter is presently 'Near Threatened (NT)' and strictly protected by being listed on the international legislation and conventions. A number of studies using the mitochondrial DNA (mtDNA) control region (CR) have been conducted in order to effectively apply conservation and reintroduction programs, especially in Europe. However, aside from Europe, there have been few studies concerning genetic diversity and phylogeny of Eurasian otters. Therefore, in this study, we sequenced partial mtDNA CR sequences (232 bp) from five South Korean Eurasian otters and analyzed 27 otters originating from parts of northeast Asia (South Korea, China, Japan and Russia (Sakhalin)), and Europe. Out of 232 bp partial mtDNA CR sequences, 13 polymorphic sites (5.6%) were identified and 4 novel mtDNA CR haplotypes (Lut16-19) were discovered from 12 Eurasian otters originating from northeast Asian region. In this study, a comprehensive analysis of genetic diversity and population structure of Eurasian otter between Europe and northeast Asia continents were conducted. Of these, different past demographic histories in Pleistocene period might have largely impacted the genetic structure of each population differently. In addition, low degree of gene flow, isolation by distance (IBD) pattern from geographically wide distanced dataset and analysis of molecular variance (AMOVA) also represented distinct genetic characteristics of Eurasian otter between Europe and northeast Asia.",10.1292/jvms.17-0678,Wright et al,WOS:000455578200028,"[""Animalia""]","[""Chordata""]","[""Mammalia""]","[""Carnivora""]","[""Lutra lutra""]","[""Lutra""]"
Genetic structure of sensitive and endangered northwestern badger populations (Taxidea taxus taxus and T-t. jeffersonii),"American badgers (Taxidea taxus) are semifossorial carnivores present in many and regions of central and western North America. Negative demographic trends have prompted recent discussion concerning their conservation status in the northwestern portion of their range. As such, further information regarding the metapopulation structure of this species and factors affecting dispersal is needed. To provide a preliminary assessment of genetic structure and variation, badgers from Alberta and British Columbia, Canada, and Montana were sampled and genotyped at 12 microsatellite loci, including individuals from 2 subspecitic designations: T. t. taxus and T. t. jeffersonii. Relatively high levels of genetic variation were observed (average expected heterozygosity [HE] = 77%). Gene flow between prairie populations of T. t. taxus did not seem to be restricted, nor did there seem to be a restriction of gene flow for populations within mountain ranges for T. t. jeffersonii. In contrast, minimal gene flow was observed between populations separated by mountain ranges. Our results support the current geographic delineation of the northwestern subspecies, T. t. taxus and T. t. jeffersonii, and have implications for their conservation by identifying genetically distinct units that may have independent population dynamics.",10.1644/BRB-129,Wright et al,WOS:000223457700006,"[""Animalia""]","[""Chordata""]","[""Mammalia""]","[""Carnivora""]","[""Taxidea taxus""]","[""Taxidea""]"
Changes in the prevalence of badger persecution in Northern Ireland,"Animal populations generally increase after release from hunting pressure and/or cessation of illegal persecution. Implementation of full legislative protection of the Eurasian badger Meles meles in Great Britain is thought to have led to increases in badger abundance due to reduced levels of persecution. Conversely, prevalence of badger persecution in Northern Ireland was historically much higher than in Great Britain, and badger abundance remained stable over time despite similar legislative protection. We examined temporal changes in the prevalence of badger sett disturbance in Northern Ireland from 1990/1993 to 2007/2008 in relation to population status. A total of 56 (12.6%) of 445 setts surveyed during 1990/1993 had been disturbed compared to 29 (4.4%) of 653 setts during 2007/2008. This was a significant decline (-65%) in the incidence of sett disturbance over the 14-18-year period. Most notably, the incidence of digging at badger setts, indicative of local badger baiting activity, declined from 50% to 3.5% of disturbed setts. Signs of recent disturbance were significantly more frequent at disused setts suggesting that once disturbed, badgers may vacate a sett. The number of badger social groups in Northern Ireland did not differ between the two study periods, suggesting that previously high levels of badger persecution did not limit the number of badger social groups. The stability of the badger population in Northern Ireland compared to the growing population in Great Britain cannot be attributed to changes in the prevalence of persecution. Differences in the trajectories of both populations could be due to a range of factors including climate, habitat composition and structure, farming practices or food availability. More work is needed to determine how such factors influence badger population dynamics.",10.1007/s10344-011-0560-8,Wright et al,WOS:000301781700019,"[""Animalia""]","[""Chordata""]","[""Mammalia""]","[""Carnivora""]","[""Meles meles""]","[""Meles""]"
Forest heterogeneity influences habitat selection by fishers (Pekania pennanti) within home ranges,"Habitat selection by animals occurs across a wide range of spatial and temporal scales. Information about habitat requirements across scales is needed to develop effective habitat management strategies that promote wildlife conservation. The fisher (Pekania pennanti) is a wide ranging mesocarnivore that occurs at low population densities, uses large tracts of forested land, and has been repeatedly petitioned for listing under the Endangered Species Act, primarily due to habitat loss. Although habitat selection by fishers at fine and broad spatial scales has been studied, selection at scales between these extremes is poorly reported in the literature. We used data from 18 fishers fitted with Argos satellite telemetry collars to evaluate two competing hypotheses about habitat selection by fishers within home ranges: fishers select core use areas based on (1) abundant and contiguous Mature forest, or (2) heterogeneity and diversity of habitats. We identified core and peripheral use areas within home ranges using an optimal isopleth analysis, and we evaluated a suite of a priori models that described how forest composition and configuration might influence habitat selection within home ranges. Results indicated that core use areas were composed of intermediate amounts of both landscape edge and high canopy cover forest. Such selection potentially facilitates access to a diverse array of resources. Overall, our results supported the hypothesis that fishers select core use areas within home ranges based on habitat heterogeneity and diversity. Because most forest management occurs at a scale similar to our analysis, these results contribute to a better understanding about how forest management strategies can facilitate persistence of fishers in managed forest landscapes. (C) 2015 Elsevier B.V. All rights reserved.",10.1016/j.foreco.2015.03.009,Wright et al,WOS:000354579600005,"[""Animalia""]","[""Chordata""]","[""Mammalia""]","[""Carnivora""]","[""Pekania pennanti""]","[""Pekania""]"
River Otter Population Size Estimation Using Noninvasive Latrine Surveys,"Across much of North America, river otter (Lontra canadensis) populations were extirpated or greatly reduced by the early 20th century. More recently, reintroductions have resulted in restored populations and the recommencement of managed trapping. Perhaps the best example of these river otter reintroductions occurred in Missouri, regarded as one of the most successful carnivore recovery programs in history. However, abundance estimates for river otter populations are difficult to obtain and often contentious when used to underpin management activities. We assessed the value of latrine site monitoring as a mechanism for quantifying river otter abundance. Analyses of fecal DNA to identify individual animals may result in an improved population estimate and have been used for a variety of mammal species. We optimized laboratory protocols, redesigned existing microsatellite primers, and calculated genotyping error rates to enhance genotyping success for a large quantity of river otter scat samples. We also developed a method for molecular sexing. We then extracted DNA from 1,421 scat samples and anal sac secretions (anal jelly) collected during latrine site counts along 22-34-km stretches representing 8-77% of 8 rivers in southern Missouri in 2009. Error rates were low for the redesigned microsatellites. We obtained genotypes at 7-10 microsatellite loci for 24% of samples, observing highest success for anal jelly samples (71%) and lowest for fresh samples (collected within 1 day of defecation). We identified 63 otters (41 M, 22 F) in the 8 rivers, ranging from 2 to 14 otters per river. Analyses using program CAPWIRE resulted in population estimates similar to the minimum genotyping estimate. Density estimates averaged 0.24 otters/km. We used linear regression to develop and contrast models predicting population size based on latrine site and scat count indices, which are easily collected in the field. Population size was best predicted by a combination of scats per latrine and latrines per kilometer. Our results provide methodological approaches to guide wildlife managers seeking to initiate similar river otter fecal genotyping studies, as well as to estimate and monitor river otter population sizes. (C) 2011 The Wildlife Society.",10.1002/jwmg.193,Wright et al,WOS:000294349600012,"[""Animalia""]","[""Chordata""]","[""Mammalia""]","[""Carnivora""]","[""Lontra canadensis""]","[""Lontra""]"
Carnivores as focal species for conservation planning in the Rocky Mountain region,"Viability analysis of well-selected focal species can complement ecosystem-level conservation planning by revealing thresholds in habitat area and landscape connectivity. Mammalian carnivores are good candidates for focal species because their distributional patterns often strongly reflect regional-scale population processes. We incorporated focal species analysis of four carnivore species, fisher (Martes pennanti), lynx (Lynx canadensis), wolverine (Gulo gulo), and grizzly bear (Ursus arctos), into a regional conservation plan for the Rocky Mountains of the United States and Canada. We developed empirical habitat models for fisher, lynx, and wolverine based on a geographically extensive data set of trapping and sighting records. Predictor variables derived directly from satellite imagery were significantly correlated with carnivore distribution and allowed us to predict distribution in areas lacking detailed vegetation data. Although we lacked similar distributional data for grizzly bear, we predicted bear habitat by adapting and extrapolating previously published, regional-scale habitat models. Predicted habitat for grizzly bear has high overlap with that for wolverine, intermediate overlap with fisher, and low overlap with lynx. High-quality habitats for fisher and lynx, unlike those for wolverine and grizzly bear, are not strongly associated with low levels of human population and roads. Nevertheless, they are naturally fragmented by topography and vegetation gradients and are poorly represented in existing protected areas. Areas with high biological productivity and low human impact are valuable habitat for all four species but are limited in extent. Predicted habitat values for lynx and wolverine are significantly correlated with trapping data from an area outside the extent of the original data set. This supports the use of empirical distribution models as the initial stage in a regional-scale monitoring program. Our results suggest that a comprehensive conservation strategy for carnivores in the region must consider the needs of several species, rather than a single, presumed umbrella species. Coordinated planning across multiple ownerships is necessary to prevent further fragmentation of carnivore habitat, especially in the U.S.-Canada border region.",10.2307/3061005,Wright et al,WOS:000170209200003,"[""Animalia""]","[""Chordata""]","[""Mammalia""]","[""Carnivora""]","[""Pekania pennanti"", ""Gulo gulo""]","[""Pekania"", ""Gulo""]"
"PATHOGEN EXPOSURE AND BLOOD CHEMISTRY IN THE WASHINGTON, USA POPULATION OF NORTHERN SEA OTTERS (ENHYDRA LUTRIS KENYONI)","Northern sea otters (Enhydra harts kenyoni) from Washington State, United States were evaluated in 2011 to determine health status and pathogen exposure. Antibodies to Brucella spp. (10%) and influenza A virus (23%) were detected for the first time in this population in 2011. Changes in clinical pathology values (serum chemistries), exposure to pathogens, and overall health of the population over the last decade were assessed by comparing 2011 data to the data collected on this population in 2001-2002. Several serum chemistry parameters were different between study years and sexes but were not clinically significant. The odds of canine distemper virus exposure were higher for otters sampled in 2001-2002 (80%) compared to 2011 (10%); likelihood of exposure significantly increased with age. Prevalence of exposure to Sarcocystis neurona was also higher in 2001-2002 (29%) than in 2011 (0%), but because testing methods varied between study years the results were not directly comparable. Exposure to Leptospira spp. was only observed in 2001-2002. Odds of Toxoplasma gondii exposure were higher for otters sampled in 2011 (97%) than otters in 2001-2002 (58%). Substantial levels of domoic acid (n=2) and saxitoxin (n=2) were found in urine or fecal samples from animals sampled in 2011. No evidence of calicivirus or Coxiella burnetii exposure in the Washington population of northern sea otters was found in either 2001-2002 or 2011. Changes in exposure status from 2001-2002 to 2011 suggest that the Washington sea otter population may be dealing with new disease threats (e.g., influenza) while also increasing their susceptibility to diseases that may be highly pathogenic in naive individuals (e.g., canine distemper).",10.7589/2013-03-053,Wright et al,WOS:000326199400011,"[""Animalia""]","[""Chordata""]","[""Mammalia""]","[""Carnivora""]","[""Enhydra lutris""]","[""Enhydra""]"
"Human-wildlife competition for Korean pine seeds: vertebrate responses and implications for mixed forests on Changbai Mountain, China","Introduction Korean pine (Pinus koraiensis) is a dominant tree species in the cold temperate mixed forest zone in eastern Eurasia. Its seeds are food sources for wildlife but have become an important and marketable part of the economy for local communities. Methods We conducted ecological surveys inside and around Changbai Mountain Nature Reserve (CMNR) each year following the legalization of pine seed harvesting in 2000-2005 and restrictions on pine seed harvesting in 2006-2009. Results We found that human harvesting of pine cones was associated with declines in pine seed production and quality, pine regeneration, and populations of Eurasian red squirrel (Sciurus vulgaris), sable (Martes zibellina), and Siberian weasel (Mustela sibirica). Discussion CMNR generally harbored greater wildlife populations than were found outside of its boundaries, but populations inside and outside of CMNR tended to decline in response to unrestricted cone harvesting. Enactment of restrictions on harvesting of cones in 2006 led to rebounds in populations of squirrel, sable, weasel, yellow-throated marten (Martes flavigula) and Eurasian jay (Garrulus glandarius) in CMNR relative to outside, concurrent with a reduced percent of seed being usurped by humans. However, harvest restrictions failed to diminish damage to trees by humans or seeds by insect pests, and regeneration of pine did not rebound. Conclusion Our findings suggest that wildlife declines are reversible in the short-term, but long-term forest ecosystem stability is likely only if pine seed harvesting is either stopped or dramatically reduced on a permanent basis within CMNR.",10.1007/s13595-011-0097-8,Wright et al,WOS:000294494900004,"[""Animalia""]","[""Chordata""]","[""Mammalia""]","[""Carnivora""]","[""Martes flavigula"", ""Martes zibellina"", ""Mustela sibirica""]","[""Martes"", ""Mustela""]"
"Habitat Selection of Lontra Longicaudis (Carnivora, Mustelidae) Under the Influence of the Hydroelectric Dam of Penas Blancas River and Its Tributaries, Alajuela, Costa Rica","The changes produced by human activities on aquatic ecosystems reconfigure and reduce available habitats. Therefore, the aim of this study was to assess habitat selection of the Neotropical otter (Lontra longicaudis) in areas of influence of the hydroelectric dam of Peoas Blancas river and some of its tributaries in order to recommend actions for otter conservation. The Peoas Blancas River and three of its tributaries were sampled for signs of otters and for measuring seven environmental variables to determine the probability of occurrence and detectability. In addition, the use of prey was determined by the neotropical otter. Environmental variables showed that the river width and the forest proportion were the most influential variables on the occurrence of the species. The flow compensation of Peas Blancas river showed the highest probability of occurrence. Related to the diet of the otter, fish were the most frequent category of prey in recent years. The data obtained showed the influence of physical conditions of the river on the occurrence of the otter and the importance of fish as a food component.",10.15359/ru.31-1.8,Wright et al,WOS:000396638200008,"[""Animalia""]","[""Chordata""]","[""Mammalia""]","[""Carnivora""]","[""Lontra longicaudis""]","[""Lontra""]"
Primate and ungulate abundance in response to multi-use zoning and human extractive activities in a Central African Reserve,"This study examines the abundance of key mammal species at the Dzanga-Sangha Reserve (RDS) in the Central African Republic with respect to conservation zoning and human activities in the reserve. RDS has been funded as an integrated conservation and development project since the mid-1980s. This study illustrates distinct wildlife responses to logging and hunting in RDS sectors that vary in protection and enforcement levels and the erosion of some critical animal communities across the RDS in the face of challenges of increasing human populations and flows of arms and ammunitions there. Our results show elephants (Loxodonta africana cyclotis) to be appreciably absent close to human settlements, and increasingly vulnerable to hunting in the more integrally protected sectors far from town. We have found that duikers (Cephalophus sp.) and western lowland gorillas (Gorilla g. gorilla) make use of recently logged areas but are vulnerable to hunting there. These species are now most abundant farthest from human settlements. Our results have implications for the formulation of adaptive management plans that would benefit from the inclusion of nuanced understandings of site-specific and species-specific responses to microhabitats and the particular kinds of human extractive activities and challenges in the region.Resume Cette etude examine l'abondance d'especes cles de mammiferes dans la Reserve de Dzanga-Sangha (RDS), en Republique centrafricaine, en fonction du zonage de la conservation et des activites humaines dans la reserve. La RDS est financee comme un projet de conservation et de developpement integre (PCDI) depuis le milieu des annees 1980. Cette etude illustre diverses reponses de la faune sauvage aux coupes d'arbres et a la chasse dans des secteurs de la RDS ou le niveau de protection et de maintien de la loi varie, ainsi que l'erosion de certaines communautes animales critiques dans toute la RDS face aux defis que representent l'augmentation des populations humaines et l'afflux d'armes et de munitions. Nos resultats montrent que l'elephant (Loxodonta africana cyclotis) est significativement absent a proximite des installations humaines, et de plus en plus vulnerable a la chasse dans les secteurs mieux proteges loin des localites. Nous avons decouvert que les cephalophes (Cephalophus sp.) et les gorilles des plaines de l'Ouest (Gorilla g. gorilla) frequentent les zones fraichement exploitees mais qu'ils y sont vulnerables a la chasse. Ces especes sont desormais plus abondantes loin des installations humaines. Nos resultats ont des implications pour la conception de plans de gestion adaptative, qui auraient tout a gagner a inclure apprehension nuancee des reponses specifiques des especes et des sites aux conditions de microhabitats et aux types particuliers d'activites extractives humaines et de defis dans la region.",10.1111/j.1365-2028.2010.01229.x,Benitez lopez et al,WOS:000287094000009,"[""Animalia""]","[""Chordata""]","[""Aves""]","[""Cetartiodactyla"", ""Primates"", ""Proboscidea""]","[""Cephalophus callipygus, C. dorsalis, C. leucogaster and C. nigrifrons"", ""Cephalophus silvicultor"", ""Cercopithecus nictitans"", ""Gorilla gorilla"", ""Lophocebus albigena"", ""Loxodonta africana"", ""Pan troglodytes"", ""Philantomba monticola"", ""Tragelaphus eurycerus""]",
Mortality sensitivity in life-stage simulation analysis: A case study of southern sea otters,"Currently, there are no generally recognized approaches for linking detailed mortality and pathology data to population-level analyses of extinction risk. We used a combination of analytical and simulation-based analyses to examine 20 years of age- and sex-specific mortality data for southern sea otters (Enhydra lutris), and we applied results to project the efficacy of alternative conservation strategies. Population recovery of the southern sea otter has been slow (rate of population increase lambda = 1.05) compared to other recovering populations (lambda = 1.17-1.20), and the population declined (lambda = 0.975) between 1995 and 1999. Age-based Leslie matrices were developed to explore explanations for the slow recovery and recent decline in the southern sea other population. An elasticity analysis was performed to predict effects of proportional changes in stage-specific reproductive or survival rates on the rate of population increase. A life-stage simulation analysis (LSA) was developed to evaluate the impact of changing age- and cause-specific mortality rates on lambda. The information used to develop these models was derived from death assemblage, pathology, and live population census data to examine the sensitivity of sea otter population growth to different sources of mortality (e.g., disease and starvation, direct human take [fisheries, gun shot, boat strike, oil pollution], mating trauma and intraspecific aggression, shark bites, and unknowns. We used resampling simulations to generate random combinations of vital rates for a large number of matrix replicates and drew on these to estimate potential effects of mortality sources on population growth (lambda). Our analyses suggest management actions that are likely and unlikely to promote recovery of the southern sea otter and more broadly indicate a methodology to better utilize cause-of-death data in conservation decision-making.",10.1890/03-5006,Wright et al,WOS:000224568800020,"[""Animalia""]","[""Chordata""]","[""Mammalia""]","[""Carnivora""]","[""Enhydra lutris""]","[""Enhydra""]"
Genetic structure of sable (Martes zibellina L.) in Eurasia-analysis of the mitochondrial lineages distribution,"The phylogeography of the sable, which is a commercially valuable species, is extremely complicated and poorly investigated. Specifically, the effects of factors such as the range dynamics of the sable during the Pleistocene Epoch, the localization of glacial refugia, species distribution pattern in Holocene, and recent dramatic population decline, along with massive reacclimatization measures, on the species phylogeography remain unclear. Based on the sequence analysis of the control region of mitochondrial DNA from sables that inhabit different parts of the species range, a suggestion was made of the considerably high Pleistocene genetic diversity in sable, which was subsequently lost. The initial diversity of mitochondrial lineages is mostly preserved in the Urals, while in the eastern part of the range, it seems to have been depleted as early as before the last glacial maximum. On the other hand, the even greater depletion of the mitochondrial lineages observed in some populations of central Siberia can be associated with the dramatic population decline at the turn of the 20th century.",10.1134/S1022795413020105,Wright et al,WOS:000315036000012,"[""Animalia""]","[""Chordata""]","[""Mammalia""]","[""Carnivora""]","[""Martes zibellina""]","[""Martes""]"
Linking habitat characteristics with genetic diversity of the European pine marten (Martes martes) in France,"Although typically considered as a forest specialist species, the European pine marten (Martes martes) is an example of a number of species that have recently been found to also live in fragmented landscapes. Considering that habitat fragmentation and loss is a major threat to the persistence of mammal species in such landscapes, we investigated the association between habitat characteristics and genetic diversity across four pine marten populations occupying contrasting landscapes in France with different degrees of forest availability and fragmentation. Bayesian and multivariate clustering methods evidenced the presence of three genetic clusters and isolation by distance between populations was found at the national scale. We found an overall moderate level of genetic variability, but no evidence of a bottleneck or deficit in heterozygosity in any of the populations. No pattern of isolation by distance was found within the populations, except in the one located in the Pyrenean Mountains which appeared partly isolated from other continental populations and also showed a lower level of genetic diversity. No obvious association between the pattern of genetic variability and the pattern of forested habitat characteristics was found. We discuss the possibility that pine martens show greater behavioural plasticity than typically expected allowing them to adapt to different habitat types.",10.1007/s10344-012-0634-2,Wright et al,WOS:000311498000003,"[""Animalia""]","[""Chordata""]","[""Mammalia""]","[""Carnivora""]","[""Martes martes""]","[""Martes""]"
Sea otter population status and the process of recovery from the 1989 'Exxon Valdez' oil spill,"Sea otter Enhydra lutris populations were severely affected by the 1989 'Exxon Valdez' oil spill in western Prince William Sound, AK, and had not fully recovered by 2000. Here we present results of population surveys and incorporate findings from related studies to identify current population status and factors affecting recovery. Between 1993 and 2000, the number of sea otters in the spill-area of Prince William Sound increased by about 600 to nearly 2700. However, at Knight Island, where oil exposure and sea otter mortality in 1989 was most severe, no increase has been observed. Sea otter reproduction was not impaired, and the age and sex composition of captured otters are consistent with both intrinsic reproduction and immigration contributing to recovery. However, low resighting rates of marked otters at Knight Island compared to an unoiled reference area, and high proportions of young otters in beach cast carcasses through 1998, suggest that the lack of recovery was caused by relatively poor survival or emigration of potential recruits. Significantly higher levels of cytochrome P4501A (CYP1A), a biomarker of hydrocarbons, were found in sea otters at Knight Island from 1996 to 1998 compared to unoiled Montague Island, implicating oil effects in the lack of recovery at Knight Island. Delayed recovery does not appear to be directly related to food limitation. Although food availability was relatively low at both oiled and unoiled areas, we detected significant increases in sea otter abundance only at Montague Island, a finding inconsistent with food as a principal limiting factor. Persistent oil in habitats and prey provides a source of continued oil exposure and, combined with relatively low prey densities, suggests a potential interaction between oil and food. However, sea otters foraged more successfully at Knight Island and young females were in better condition than those at Montague Island. We conclude that progress toward recovery of sea otters in Prince William Sound is evident, but that in areas where initial oil effects were greatest, recovery may be constrained by residual spill effects, resulting from elevated mortality and emigration. It is evident that internal reproduction and immigration of juveniles has been the primary means of population recovery, as opposed to broad scale redistribution of adults from outside affected areas. The result is a recovery period protracted by long-term spill effects on survival and emigration and intrinsic limits to population growth.",10.3354/meps241237,Wright et al,WOS:000179145900022,"[""Animalia""]","[""Chordata""]","[""Mammalia""]","[""Carnivora""]","[""Enhydra lutris""]","[""Enhydra""]"
Protozoal meningoencephalitis in sea otters (Enhydra lutris):: a histopathological and immunohistochemical study of naturally occurring cases,"Protozoal meningoencephalitis is considered to be all important cause of mortality, in the California sea otter (Enhydra lutris). Thirty nine of 344 (11.3%) California (CA) and Washington state (WA) sea otters examined front 1985 to 2004 had histopathological evidence of significant protozoal meningoencephalitis. The aetiological agents and histopathological changes associated with these protozoal infections are described. The morphology of the actively multiplicative life stages of the organisms (tachyzoites for Toxoplasma gondii and merozoites for Sarcocystis neurona) and immunohistochemical labelling were used to identify infection with S. neurona (n = 22, 56.4%) T. gondii (n = 57 12.8%) or dual infection with both organisms (n = 12, 30.8%). Active S. neurona was present in all dual infections. while most had only the latent form of T. gondii. In S. neurona meningoencephalitis, multifocal to diffuse gliosis vas widespread in grey matter and consistently present in the molecular layer of the cerebellum. Ill T gondii meningoencephalitis, discrete foci of gliosis and malacia were more widely separated, sometimes incorporated pigment-laden macrophages and mineral, and were found predominantly in the cerebral cortex. Quiescent tissue cysts of T. gondii were considered to be incidental and not a cause of clinical disease and mortality. Protozoal meningoencephalitis was diagnosed more frequently in the expanding population of WA sea otters (10 of 31, 32.3%) than in the declining C A population (29 of 313, 9.3%). Among sea otters with protozoal memingoencephalitis, those that had displayed neurological signs prior to death had active S. neurona encephalitis, supporting, the conclusion that S. neurona is the most significant protozoal pathogen in the central nervous system of sea otters. (c) 2007 Elsevier Ltd. All rights reserved.",10.1016/j.jcpa.2007.05.001,Wright et al,WOS:000249817200003,"[""Animalia""]","[""Chordata""]","[""Mammalia""]","[""Carnivora""]","[""Enhydra lutris""]","[""Enhydra""]"
The importance of thinking big: Large-scale prey conservation drives black-footed ferret reintroduction success,"Objective evaluations of wildlife reintroductions are vital for increasing the success of future efforts to re-establish endangered species. Attempts to reintroduce one of the most endangered mammals in North America, the black-footed ferret (Mustela nigripes), have been ongoing for 18 years with no quantitative assessment of factors related to reintroduction success. We examined relationships between ferret reintroduction success and factors associated with disease outbreaks, release strategies, and the distribution and abundance of their primary prey, prairie dogs (Cynomys sp.), at 11 reintroduction sites. The most important factor related to ferret reintroduction success was a cumulative metric incorporating both size of the area occupied by prairie dogs and density of prairie dog burrows within that area. Each of the four successful sites had prairie dog populations that occupied an area of at least 4300 ha. No sites with <4300 ha of prairie dogs were successful in maintaining >= 30 adult individual ferrets over multiple years without augmentation even if they had a high prairie dog burrow density. The overarching importance of the availability of high-quality habitat suggests managers should prioritize actions that maintain and enhance the availability of large areas with high prairie dog burrow density, which are becoming increasingly rare due to anthropogenic impacts and disease outbreaks. (C) 2011 Elsevier Ltd. All rights reserved.",10.1016/j.biocon.2011.01.025,Wright et al,WOS:000292668200038,"[""Animalia""]","[""Chordata""]","[""Mammalia""]","[""Carnivora""]","[""Mustela nigripes""]","[""Mustela""]"
"Activity patterns and time budgets of the declining sea otter population at Amchitka Island, Alaska","Time budgets of predators may reflect population status if time spent foraging varies with local prey abundance. We assumed that the sea otter (Enhydra lutris) population at Amchitka Island, Alaska, USA, had been at equilibrium since the early 1960s and collected time budgets of otters to be used to represent future conditions of currently expanding sea otter populations. We used radiotelemetry to monitor activity-time budgets of otters from August 1992 to March 1994. Sea otter activity was directly linked to sex, age, weather condition, season, and time of day. Sea otters differed in percent time foraging among cohorts but not within cohorts. Percent time foraging ranged from 21% for females with very young (53 weeks of age) dependent pups to 52% for females with old (greater than or equal to10 weeks of age) pups. Otters foraged more and hauled out more as local sea conditions worsened. Adult males spent less time foraging during winter and spring, consistent with seasonal changes in prey selection. Time spent foraging was similar to that reported for otters in California and an established population in Prince William Sound, Alaska, but greater than that of otters in recently established populations in Oregon and Alaska. Despite current evidence indicating that the population was in decline during our study, we were unable to recognize this change using time budgets. Our results illustrate the importance of stratifying analyses of activity patterns by age and sex cohorts and the complexity inherent in comparisons of behavioral data between different populations relying on distinct prey bases.",10.2307/3802868,Wright et al,WOS:000173934100003,"[""Animalia""]","[""Chordata""]","[""Mammalia""]","[""Carnivora""]","[""Enhydra lutris""]","[""Enhydra""]"
"An assessment of British farmers' and gamekeepers' experiences, attitudes and practices in relation to the European Polecat Mustela putorius","Postal questionnaires were distributed to farmers and gamekeepers within the Polecat's Mustela putorius main range in Britain. Only 11% of responding farmers had ever experienced damage by Polecats; 28% regarded the species as a threat to livestock. Conversely 53% of farmers believed Polecats control Rabbits Oryctolagus cuniculus, and 39% believed they control rodents on the farm. Two-thirds of responding gamekeepers had experienced Polecat predation of penned game, with the commonest access routes via 'pop-holes' and beneath the perimeter wire. Most gamekeepers (68%) regarded the Polecat as a minor pest, but ranked it as a less serious threat to game than predators such as the Fox Vulpes vulpes, Feral Cat Felis catus, Stoat Mustela erminea, corvids and Mink Mustela vison. Majorities of both farmers and gamekeepers would be concerned about an increase in the numbers of Polecats, and most wished to be free to control the species. Trapping was regarded as the main defence against Polecat predation of game; 91% of gamekeepers had trapped Polecats over the preceding 5 years. A minority of farmers carried out Polecat control; this activity was more prevalent on farms near the fringe of the species' range. Pest-control practices likely to impact accidentally or indirectly upon Polecats, such as rodenticide use, fumigation ('gassing') of Rabbit burrows and ferreting, were also more prevalent on farms towards the fringe of the species' range. These findings are discussed in the light of the Polecat's status as a Scheduled species recovering its range in Britain. In anticipation of the species' further spread into areas where game shooting is prevalent, recommendations are made regarding the need to improve game husbandry and to modify trapping practice. In particular, the night-time closure of pop-holes and the effective exclusion of Polecats from tunnel traps are suggested as a means of promoting greater tolerance of Polecats and compliance with the law.",10.1046/j.1365-2907.1999.00039.x,Wright et al,WOS:000081403700001,"[""Animalia""]","[""Chordata""]","[""Mammalia""]","[""Carnivora""]","[""Mustela putorius""]","[""Mustela""]"
Limited genetic diversity among Sarcocystis neurona strains infecting southern sea otters precludes distinction between marine and terrestrial isolates,"Sarcocystis neurona is an apicomplexan parasite identified as a cause of fatal neurological disease in the threatened southern sea otter (Enhydra lutris nereis). In an effort to characterize virulent S. neurona strains circulating in the marine ecosystem, this study developed a range of markers relevant for molecular genotyping. Highly conserved sequences within the 18S ribosomal gene array, the plastid-encoded RNA polymerase (RPOb) and the cytochrome c oxidase subunit 1 mitochondrial gene (CO1) were assessed for their ability to distinguish isolates at the genus and species level. For within-species comparisons, five surface antigens (SnSAG1-SnSAG5) and one high resolution microsatellite marker (Sn9) were developed as genotyping markers to evaluate intra-strain diversity. Molecular analysis at multiple loci revealed insufficient genetic diversity to distinguish terrestrial isolates from strains infecting marine mammals. Furthermore, SnSAG specific primers applied against DNA from the closely related species, Sarcocystis falcatula, lead to the discovery of highly similar orthologs to SnSAG2, 3, and 4, calling into question the specificity of diagnostic tests based on these antigens. The results of this study suggest a population genetic structure for S. neurona similar to that reported for the related parasite, Toxoplasma gondii, dominated by a limited number of successful genotypes. Published by Elsevier B.V.",10.1016/j.vetpar.2009.12.020,Wright et al,WOS:000276801100006,"[""Animalia""]","[""Chordata""]","[""Mammalia""]","[""Carnivora""]","[""Enhydra lutris""]","[""Enhydra""]"
"Factors affecting the occurrence of smooth-coated otter in aquatic systems of the Upper Gangetic Plains, India","With the increasing human pressure on wildlife and its habitat, particularly in South and Southeast Asia, the population of the smooth-coated otter (Lutrogale perspicillata), a key carnivore of freshwater ecosystems, is rapidly declining. Reliable information on its abundance and other factors affecting its occurrence is lacking from many parts of its range, hindering development of conservation measures. In this paper the findings are presented on relative abundance and habitat parameters associated with the occurrence of the smooth-coated otter in the Corbett Tiger Reserve (CTR), India. Information on habitat structure, spraint (faeces) sites, and otter signs (e.g. footprints, spraints), were recorded in each 500 m section of five rivers in different seasons. The search covered 380, 100 m?x?15 m plots laid along the shoreline of the river banks. The importance of different habitat features influencing habitat selection was assessed using an ordination technique. In the CTR, the presence of otters was recorded from the three river systems that were relatively undisturbed and supported potential microhabitats for otters. The relative abundance of otters in the Reserve varied between 0.3 and 0.48 individuals km-1. Occurrence of otters in the region was governed by the presence of habitat features such as rocky and sandy river stretches with gentle bank-slopes, bank-side vegetation serving as escape cover, and slow water current. Relatively narrow rivers with several streams joining the main course and with a large number of fallen dead trees were favoured. The reservoir was an unsuitable habitat for otters owing to its steep bank-slopes (47.38 degrees?+/-?1.69 degrees) and deep water (6.99 m?+/-?30.46 m). Various forms of fishing activities, followed by livestock grazing, removal of sand and boulders from the river and removal of shoreline vegetation adversely affected the presence of otter. Restoration of degraded habitats to meet the requirements of otters is the only option for their long-term conservation. Existing critical otter habitats should be identified and brought into the protected area network, and the wetlands and river basins forming otter habitat managed at a landscape level. Copyright (c) 2012 John Wiley & Sons, Ltd.",10.1002/aqc.2253,Wright et al,WOS:000309715800007,"[""Animalia""]","[""Chordata""]","[""Mammalia""]","[""Carnivora""]","[""Lutrogale perspicillata""]","[""Lutrogale""]"
Aleutian mink disease parvovirus in wild riparian carnivores in Spain,"Serious declines in populations of native European mink (Mustela lutreola) have occurred in Europe. One responsible factor may be infectious diseases introduced by exotic American mink (Mustela vison). In order to investigate a possible role for Aleutian mink disease parovirus (ADV), we surveyed native riparian carnivores and feral American mink. When serum samples from 12 free-ranging European and 16 feral American mink were tested, antibodies to ADV were detected from three of nine European mink. ADV DNA was detected by polymerase chain reaction in whole cell DNA from four of seven carcasses; two American mink, one European mink and a Eurasian otter (Lutra lutra). Lesions typical of Aleutian disease were present in one of the American mink. A portion of the ADV VP2 capsid gene was sequenced and the results suggested that two sequence types of ADV were circulating in Spain, and that the Spanish ADVs differed from other described isolates from North America and Europe. Future conservation and restoration efforts should include measures to avoid introduction or spread of ADV infection to native animals.",10.7589/0090-3558-37.1.138,Wright et al,WOS:000167011600017,"[""Animalia""]","[""Chordata""]","[""Mammalia""]","[""Carnivora""]","[""Mustela lutreola""]","[""Mustela""]"
Survival and cause-specific mortality of a protected population of river otters in Minnesota,"Determining causes of mortality and estimating survival rates can provide insight into the status of species for which population trends are not well understood. From Apr. 2002-May 2004 we radio-marked and monitored 39 (13 adult males; 6 subadult males; 8 adult females; 12 subadult females) river otters (Lontra canadensis) in the upper Mississippi River watershed to document causes of mortality, and to evaluate the effects of season, age and sex on survival of river otters in southeastern Minnesota. Further, we assessed the relative importance of demographic parameters to population growth using a projection matrix, which incorporated reproductive data with our observed survival estimates. Human induced mortalities, including accidental captures by fur-harvesters targeting other species (n = 6) and vehicle collisions (D = 1), accounted for the majority of deaths while natural mortality was low (n = 1). Annual survival of females was 0.680 (SE = 0.099) and was 0.946 (SE = 0.052) for adult males. Elasticity of adult female survival was 3.1 times higher than subadult survival, 2.7 times higher than juvenile survival and 2.7 times higher than the sum of elasticity for subadult and adult female reproduction. River otters and other furbearers need to be monitored to assess population status, and management should be responsive to ensure persistence of populations experiencing intentional and/or accidental harvest.",10.1674/0003-0031(2008)159[98:SACMOA]2.0.CO;2,Wright et al,WOS:000252783900010,"[""Animalia""]","[""Chordata""]","[""Mammalia""]","[""Carnivora""]","[""Lontra canadensis""]","[""Lontra""]"
"The return of giant otter to the Baniwa Landscape: A multi-scale approach to species recovery in the middle Icana River, Northwest Amazonia, Brazil","Commercial hunting for the 20th century international fur trade was responsible for the collapse of giant otter populations throughout Amazonia. Some thirty years after the wildlife trade was outlawed, giant otter populations have begun to show signs of recovery. The Baniwa indigenous people from the Upper Rio Negro region of Brazil have witnessed the recovery of otter populations in areas where they had been wiped out by hunting. To evaluate the giant otter recovery process, we identified local and landscape variables contributing to the re-establishment of the species throughout Baniwa territory. We conducted transect sampling in lakes and streams in search of direct and indirect signs of giant otter occurrence. During surveys, we recorded three local variables, and through radar and satellite image, obtained six landscape variables in buffers of 250 m, 500 m and 1000 m. Using generalized linear models we identified the 250 m buffer as the most suitable scale within which to study giant otter habitat use. Connectivity between shallow and elongated waterbodies were the most reliable landscape indicators of otter population presence on the middle Icana River. Our results highlight the importance of small and connected water bodies to species recovery, a fact that should be taken into consideration in the creation of protected areas and local resource management plans. With this study we hope to contribute to the advancement of giant otter conservation strategies, as well as to an increased role for indigenous people in managing their territory and resources towards more effective biodiversity conservation.",10.1016/j.biocon.2018.06.015,Wright et al,WOS:000439537600036,"[""Animalia""]","[""Chordata""]","[""Mammalia""]","[""Carnivora""]","[""Pteronura brasiliensis""]","[""Pteronura""]"
Impact of Population Expansion on Genetic Diversity and Structure of River Otters (Lontra canadensis) in Central North America,"Populations of North American river otters (Lontra canadensis) declined throughout large portions of the continent during the early 1900s due to habitat degradation and unregulated trapping. River otters had been extirpated in North Dakota (ND), but the Red River Valley has since been recolonized, with potential source populations including the neighboring states of Minnesota or South Dakota, or the Canadian province of Manitoba (MB). We genotyped 9 microsatellite loci in 121 samples to determine the source population of river otters in the Red River Valley of ND, as well as to assess population structure and diversity of river otters in central North America. Overall, genetic diversity was high, with an average observed heterozygosity of 0.58. Genetic differentiation was low (F-ST < 0.05) between river otters in ND and those of Minnesota, suggesting that eastern ND was recolonized by river otters from Minnesota. River otters from MB were genetically distinct from all other sampled populations. Low genetic differentiation (F-ST 0.044) between South Dakota and Louisiana (LA) suggested that reintroductions using LA stock were successful. The genetic distinctiveness of river otters from different geographic regions should be considered when deciding on source populations for future translocations.",10.1093/jhered/est069,Wright et al,WOS:000328427800004,"[""Animalia""]","[""Chordata""]","[""Mammalia""]","[""Carnivora""]","[""Lontra canadensis""]","[""Lontra""]"
A Road Map for 21st Century Genetic Restoration: Gene Pool Enrichment of the Black-Footed Ferret,"Interspecies somatic cell nuclear transfer (iSCNT) could benefit recovery programs of critically endangered species but must be weighed with the risks of failure. To weigh the risks and benefits, a decision-making process that evaluates progress is needed. Experiments that evaluate the efficiency and efficacy of blastocyst, fetal, and post-parturition development are necessary to determine the success or failure or species-specific iSCNT programs. Here, we use the black-footed ferret (Mustela nigripes) as a case study for evaluating this emerging biomedical technology as a tool for genetic restoration. The black-footed ferret has depleted genetic variation yet genome resource banks contain genetic material of individuals not currently represented in the extant lineage. Thus, genetic restoration of the species is in theory possible and could help reduce the persistent erosion of genetic diversity from drift. Extensive genetic, genomic, and reproductive science tools have previously been developed in black-footed ferrets and would aid in the process of developing an iSCNT protocol for this species. Nonetheless, developing reproductive cloning will require years of experiments and a coordinated effort among recovery partners. The information gained from a well-planned research effort with the goal of genetic restoration via reproductive cloning could establish a 21st century model for evaluating and implementing conservation breeding that would be applicable to other genetically impoverished species.",10.1093/jhered/esv041,Wright et al,WOS:000361764100001,"[""Animalia""]","[""Chordata""]","[""Mammalia""]","[""Carnivora""]","[""Mustela nigripes""]","[""Mustela""]"
Large-scale variation in density of an aquatic ecosystem indicator species,"Monitoring indicator species is a pragmatic approach to natural resource assessments, especially when the link between the indicator species and ecosystem state is well justified. However, conducting ecosystem assessments over representative spatial scales that are insensitive to local heterogeneity is challenging. We examine the link between polychlorinated biphenyl (PCB) contamination and population density of an aquatic habitat specialist over a large spatial scale using non-invasive genetic spatial capture-recapture. Using American mink (Neovison vison), a predatory mammal and an indicator of aquatic ecosystems, we compared estimates of density in two major river systems, one with extremely high levels of PCB contamination (Hudson River), and a hydrologically independent river with lower PCB levels (Mohawk River). Our work supports the hypothesis that mink densities are substantially (1.64-1.67 times) lower in the contaminated river system. We demonstrate the value of coupling the indicator species concept with well-conceived and spatially representative monitoring protocols. PCBs have demonstrable detrimental effects on aquatic ecosystems, including mink, and these effects are likely to be profound and long-lasting, manifesting as population-level impacts. Through integrating non-invasive data collection, genetic analysis, and spatial capture-recapture methods, we present a monitoring framework for generating robust density estimates across large spatial scales.",10.1038/s41598-018-26847-x,Wright et al,WOS:000434920800002,"[""Animalia""]","[""Chordata""]","[""Mammalia""]","[""Carnivora""]","[""Neovison vison""]","[""Mustela""]"
Effects of prey metapopulation structure on the viability of black-footed ferrets in plague-impacted landscapes: a metamodelling approach,"Species interactions have been largely ignored in extinction risk assessment. However, the black-footed ferret Mustela nigripes exemplifies a class of endangered species for which strong species interactions cannot be ignored. This species is an obligate predator of prairie dogs Cynomys spp., and sylvatic plague Yersinia pestis epizootics threaten to undermine recovery efforts by functionally eliminating the prey base. Multispecies 'metamodelling' techniques offer new opportunities for exploring population dynamics under strong species interdependencies and disease. To investigate ferret extinction risk in plague-affected landscapes, we simultaneously modelled plague epidemiological processes, prairie dog metapopulation dynamics and ferret demographic responses. Ferret population dynamics were investigated at an important release site (Conata Basin in South Dakota) and for 500 artificial prey landscapes spanning a wide range of realistic colony configurations (e.g. total area, # colonies, spatial clustering) and demographic characteristics. Our simulation models indicate that ferrets are unlikely to persist through episodes of plague at Conata Basin unless they can access prey resources from a wider region or unless management actions can otherwise substantially reduce plague transmission. We show that large, diffuse prairie dog metapopulations (those with colonies spread over a region >2500km(2)) are most likely to support ferret populations in plague-affected landscapes. Our results also highlight the potential importance of metapopulation connectivity in fuelling plague epizootics and thereby imperilling black-footed ferret conservation efforts. We describe a cycle (c. 5- to 25-year period) of plague-driven population crashes that is an emergent property of our models, and which can destabilize ferret populations. Synthesis and applications. On the basis of our models, we conclude that few North American prairie dog complexes cover sufficient land area to sustain black-footed ferret populations through plague-driven crashes in prey abundance. Consequently, our results underscore the importance of working with many constituents to conserve large prairie dog landscapes in addition to continued development of plague mitigation tools. In addition, the strong relationship between plague-induced oscillatory prey cycles and predator population persistence highlights the potential conservation benefits of imposing strategic barriers to connectivity in areas over which plague outbreak cycles are strongly synchronous.",10.1111/1365-2664.12223,Wright et al,WOS:000335962200020,"[""Animalia""]","[""Chordata""]","[""Mammalia""]","[""Carnivora""]","[""Mustela nigripes""]","[""Mustela""]"
CAUSE-EFFECT LINKAGES BETWEEN CHEMICALS AND POPULATIONS OF MINK (MUSTELA-VISON) AND OTTER (LUTRA-CANADENSIS) IN THE GREAT-LAKES BASIN,"Following outbreaks of reproductive failure in commercial ranching operations, laboratory experiments showed that mink are extremely sensitive to organochlorine chemicals, particularly PCBs and dioxins. The purpose of this paper is to test the hypothesis that, since wild mink are exposed to these compounds through consumption of Great Lakes fish, they might exhibit reproductive dysfunction and population declines. The otter, another piscivorous animal, should show the same effects. The available information is reviewed according to five epidemiological criteria. Harvest data are presented as a surrogate for the population status of mink and otters in certain locations around the Great Lakes. Data from Ohio show that the mink harvest between 1982 and 1987 from contaminated counties bordering Lake Erie was consistently lower (380 animals per year) than those from counties removed from Lake Erie (850 animals per year), suggesting an effect of chemicals on the status of mink populations. Preliminary studies from Ontario also suggest that mink harvest is lower in potentially high PCB exposure areas compared with lower exposure areas. Evidence is also presented on the harvest data for otters taken from four New York State counties adjacent to Lake Ontario and the St. Lawrence River. The harvest data from these four counties show that between 1960 and early 1970 otter harvest remained stable but has since increased. Increased harvest is consistent with improved water quality in Lake Ontario during the past 15 yr. Data relating to strength of association between chemicals and populations of mink and otter are weak and need to be further analyzed. The specificity of the effects of the chemicals on mink reproduction and mortality is well established from toxicological experiments, but there is poor resolution of the information on effects using field data. The strongest case for a causal relationship comes from consideration of the coherence criterion. In conclusion, before a causal link can be drawn between the status of mink and otter populations and exposure to organochlorine chemicals from the Great Lakes, a large amount of research and data analysis needs to be undertaken.",10.1080/15287399109531540,Wright et al,WOS:A1991GD12600007,"[""Animalia""]","[""Chordata""]","[""Mammalia""]","[""Carnivora""]","[""Neovison vison"", ""Lontra canadensis""]","[""Mustela"", ""Lontra""]"
"Ecology, conservation and human history of marine mammals in the Gulf of California and Pacific coast of Baja California, Mexico","In total, 43 marine mammal species, eight of which are threatened, inhabit the Gulf of California and Pacific coast of Baja California. The unique attributes of marine mammal fauna such as species richness, risk condition, energy consumption and calving in this region are historically and geographically important. Marine mammals in the Baja California seas have been hunted for the past 10,000 years and they are also currently subject to severe anthropogenic impacts. Commercial hunting started in the late 18th century and some populations declined until the 1970s. Anthropogenic impacts on marine mammals diversified during the 20th century, with fisheries and pollution now being their greatest threats. Currently, the coasts surrounding Baja California seas are home to 3.06% of Mexican people and 1.77% live in relation with maritime activities. This is a relatively small population that has been growing since the Spanish conquest in the 16th century together with decimation of the regional indigenous populations. The scarce people around Baja California seas have important contributions to Mexican economy and marine disturbance, mostly because the arid environments of northwestern Mexico have historically encouraged marine fisheries as the major intake of natural living resources in the region. Therefore, the region's environmental problems do not stem from an overpopulation requiring ecosystem services, with the exception that exhaustion of the underground aquifers is of great concern, but from historical Problems related with social and economic development. Conservation of marine mammals in the Baja California seas may be helpful to geographically and socially integrate human development and ecosystem protection, to address current problems of illegality, sectorial conflicts and partiality in conservation actions as well as to monitor the modifications and functionality of the marine ecosystem. (C) 2014 Elsevier Ltd. All rights reserved.",10.1016/j.ocecoaman.2014.12.004,Wright et al,WOS:000348083600009,"[""Animalia""]","[""Chordata""]","[""Mammalia""]","[""Carnivora""]","[""Enhydra lutris""]","[""Enhydra""]"
"Severe parasitism by Versteria mustelae (Gmelin, 1790) in the critically endangered European mink Mustela lutreola (Linnaeus, 1761) in Spain","The riparian European mink (Mustela lutreola), currently surviving in only three unconnected sites in Europe, is now listed as a critically endangered species in the IUCN Red List of Threatened Species. Habitat loss and degradation, anthropogenic mortality, interaction with the feral American mink (Neovison vison), and infectious diseases are among the main causes of its decline. In the Spanish Foral Community of Navarra, where the highest density of M. lutreola in its western population has been detected, different studies and conservation measures are ongoing, including health studies on European mink, and invasive American mink control. We report here a case of severe parasitism with progressive physiological exhaustion in an aged free-ranging European mink female, which was accidentally captured and subsequently died in a live-trap targeting American mink. Checking of the small intestine revealed the presence of 17 entangled Versteria mustelae worms. To our knowledge, this is the first description of hyperinfestation by tapeworms in this species.",10.1007/s00436-018-6043-z,Wright et al,WOS:000445159500036,"[""Animalia""]","[""Chordata""]","[""Mammalia""]","[""Carnivora""]","[""Mustela lutreola""]","[""Mustela""]"
Reproductive inefficiency in male blackfooted ferrets (Mustela nigripes),"The black-footed ferret (Mustela nigripes), once considered extinct, has benefited from captive breeding and subsequent reintroduction into native habitat. A high proportion of females (>90%) exhibit estrus in captivity during the spring breeding season. However, many males considered to be prime-breeding age (1-3 years old) fail to sire offspring. Breeding records in 1995 revealed that 40 of 73 males (55%) managed under the Black-Footed Ferret Species Survival Plan did not reproduce, despite being provided opportunity. The present study was conducted to determine the incidence and etiology of male reproductive failure in 1996 and 1997. In 1996, 38 of 69 (55%) 1- to 3-year-old males failed to sire offspring. Likewise, 35 of 60 (58%) males did not reproduce in 1997. Overall, 21% of adult males failed to sire young in three consecutive breeding seasons (1995-1997). Electroejaculate traits (ejaculate volume, sperm concentration, motility, morphology, and acrosomal integrity) from 29 proven breeder males were not different (P > 0.05) from those of 23 males that did not sire young (nonproven breeders). However, six categories of reproductive failure were identified for the 73 prime-breeding age, nonproven males: 1) underdeveloped testes (22%); 2) improper breeding position with the female (25%); 3) excessive aggression toward estrous females (9%); 4) copulation with no sperm detected at postcoital lavage (19%); 5) copulation with sperm in the vaginal lavage but no resulting pregnancy (18%); and 6) copulation with no vaginal lavage performed and no resulting pregnancy (7%). These data indicate that combined behavioral and physiologic factors, but not overall sperm quality, influence reproductive performance in male black-footed ferrets managed in captivity. Zoo Biol 19:517-528, 2000. (C) 2000 Wiley-Liss, Inc.",10.1002/1098-2361(2000)19:6<517::AID-ZOO4>3.3.CO;2-M,Wright et al,WOS:000166528500004,"[""Animalia""]","[""Chordata""]","[""Mammalia""]","[""Carnivora""]","[""Mustela nigripes""]","[""Mustela""]"
Habitat suitability for marten of second-growth balsam fir forests in Newfoundland,"The marten subspecies on the island of Newfoundland, Martes americana atrata, is threatened. Survey data suggest that most of the extant marten population lives in old uncut balsam fir (Abies balsamea) forests, but a very few live in adjacent 40- to 60-year-old second-growth stands of balsam fir. We compared habitat structure and composition and prey abundance in old forest and second-growth stands to test the hypotheses that either food abundance or habitat quality, or both, limit use of the 40- to 60-year-old forests by marten. Snowshoe hares (Lepus americana) were most abundant in 40-year-old forests and also occurred in old forests, but field voles (Microtus pennsylvanicus) were not found in second-growth stands. A multivariate discriminant model indicated that older, uncut forests contained more structure than younger forests al ground level, because there was more woody debris, more young balsam fir, less litter, more mosses, and more low shrubs. Canopy cover was similar in all forest types, and subnivean access did not differ among the three age-classes when snow was about 1 m deep. We suggest that marten did not use 40- or 60-year-old forest stands because of the lack of the meadow voles that form a necessary part of their diet. Meadow voles likely respond to ground-level forest structure in selecting habitat, and this structure is unavailable in young forests. We recommend a management strategy for marten that would preserve current old forests as long as possible and allow sufficient second-growth balsam fir forest to become old forest with the required characteristics to maintain a viable marten population.",10.1139/z95-242,Wright et al,WOS:A1995TQ06300011,"[""Animalia""]","[""Chordata""]","[""Mammalia""]","[""Carnivora""]","[""Martes americana""]","[""Martes""]"
"ISOLATION AND CHARACTERIZATION OF A NOVEL MARINE BRUCELLA FROM A SOUTHERN SEA OTTER (ENHYDRA LUTRIS NEREIS), CALIFORNIA, USA","We characterize Brucella infection in a wild southern sea otter (Enhydra lutris nereis) with osteolytic lesions similar to those reported in other marine mammals and humans. This otter stranded twice along the central California coast, US over a 1-yr period and was handled extensively at two wildlife rehabilitation facilities, undergoing multiple surgeries and months of postsurgical care. Ultimately the otter was euthanized due to severe, progressive neurologic disease. Necropsy and postmortem radiographs revealed chronic, severe osteoarthritis spanning the proximal interphalangeal joint of the left hind fifth digit. Numerous coccobacilli within the joint were strongly positive on Brucella immunohistochemical labelling, and Brucella sp. was isolated in pure culture from this lesion. Sparse Brucella-immunopositive bacteria were also observed in the cytoplasm of a pulmonary vascular monocyte, and multifocal granulomas were observed in the spinal cord and liver on histopathology. Findings from biochemical characterization, 16S ribosomal DNA, and bp26 gene sequencing of the bacterial isolate were identical to those from marine-origin brucellae isolated from cetaceans and phocids. Although omp2a gene sequencing revealed 100% homology with marine Brucella spp. infecting pinnipeds, whales, and humans, omp2b gene sequences were identical only to pinniped-origin isolates. Multilocus sequence typing classified the sea otter isolate as ST26, a sequence type previously associated only with cetaceans. Our data suggest that the sea otter Brucella strain represents a novel marine lineage that is distinct from both Brucella pinnipedialis and Brucella ceti. Prior reports document the zoonotic potential of the marine brucellae. Isolation of Brucella sp. from a stranded sea otter highlights the importance of wearing personal protective equipment when handling sea otters and other marine mammals as part of wildlife conservation and rehabilitation efforts.",10.7589/2015-12-326,Wright et al,WOS:000399156700002,"[""Animalia""]","[""Chordata""]","[""Mammalia""]","[""Carnivora""]","[""Enhydra lutris""]","[""Enhydra""]"
Food limitation and the recovery of sea otters following the 'Exxon Valdez' oil spill,"We examined the potential role of food limitation in constraining the recovery of sea otters Enhydra lutris in Prince William Sound, Alaska, following the 'Exxon Valdez' oil spill. The spill resulted in the removal of a large number of sea otters in 1989, and as of 1998, the portion of the population in the heavily oiled northern Knight Island region had not fully recovered. Between 1996 and 1998, prey consumption rate was higher and the condition of sea otters was better at northern Knight Island than in an unoiled area of the sound (Montague Island). Estimates of prey energy available per unit mass of sea otter were about 4 times higher at Knight than Montague Island, albeit not significantly different between the 2 areas. Over this, same period, the number of sea otters remained constant at northern Knight Island but increased at Montague Island. These data suggest that food was at least as abundant at Knight than at Montague Island, and that recovery of sea otters via intrinsic population growth was limited by factors other than food. However, the availability of food, the prey consumption rate, and the condition of sea otters were all much lower at both Knight and Montague Islands than in areas newly occupied by sea otters where the population growth rate was near the theoretical maximum. It is possible that the relatively short supply of food (compared to areas where sea otter population growth rate was high) may have inhibited immigration or interacted with other factors (e.g. oil-induced mortality or predation) to restrict sea otter population growth. Nonetheless, these data suggest that impacts of anthropogenic disturbances on large, often food-limited vertebrate predators can persist in spite of the availability of food resources that are sufficient for intrinsic population growth.",10.3354/meps241255,Wright et al,WOS:000179145900023,"[""Animalia""]","[""Chordata""]","[""Mammalia""]","[""Carnivora""]","[""Enhydra lutris""]","[""Enhydra""]"
Modeling predator habitat to enhance reintroduction planning,"The success of species reintroduction often depends on predation risk and spatial estimates of predator habitat. The fisher (Pekania pennanti) is a species of conservation concern and populations in the western United States have declined substantially in the last century. Reintroduction plans are underway, but the ability of the species to establish a self-sustaining population is affected by predation from its primary predator, the bobcat (Lynx rufus). To develop a habitat model that incorporates both habitat of the focal species and the spatial patterning of predator habitat. To locate areas of densely aggregated habitat that would be suitable for reintroduction. Using camera survey data, we modeled the association between bobcat presence and environmental features using a classification tree. We applied this model to a spatial analysis of fisher habitat and identified reintroduction areas in the southern Washington Cascade Range. The classification tree predicted bobcat detection based on elevation and mean tree diameter. The final model identified fisher reintroduction locations primarily in or near existing wilderness areas. Fisher habitat areas identified considering both habitat and predation risk differed from those identified without considering predation. Our spatial approach is unique among fisher reintroduction plans by accounting for both resource requirements and risk of predation. It can be used as a template for future reintroduction efforts in other regions and for other species. Using similar models to refine population management and reintroduction should improve the probability of successful population establishment and stability.",10.1007/s10980-015-0177-5,Wright et al,WOS:000357293800008,"[""Animalia""]","[""Chordata""]","[""Mammalia""]","[""Carnivora""]","[""Pekania pennanti""]","[""Pekania""]"
SPATIAL RELATIONS IN A HARVESTED POPULATION OF MARTEN IN MAINE,"Harvesting may disrupt spacing patterns that affect individual breeding status in solitary forest carnivores such as the marten (Martes americana). Further, male-biased harvests may decrease relative density of competitors for mates, enabling males to expand their territories to maximize access to females. We assessed whether territoriality was exhibited in an intensively trapped population of marten, evaluated whether males abandoned home ranges during the breeding season, and tested whether home-range size of males was related to energetic requirements or access to mates. We also assessed whether movements and range areas of adult females with offspring were different from nonreproductive adult (greater-than-or-equal-to 1 yr) females. We radiotracked 28 resident adult marten (14 M, 14 F) from May 1989 to April 1991. Overlap of ranges within sexes was less than (P = 0.01) expected if ranges were distributed independently among consexuals. Conversely, overlap between sexes was not different (P = 0.12) from expected if ranges were distributed independently of the opposite sex. The percentage of range shared with marten of the same sex (5.9% M, 10.7% F) was less (P < 0.001 M, P = 0.01 F) than the proportion shared with the opposite sex (37.1% M, 71.4% F). Shared areas were not used less (P > 0.17) than unshared areas, and distance between sexes increased (P = 0.01) from May to October. Contrary to some other mustelids, male marten did not foray from their territories during the breeding season; distance traveled and location of ranges did not change (P > 0.11) during breeding (Jul-Aug). Range size (95% min. convex polygon) during May-October was larger (P = 0.002) for males (5.2 km2) than for females (2.8 km2) but not more than expected (P = 0.26) according to differences in body mass. Lactating female marten had smaller (P = 0.06) ranges than did nonreproductive females. Despite low densities, territories of 11 of 14 males overlapped with greater-than-or-equal-to 1 adult female. Breakdown of territories and transient behavior may not occur in trapped populations of marten unless mates become so widely distributed that intersexual overlap becomes unpredictable.",10.2307/3809672,Wright et al,WOS:A1994PL72700002,"[""Animalia""]","[""Chordata""]","[""Mammalia""]","[""Carnivora""]","[""Martes americana""]","[""Martes""]"
Status of the wolverine Gulo gulo in Canada,"Wolverines Gulo gulo are found in northern forested wilderness across Canada, in alpine tundra of the western mountains, and in the arctic. They formerly occupied habitats that are now heavily settled by humans in the Prairie Provinces and eastern Canada. Forest harvesting, hydroelectric development, the exploration and development of oil, gas and minerals, transportation corridors and human settlement continue to alter, remove or fragment habitats. About 6% of all current wolverine range in Canada is within parks and protected areas, and 10% of high quality habitats in western Canada are protected. The population estimate for the western population (Yukon to Ontario) is 15,000-19,000 resident wolverines, based on the best available information on densities and areas of occupancy. With the addition of juveniles, the population before the winter trapping season may approach or exceed 20,000. Wolverine populations are apparently benefiting from the cessation of wolf Canis lupus poisoning, harvest closures, advanced trapline and harvest management systems. Recent range recoveries have been recorded in northwestern Ontario and Manitoba, where caribou numbers have increased. Wolverine populations in Canada are stable within the normal range of long-term population fluctuations elsewhere, except locally in southern Alberta and British Columbia where caribou have declined or habitats are becoming fragmented. Wolverines may be extirpated on Vancouver Island. The eastern wolverine population is either extremely rare or extirpated. The COSEWIC (Committee on the Status of Endangered Wildlife in Canada) status designations are Endangered for the eastern population and Special Concern for the western population.",10.2981/0909-6396(2007)13[76:SOTWGG]2.0.CO;2,Wright et al,WOS:000250588600009,"[""Animalia""]","[""Chordata""]","[""Mammalia""]","[""Carnivora""]","[""Gulo gulo""]","[""Gulo""]"
"OTTERS IN THE HAWR AL AZIM WETLAND, IRAN","Currently the Hawr Al Azim Wetland is the largest freshwater wetland in Lower Mesopotamia and represents the remaining fraction of the former Mesopotamian Marshes, whose area has declined dramatically over the past 25 years. Two species of otter, the Eurasian otter (Lutra lutra) and the smooth-coated otter (Lutragale perspicillata) have been reported for this area. The sub-species of the latter is endemic to the wetlands, and is thought to be close to extinction. Current knowledge on the distribution and status of the otters within the marshes is minimal, and attempts to obtain more information are being hampered by military operation. In order to determine the otters' status we conducted a field survey, interviewed local people who had access to the inner marsh and reviewed all available information about otters' distribution in the wetlands. Although we could find sound evidence of the presence of both species in the past, the survey failed to find any current sign of otters. In contrast, local fishermen claimed that otters are sometimes observed in the inner or upper parts of Hawr Al Azim. The distribution of the two species in the area needs to be further investigated and attempts should be made to protect and restore the best remaining parts of Mesopotamian marshlands.",,Wright et al,WOS:000280348900008,"[""Animalia""]","[""Chordata""]","[""Mammalia""]","[""Carnivora""]","[""Lutra lutra"", ""Lutrogale perspicillata""]","[""Lutra"", ""Lutrogale""]"
Use of the ACTH challenge test to identify the predominant glucocorticoid in the southern sea otter (Enhydra lutris nereis),"After nearly being hunted to extinction during the fur trade of the late 20th Century, sea otter (Enhydra lutris) populations have recovered to varying degrees of their historical range. While overall population numbers and range have increased, there are regions in which expansion has occurred at a slower rate and/or animal numbers have decreased, which may be a result of chronic stress from a variety of sources. Some have employed glucocorticoid analysis in their attempts to validate these explanations. Our goal was to conduct a controlled study using sea otters managed under human care to validate the use of serum glucocorticoid analysis to monitor stress physiology in the sea otter. We used a standard ACTH challenge test to compare cortisol and corticosterone responses, thereby identifying the primary glucocorticoid in the sea otter. Fourteen sea otters of both sexes (five males, nine females), including juveniles, sub-adults and adults, participated in the study. The results of the testing supported cortisol as the primary glucocorticoid in the sea otter. Sex and age did not affect how the individual responded to the ACTH or saline injection. Interestingly, the saline injection not only confirmed the effects of the ACTH on glucocorticoid release fromthe adrenal glands but also provided informationonhowlong it takes the sea otter's glucocorticoid levels to return to baseline after capture and sedation. The insight gained from this study will aid in future efforts to better understand the role of stress in free-ranging sea otter populations. Recognition of the primary glucocorticoid will facilitate evaluation of more stable biological material, such as fur or whiskers, which tend to be less affected by the diurnal cycling of glucocorticoids.",10.1093/conphys/coz116,Wright et al,WOS:000521167600001,"[""Animalia""]","[""Chordata""]","[""Mammalia""]","[""Carnivora""]","[""Enhydra lutris""]","[""Enhydra""]"
Inferring geographic isolation of wolverines in California using historical DNA,"Delineating a species' geographic range using the spatial distribution of museum specimens or even contemporary detection-non-detection data can be difficult. This is particularly true at the periphery of a species range where species' distributions are often disjunct. Wolverines (Gulo gulo) are wide-ranging mammals with discontinuous and potentially isolated populations at the periphery of their range. One potentially disjunct population occurred in the Sierra Nevada Mountains, California, USA, and appears to have been extirpated by the 1930s. Many early 20th century naturalists believed that this population was connected to other populations occurring in the Cascade Range of northern California, Oregon, and Washington, USA, but a recent analysis of historical records suggests that California wolverines were isolated from other populations in North America. We used DNA extracted from museum specimens to examine whether California wolverines were isolated. Both nuclear and mitochondrial DNA data indicate that California wolverines were genetically distinct from extant populations, suggesting long-term isolation. We identified 2 new control region (mitochondrial DNA) haplotypes located only within California. We used these data and referenced sequences from the Rocky Mountains, USA, to make inferences regarding potential wolverine translocations into California. In addition, we used these genetic data to make inferences about wolverine conservation throughout western North America.",10.2193/2007-026,Wright et al,WOS:000249351100010,"[""Animalia""]","[""Chordata""]","[""Mammalia""]","[""Carnivora""]","[""Gulo gulo""]","[""Gulo""]"
Home range and movements of long-tailed weasels in a landscape fragmented by agriculture,"Quantitative assessments of home-range dynamics and movements of long-tailed weasels (Mustela frenata) are lacking, in spite of the importance of these data to understanding how habitat fragmentation influences behavior, ecology, and interspecific interactions. During autumn to late winter 1998-2000, we monitored 11 long-tailed weasels (7 male, 4 female) via radiotelemetry to examine home-range dynamics and movement rates in an Indiana landscape fragmented by agriculture. Mean (+/- SE) 95% adaptive kernel contour area for adult females and adult males was 51.8 +/- 8.1 ha and 180.3 +/- 60.3 ha, respectively, and differed significantly. Hourly rate of movement for male long-tailed weasels (130.5 +/- 12.7 m) was greater than that of females (79.2 +/- 13.5 m). Weasels demonstrated greater hourly rates of movement during the fallow season (138.2 +/- 12.8 m) compared with the preharvest season (63.0 +/- 11.2 m). Mean hourly rates of movement were lower in corridors, forest patches, and grassland patches compared to crop fields. Mean hourly rate of movement was positively related with home-range size (P < 0.001) with the greatest rates of movement in the largest home ranges. Mean hourly rate of movement varied inversely with prey biomass (P = 0.07). Our results are consistent with the notion that long-tailed weasels may be sensitive to agriculturally induced fragmentation of habitat and the importance of maintaining landscape connectivity for species conservation.",10.1644/1545-1542(2004)085<0079:HRAMOL>2.0.CO;2,Wright et al,WOS:000220140300014,"[""Animalia""]","[""Chordata""]","[""Mammalia""]","[""Carnivora""]","[""Mustela frenata""]","[""Mustela""]"
Large scale faecal (spraint) counts indicate the population status of endangered Eurasian otters (Lutra lutra),"The validity of using spraint (otter faeces) density for population monitoring has been debated for more than 30 years. In this study, we investigated endangered Eurasian otter (Lutra lutra) spraint occurrence and densities at large scales (over 23,800 km(2), a quarter of South Korea) over three years (2014-2016). To clarify the spatial heterogeneity of spraint density and count distributions, we applied the global Morans' I test and hot spot analysis. We also constructed models with 30 environmental factors (six landscape, eight anthropogenic, 13 aquatic health indices, one prey abundance, and two meteorological factors) using generalized linear mixed models with repeated measurements. Our geographical analysis showed regional clusters of otters extending over distances of more than 80 km. The most parsimonious model, a zero-inflated negative binomial model, indicated that our otter spraint counts were significantly positively related to the benthic macro-invertebrate index and precipitation and negatively related to proportion of home range covered by water. In addition, this model showed that absence probabilities of otter spraint were significantly positively related to human populations and negatively related to the number of fish species and altitude. The best explanatory model suggests that our count data was highly related to otter population status, and also affected by anthropogenic disturbance.",10.1016/j.ecolind.2019.105844,Wright et al,WOS:000500940400039,"[""Animalia""]","[""Chordata""]","[""Mammalia""]","[""Carnivora""]","[""Lutra lutra""]","[""Lutra""]"
Molecular detection and characterization of carnivore parvoviruses in free-ranging Eurasian otters (Lutra lutra) in southern Italy,"The most important Italian population of the Eurasian otter (Lutra lutra) occurs in the southern part of the peninsula with two isolated sub-populations of about 250 adult individuals. The Eurasian otter is considered to be near threatened and it is a fully protected species. The aims of this study were to investigate for the first time the occurrence and characterize the parvoviruses included in the species Carnivore protoparvovirus 1 in seven carcasses of road-killed Eurasian otters from the southern Italy. Carnivore protoparvovirus 1 are responsible for acute gastroenteritis and leukopenia in pets and free-ranging carnivores. Initial screening of tissue samples by real-time PCR revealed CPV/FPV DNA in tissue samples of five Eurasian otters; three of them, showed co-infections by both CPV and FPV. Among the five positive Eurasian otters, we successfully obtained six DNA sequences from four individuals including two CPV-2a, one CPV-2b, one CPV-2c, and two FPV sequences. Comparison of these sequences with 250 VP2 gene sequences deposited in the GenBank database, showed 10 nt differences resulting in two synonymous and eight non-synonymous substitutions. On the basis of these results, two sequences here found were characterized as new CPV-2a, one was characterized as new CPV-2b variant, and one was characterized as FPV-like mutant. The last two sequences belong to a FPV and CPV-2c strain respectively. Carnivore protoparvovirus 1 is reported for the first time in the Eurasian otter showing high infection value in southern Italy. Occurrence of this infection should be studied further to understand its possible pathogenicity and virulence to the fragile and isolate Eurasian otter population which live in southern Italy.",10.1111/tbed.13212,Wright et al,WOS:000485002800008,"[""Animalia""]","[""Chordata""]","[""Mammalia""]","[""Carnivora""]","[""Lutra lutra""]","[""Lutra""]"
Genetic structure and evidence for recent population decline in Eurasian otter populations in the Czech and Slovak Republics: implications for conservation,"Over the latter part of the 20th century, Eurasian otter Lutra lutra populations suffered dramatic declines, resulting in extinction or fragmentation of populations in many western and central European countries. Part of the Czech otter population became totally isolated while the Slovak population remained partly connected to the relatively continuous central and eastern European otter distribution range. This paper examines the genetic structure and past demographic history of otters in the Czech and Slovak Republics, using microsatellite nuclear markers amplified from DNA extracted from tissue and faecal samples. A relatively high level of genetic differentiation was found between the Czech and Slovak populations (F-ST=0.154, P=0.0002), supported by a perfect assignment in Bayesian cluster analysis. Both the Czech and Slovak populations showed significant heterozygosity excess (assuming an infinite allele model), indicating recent population bottlenecks. A very recent population decline was also suggested by coalescent analysis, inferring a drop to c. 25% of past effective population size in both populations. The timing of the decline was in accordance with published data from otter surveys, suggesting that the strongest decline probably occurred between the 1970s and the mid-1990s. The results of this study confirm that otter populations remain vulnerable to any violent demographic change and, despite the claims of fish-farmers and anglers for legal culls, it is highly desirable that they remain a strongly protected species in both countries. The spreading and re-connection of otter populations observed recently is essential for the future health of the populations, and should be supported through habitat conservation.",10.1111/j.1469-7998.2006.00259.x,Wright et al,WOS:000245745300001,"[""Animalia""]","[""Chordata""]","[""Mammalia""]","[""Carnivora""]","[""Lutra lutra""]","[""Lutra""]"
DECLINE OF OTTER LUTRA-LUTRA L IN BRITAIN - ANALYSIS OF HUNTING RECORDS AND DISCUSSION OF CAUSES,The records of 1 pack of otter hounds hunting in southwest England [UK] during 1907-1971 and the records of all packs active in Britain between 1950-1976 were studied. The hunting success per unit effort varied from year to year depending on changes in hunting conditions but longer term changes were identified. The hunting success of the Culmstock otter hounds (hunting in parts of southwest England) increased steadily from 1907-1956 but in most of England and south Wales the success rate of the hunts declined rapidly after 1957. There was also a decline in success in northern England and southern Scotland but to a lesser extent; in north Wales and Eire there was no evidence for a decline. These changes reflect changes in otter populations but the extent of the decline in hunting success (between 37%-55% of previous levels in the southern hunts) is probably less than the actual decline in otter numbers. There were no signs of a recovery in the population but indications of a continuing decline up to 1976. The reason for the increasing population in the first half of the century in southwest England is probably the decrease in persecution since the 19th century. Causes for the crash in the late 1950s were considered and the factor most likely responsible was the introduction of dieldrin insecticides in 1956. Use of these compounds has been increasingly restricted since 1963 and the possible reasons for the failure of the otter population to recover are listed.,10.1111/j.1095-8312.1978.tb00018.x,Wright et al,WOS:A1978FR48200003,"[""Animalia""]","[""Chordata""]","[""Mammalia""]","[""Carnivora""]","[""Lutra lutra""]","[""Lutra""]"
"Distribution and Habitat Conditions of Habitat Points of the Eurasian Otter Lutra lutra in the Hangang River Water System, South Korea","Researchers conducted this study to clarify the distribution and habitat conditions of the Eurasian otter Lutra lutra in. the Hangang water system, South Korea. Researchers evaluated a total 358 habitat sites widely distributed in the Hangang river water system. The altitudinal distribution ranges were similar in the Bukhangang and Namhangang areas. The width of river in habitat points ranged from 4-1,017 m. The mean water velocity was 0.32 +/- 0.15 m sec(-1). Habitat variables such as site condition, river width, bottom status, bankside vegetation, land use type, grass height, vegetation cover, artificial structures, water use and pollutants were significantly different among areas except for forest type and shrub height Furthermore, land use type, artificial structures, water use and pollutants were disturbance factors. To conserve the Eurasian otter and its habitat, the riparian habitat should be managed and conserved.",,Wright et al,WOS:000315851100013,"[""Animalia""]","[""Chordata""]","[""Mammalia""]","[""Carnivora""]","[""Lutra lutra""]","[""Lutra""]"
Changes of community composition at multiple trophic levels due to hunting in Nigerian tropical forests,"Hunting in tropical forests decimates large mammals, and this may have direct and indirect effects on other trophic levels and lead to trophic cascades. We compared replicated sites of hunted and protected forests in southeastern Nigeria, with respect to community composition of primates, other mammals, birds, plant seedlings, and mature trees. We make predictions regarding the community composition at the different trophic levels. In forests where large primates are rare, we hypothesize that their ecological role will not be fully compensated for by small frugivores. We apply multivariate methods to assess changes in community composition of mammals, birds, and seedlings, controlling for any differences between sites in the other groups, including mature trees. Medium and large (4-180 kg) primates were much rarer in hunted sites, while porcupine and rock hyrax increased in abundance with hunting. In contrast, the community composition of birds was similar in both types of forests. Seedling communities were significantly related to the community composition of mammals, and thus strongly affected by hunting. In protected forests primate dispersed plant seedling species dominated, whereas in hunted forests the seedling community was shifted towards one dominated by abiotically dispersed species. This was probably both a consequence of reduced seed dispersal by primates, and increased seed predation by rodents and hyrax. Hence we found no evidence for buffering effects on tree regeneration through functional compensation by non-hunted animals (such as birds). Our results highlight how seedling communities are changed by the complex plant-animal intera ctions, triggered by the loss of seed dispersers. The results predict a rarity of primate-dispersed trees in future tropical forest canopies; a forest less diverse in timber and non-timber resources.",10.1111/j.1600-0587.2013.00359.x,Benitez lopez et al,WOS:000333608400007,"[""Animalia""]","[""Chordata""]","[""Aves""]","[""Rodentia"", ""Primates"", ""Hyracoidea""]","[""Anomalurus sp"", ""Atherurus africanus"", ""Cercopithecus mona"", ""Cercopithecus nictitans"", ""Mandrillus leucophaeus"", ""Procavia capensis""]",
The American mink: the triumph and tragedy of adaptation out of context,"The American mink has spread widely beyond its native North America due to the activities of fur traders. The mink is an extremely adaptable, generalist predator. Over two continents, the American mink is associated with problems in the conservation of local species because of their impact on both prey and competitors. Here, we review the impact of American mink on native species, stemming from over a decade of research, and concentrate on two examples: the impact of American mink on the water vole in Britain and on the European mink in Eastern Europe. While the near extinction of the water vole in Britain and that of the European mink in Eastern Europe are largely due to predation and interspecific aggression, respectively, both may have been affected by a multitude of factors acting synergistically. Terns, and other seabirds, are impacted by mink predation; the effect on riparian bird species is less clear but may potentially be high. Emerging principles, supported by preliminary evidence, suggest that the return of the larger otter in the United Kingdom may be detrimental to mink populations. The impact of, or on, the current recovery of the polecat in the United Kingdom is unknown but evidence from Eastern Europe suggests that American mink negatively affect at least female polecats. We conclude by briefly presenting two case studies of small-scale mink removal and discuss considerations for future control projects. To mitigate mink impact on a larger scale we suggest a holistic approach, involving mink removal, habitat restoration, and recovery of native competitors.",10.1080/03014223.2003.9518350,Wright et al,WOS:000187883700006,"[""Animalia""]","[""Chordata""]","[""Mammalia""]","[""Carnivora""]","[""Mustela lutreola""]","[""Mustela""]"
Indirect effects of bioinvasions in Yellowstone Lake: The response of river otters to declines in native cutthroat trout,"Nonnative species threaten ecosystems throughout the world including protected reserves. In Yellowstone National Park, river otters Lontra canadensis depend on native cutthroat trout as prey. However, nonnative lake trout and whirling disease have significantly reduced the abundance of these native fish in the park's largest body of water, Yellowstone Lake. We studied the demographic and behavioral responses of otters to declining cutthroat trout on Yellowstone Lake and its tributaries. From 2002-2008, we monitored otter activity at latrine (scentmarking) sites, collected scat for prey identification, and used individual genotypes from scat and hair samples to evaluate survival and abundance with capture-recapture methods. Otter activity at latrines decreased with declines in cutthroat trout, and the prevalence of these fish in otter scat declined from 73% to 53%. Cutthroat trout numbers were the best predictor of temporal variation in apparent survival, and mean annual survival for otters was low (0.72). The density of otters in out study area (1 otter per 13.4 km of shoreline) was also low, and evidence of a recent genetic bottleneck suggests that otter abundance might have declined prior to our study. River otters in and around Yellowstone Lake appear to be responding to reductions in cutthroat trout via changes in distribution, diet, and possibly survival and abundance. Our results provide a baseline estimate for monitoring the broader outcome of management efforts to conserve native cutthroat trout and emphasize the indirect ecosystem consequences of invasive species. (C) 2015 Elsevier Ltd. All rights reserved.",10.1016/j.biocon.2015.07.042,Wright et al,WOS:000364257100067,"[""Animalia""]","[""Chordata""]","[""Mammalia""]","[""Carnivora""]","[""Lontra canadensis""]","[""Lontra""]"
Management strategies for a large-scale mountain pine beetle outbreak: Modelling impacts on American martens,"We assessed the effectiveness of alternative forest management strategies for maintaining American martens (Martes americana) in a sub-boreal landscape subject to an extensive mountain pine beetle (Dendroctonus ponderosae) outbreak, associated salvage logging, and climate change in north-central British Columbia, Canada. We structured the analysis in a Bayesian network (BN) meta-model that incorporated the results of spatially explicit modelling of landscape conditions (natural and logging disturbance. habitat quality, number of potential territories, and connectedness of territories) with analytical population modelling. The BN meta-model was then used to examine habitat and population size responses (adult females only are presented) to management scenarios, in the context of uncertainty of model parameters, management objectives, and climate change. Status quo management is dominantly clear-cutting with 3-20% of each harvest unit retained as mature patches, with reforestation by planting in the remainder. Management options we examined were: (1) the status quo, (2) varying the total annual timber harvest on the landscape (100%, 80% or 50% of current long-term sustained yield estimates), (3) the protection of understory trees during logging, and (4) 30-70% retention of overstory (partial cutting in distinct patches <1 ha in size) in each harvest unit, for 33% or 50% of the annual timber harvest. We found that marten habitat and population size declined substantively with the beetle outbreak and associated salvage cutting. The choice of management strategy then had a long-term effect on the potential for marten recovery after the beetle outbreak. Partial cutting scenarios had the greatest average long-term marten population levels, followed in order by reduced harvest rates, understory protection, and the status quo. Management scenarios with the best chance of meeting conservation goals without over-protecting habitat (and thus unnecessarily constraining timber management) varied with the population objective chosen. The choice of management strategy will depend on the weighting of marten outcomes against the economic desirability of timber harvest strategies, willingness to gamble on climate change, and the time-frame of interest. Crown Copyright (C) 2009 Published by Elsevier B.V. All rights reserved.",10.1016/j.foreco.2009.02.013,Wright et al,WOS:000265572100014,"[""Animalia""]","[""Chordata""]","[""Mammalia""]","[""Carnivora""]","[""Martes americana""]","[""Martes""]"
EFFECTS OF FRESH-WATER AVAILABILITY ON THE SUMMER DISTRIBUTION OF OTTERS LUTRA-LUTRA IN THE SOUTHWEST COAST OF PORTUGAL,"The availability of freshwater has been suggested to strongly influence the distribution of coastal otters Lutra lutra. The test this hypothesis, a study was undertaken on the relationships between otter distribution and freshwater availability in a coast where freshwater is a very scarce resource during the summer. In this area otters occur mostly in a few small coastal streams but feed largely in the sea. Twentynine streams were surveyed in the summer of 1990, and the presence/absence of otter signs was related to nine habitat variables. Freshwater availability was found to be the most important factor influencing the occurrence of otters in summer. It is suggested that otters favour large streams with good vegetation cover, for these are the most likely to maintain frestwater during the dry periods. The distribution of otter signs in streams was also analysed, and it was found that signs tend to concentrate particularly near the mouth of the streams. This habitat analysis has some conservation implications, indicating that the decrease of freshwater availability or quality of streams can make these unsuitable for otters, severely decreasing the areas suitable for the species in the southwest coast of Portugal.",10.1111/j.1600-0587.1992.tb00035.x,Wright et al,WOS:A1992JM78800004,"[""Animalia""]","[""Chordata""]","[""Mammalia""]","[""Carnivora""]","[""Lutra lutra""]","[""Lutra""]"
Otters and fish farms in the Sado estuary: ecological and socio-economic basis of a conflict,"The degree of conflict between otter conservation and fish farming was assessed at Sado estuary (SW Portugal), using ecological (otter visiting rates to fish farms and consumption of commercial fish) and socio-economic (past and current instruments and policies addressing the conflict and a social impact assessment, including a discourse analysis of relevant stakeholders) parameters. The study concerned 14 fish farms producing Sparus aurata, Dicentrarchus labrax, Solea senegalensis and Solea solea. Results indicate high visiting rates in most fish farms (average: 76%), although in only 29%, species stocked were the most consumed prey. Other marine species and freshwater prey were the basis of otter diet in the remaining fish farms. The conflict is quite consensual among most fish farmers, and the results indicate that the perceived conflict by fish farmers has an ecological basis, although there are large gaps between effective and perceived predation. No specific instruments exist in Portugal to address the conflict, but some not specifically targeted can have an effect (e.g. species protection legislation and aquaculture licensing), although with limitations to effectively contribute to its mitigation (e.g. lack of enforcement and supervision). Formulating and assessing solutions is the following step, using a participatory approach to the development and evaluation of mitigation/compensation strategies, capable of providing an effective reconciliation of the conflict.",10.1007/s10750-007-0693-7,Wright et al,WOS:000247413500006,"[""Animalia""]","[""Chordata""]","[""Mammalia""]","[""Carnivora""]","[""Lutra lutra""]","[""Lutra""]"
"Age-dependent changes in sperm production, semen quality, and testicular volume in the black-footed ferret (Mustela nigripes)","The black-footed ferret (Mustela nigripes), which was extirpated from its native North American prairie habitat during the 1980s, is being reintroduced to the wild because of a successful captive-breeding program. To enhance propagation, the reproductive biology of this endangered species is being studied intensively. The typical life span of the black-footed ferret is approximately 7 yr. Female fecundity declines after 3 yr of age, but the influence of age on male reproduction is unknown. In this study, testis volume, seminal traits, sperm morphology, and serum testosterone were compared in 116 males from 1 to 7 yr of age living in captivity. Results demonstrated that testes volume during the peak breeding season was similar (P > 0.05) among males 1 to 5 yr of age, reduced (P < 0.05) among males 6 yr of age, and further reduced (P < 0.05) among males 7 yr of age. Motile sperm/ejaculate was similar in males 1 to 6 yr of age but diminished (P < 0.05) in those 7 yr of age. Males at 6 and 7 yr of age produced fewer (P < 0.05) structurally normal sperm than younger counterparts; however, serum testosterone concentrations were not reduced (P > 0.05) in older males. Histological comparison of testicular/epididymal tissue from 5- and 7-yr-old black-footed ferrets confirmed that the interval between these two ages may represent a transitional period to reproductive senescence. In summary, functional reproductive capacity of male black-footed ferrets exceeds that of females by at least 2 yr. Testes and seminal quality are indistinguishable among males 1 to 5 yr of age, with progressive reproductive aging occurring thereafter.",10.1095/biolreprod63.1.179,Wright et al,WOS:000087812400026,"[""Animalia""]","[""Chordata""]","[""Mammalia""]","[""Carnivora""]","[""Mustela nigripes""]","[""Mustela""]"
Complete mitochondrial genome reveals the phylogenetic relationship of sable Martes zibellina linkouensis,"Over-hunting of the sable (Martes zibellina) in China since the 1950s has resulted in a dramatic decline of sable population size; and owing to effective conservation measures in recent years, sable populations in some areas are going through a rapid recovery. We first determined and annotated the whole mtDNA genome of the Lesser Khingan Mountains sable M. zibellina linkouensis to better understand the evolutionary relationship of this subspecies. The complete mitogenome is 16 460 by in length, including 13 protein-coding genes, 22 tRNA genes, 2 rRNA genes, and 1 control region. We built the phylogenetic tree of three sable subspecies in Northeast China and other 10 species of Mustelinae.",10.3109/19401736.2015.1118070,Wright et al,WOS:000395598600099,"[""Animalia""]","[""Chordata""]","[""Mammalia""]","[""Carnivora""]","[""Martes zibellina""]","[""Martes""]"
Density dependence and risk of extinction in a small population of sea otters,"Sea otters (Enhydra lutris (L.)) were hunted to extinction off the coast of Washington State early in the 20th century. A new population was established by translocations from Alaska in 1969 and 1970, and currently numbers at least 550 animals. A major threat to the population is the ongoing risk of major oil spills in sea otter habitat. We apply population models to census and demographic data in order to evaluate the status of the population. We fit several density dependent models to test for density dependence and determine plausible values for the carrying capacity (K) by comparing model goodness of fit to an exponential model. Model fits were compared using Akaike Information Criterion (AIC). A significant negative relationship was found between the population growth rate and population size (r(2) = 0.27, F = 5.57, df = 16, p < 0.05), suggesting density dependence in Washington state sea otters. Information Criterion statistics suggest that the Beverton-Holt model is the most parsimonious, followed closely by the logistic model. Values of K ranged from 612 to 759 with best-fit parameter estimates for the Beverton-Holt model including 0.26 for r and 612 for K. The latest ( 2001) population index count (555) puts the population at 87-92% of the estimated carrying capacity, above the suggested range for optimum sustainable population (OSP). Analyses of extinction risk associated with oil spills were based on assumptions of variable spill frequency, and variable mortality rates associated with spills once they occurred. At lower rates of assumed spill frequency, extinction risk was either negligible or was substantial only at the highest assumed mortality rates. At the highest assumed frequency rate (0.5 yr(-1)), extinction risks were high across the full range of assumed mortality rates. Elasticity analysis was conducted to examine the effects of proportional changes in vital rates on the population growth rate (lambda). The elasticity values indicate that the population is most sensitive to changes in survival rates (particularly adult survival).",10.1007/s10531-004-2146-1,Wright et al,WOS:000225468900009,"[""Animalia""]","[""Chordata""]","[""Mammalia""]","[""Carnivora""]","[""Enhydra lutris""]","[""Enhydra""]"
"Roads, logging, and the large-mammal community of an eastern Canadian boreal forest","We evaluated hypotheses concerning the distributions of large mammals in a 60 000 km(2) study area that encompassed the contact zone between Ontario's roadless north and the postlogging southern landscape. We estimated occurrence probability in 575 sample units for woodland caribou (Rangifer tarandus caribou (Gmelin, 1788)), wolverine (Gulo gulo (L., 1758)), gray wolf (Canis lupus L., 1758), moose (Alces alces (L., 1758)), and white-tailed deer (Odocoileus virginianus (Zimmerman, 1780)). We used ordinations and spatial regressions to assess the contributions of parameters to species occurrence. Roads and cutovers were most abundant in the south, leading to an increased prevalence of deciduous forest. Mature coniferous forest, however, occurred most commonly in the north. Occurrence probabilities for moose and deer were greatest in the south, in close association with deciduous trees. Wolf occurrence was also greatest in the south, positively related to both deciduous forest and road density. Caribou occurrence, however, was positively related to mature coniferous forest and negatively related to both wolf occurrence and roads. Wolverine occurrence was negatively related to deciduous forest. Our surveys demonstrated distinct mammal communities in the northern and southern halves of our study area, a separation that appeared to be mediated by deciduous forest and roads.",10.1139/Z10-019,Wright et al,WOS:000278731900004,"[""Animalia""]","[""Chordata""]","[""Mammalia""]","[""Carnivora""]","[""Gulo gulo""]","[""Gulo""]"
Distemper virus as a cause of central nervous disease and death in badgers (Meles meles) in Denmark,"During the summer of 2002 a distemper-like disease was observed in the free-ranging badger population in Denmark. It was characterised by grand seizures, abnormal behaviour and death; the badgers all had severe chronic pneumonia and some had non-suppurative encephalomyelitis. in this study, eight of the affected badgers were examined by gross pathological, histological, immunohistological, bacteriological, parasitological and virological methods, and were diagnosed with distemper; canine distemper virus was identified.",10.1136/vr.154.17.527,Wright et al,WOS:000221334800014,"[""Animalia""]","[""Chordata""]","[""Mammalia""]","[""Carnivora""]","[""Meles meles""]","[""Meles""]"
"Heavy metals in the habitat and throughout the food chain of the Neotropical otter, Lontra longicaudis, in protected Mexican wetlands","Top predators like the Neotropical otter, Lontra longicaudis annectens, are usually considered good bioindicators of habitat quality. In this study, we evaluated heavy metal contamination (Hg-tot, Pb, Cd) in the riverine habitat, prey (crustaceans and fish), and otter feces in two Ramsar wetlands with contrasting upstream contamination discharges: Rio Blanco and Rio Cao Grande in Veracruz, Mexico, during the dry, the wet, and the nortes seasons. Most comparisons revealed no differences between sites while seasonal differences were repeatedly detected for all of the compartments. Higher concentrations of Pb during the dry season and of Cd during the wet season in otter feces mirrored differences detected in the most seasonally consumed prey. Compared with fecal methylmercury values reported for the European otter (0.25-0.75 mg kg(-1)) in unprotected areas, the Hg-tot levels that we measured were lower (0.02-0.17 mg kg(-1)). However, Pb (117.87 mg kg(-1)) and Cd (9.14 mg kg(-1)) concentrations were higher (Pb, 38.15 mg kg(-1) and Cd, 4.72 mg kg(-1)) in the two Ramsar wetlands. Protected areas may shelter species, but those with water-linked diets may suffer the effect of chemicals used upstream.",10.1007/s10661-012-2623-z,Wright et al,WOS:000313359000012,"[""Animalia""]","[""Chordata""]","[""Mammalia""]","[""Carnivora""]","[""Lontra longicaudis""]","[""Lontra""]"
"Impacts of Rodenticide and Insecticide Toxicants from Marijuana Cultivation Sites on Fisher Survival Rates in the Sierra National Forest, California","Secondary exposure of wildlife to pesticides has been well documented, yet exposure is typically associated with agricultural or wildland-urban interface areas. Wildlife in undeveloped areas is generally presumed free from risk. In 2009, a male fisher was found dead in the Sierra National Forest and subsequent necropsy revealed that the animal died of acute rodenticide poisoning. Follow-up testing revealed that 85% of fisher carcasses recovered by two research projects in the previous three years tested positive for rodenticides. Concern arose that exposure could predispose an animal to mortality from other causes, and that the underlying role of toxicants would escape notice. Further investigation indicated that the most likely source was the numerous illegal marijuana cultivation sites currently found on public lands throughout the western United States. To determine whether the presence of cultivation sites predisposed fishers to mortality from other sources, we related survival rates to the presence and number of cultivation sites found within that animal's home range over the past 10 years. Likelihood of exposure was related to the presence of cultivation sites, and female fisher survival was influenced by the number of cultivation sites within its home range. We discuss the conservation implications of this unexpected relationship.",10.1111/conl.12038,Wright et al,WOS:000334164400003,"[""Animalia""]","[""Chordata""]","[""Mammalia""]","[""Carnivora""]","[""Pekania pennanti""]","[""Pekania""]"
SEA OTTER DIETS IN A DECLINING POPULATION IN ALASKA,"Diet of sea otters (Enhydra lutris) using a haulout site on the north side of the Alaska Peninsula was determined from 50 scats. Dominant prey species were mussels (Mytilus edulis), followed by three species of clams (Siliqua spp., Spisula polynyma, and Tellina lutea), sand dollars (Echinarachnius parma), and helmet crabs (Telmessus cheiragonus). Our results support preliminary findings by Cimberg et al. (1984) that this sea otter population preys heavily on mussels and that the presence of low caloric value sand dollars in their diet is significant. Coupled with population estimates, our results also provide evidence that this population of sea otters may be declining due, in part, to overdepletion of food resources.",10.1111/j.1748-7692.1991.tb00114.x,Wright et al,WOS:A1991GN34400004,"[""Animalia""]","[""Chordata""]","[""Mammalia""]","[""Carnivora""]","[""Enhydra lutris""]","[""Enhydra""]"
Burrow Dusting or Oral Vaccination Prevents Plague-Associated Prairie Dog Colony Collapse,"Plague impacts prairie dogs (Cynomys spp.), the endangered black-footed ferret (Mustela nigripes) and other sensitive wildlife species. We compared efficacy of prophylactic treatments (burrow dusting with deltamethrin or oral vaccination with recombinant sylvatic plague vaccine [RCN-F1/V307]) to placebo treatment in black-tailed prairie dog (C. ludovicianus) colonies. Between 2013 and 2015, we measured prairie dog apparent survival, burrow activity and flea abundance on triplicate plots (blocks) receiving dust, vaccine or placebo treatment. Epizootic plague affected all three blocks but emerged asynchronously. Dust plots had fewer fleas per burrow (P < 0.0001), and prairie dogs captured on dust plots had fewer fleas (P < 0.0001) than those on vaccine or placebo plots. Burrow activity and prairie dog density declined sharply in placebo plots when epizootic plague emerged. Patterns in corresponding dust and vaccine plots were less consistent and appeared strongly influenced by timing of treatment applications relative to plague emergence. Deltamethrin or oral vaccination enhanced apparent survival within two blocks. Applying insecticide or vaccine prior to epizootic emergence blunted effects of plague on prairie dog survival and abundance, thereby preventing colony collapse. Successful plague mitigation will likely entail strategic combined uses of burrow dusting and oral vaccination within large colonies or colony complexes.",10.1007/s10393-017-1236-y,Wright et al,WOS:000414153000003,"[""Animalia""]","[""Chordata""]","[""Mammalia""]","[""Carnivora""]","[""Mustela nigripes""]","[""Mustela""]"
"Testing the nutritional-limitation, predator-avoidance, and storm-avoidance hypotheses for restricted sea otter habitat use in the Aleutian Islands, Alaska","Sea otters (Enhydra lutris) inhabiting the Aleutian Islands have stabilized at low abundance levels following a decline and currently exhibit restricted habitat-utilization patterns. Possible explanations for restricted habitat use by sea otters can be classified into two fundamentally different processes, bottom-up and top-down forcing. Bottom-up hypotheses argue that changes in the availability or nutritional quality of prey resources have led to the selective use of habitats that support the highest quality prey. In contrast, top-down hypotheses argue that increases in predation pressure from killer whales have led to the selective use of habitats that provide the most effective refuge from killer whale predation. A third hypothesis suggests that current restricted habitat use is based on a need for protection from storms. We tested all three hypotheses for restricted habitat use by comparing currently used and historically used sea otter foraging locations for: (1) prey availability and quality, (2) structural habitat complexity, and (3) exposure to prevailing storms. Our findings suggest that current use is based on physical habitat complexity and not on prey availability, prey quality, or protection from storms, providing further evidence for killer whale predation as a cause for restricted sea otter habitat use in the Aleutian Islands.",10.1007/s00442-014-3149-6,Wright et al,WOS:000350033500003,"[""Animalia""]","[""Chordata""]","[""Mammalia""]","[""Carnivora""]","[""Enhydra lutris""]","[""Enhydra""]"
Evidence of secondary poisoning of free-ranging riparian mustelids by anticoagulant rodenticides in France:: Implications for conservation of European mink (Mustela lutreola),"Because of the rapid decline of the endangered European mink (Mustela lutreola) populations in France, a national conservation program has been put into action, including research to understand the causes of decline. As part of this research, concentrations of eight anticoagulant rodenticides were examined in livers from 122 carcasses Of four species of free-ranging mustelids collected between 1990 and 2002 in Southwestern France. Bromadiolone residue was found in all species and 9 % of the sample (one of 31 European mink, three of 47 American mink [Mustela vison], five of 33 polecats [Mustela putorius], and two of 11 European otters [Lutra lutra]). Liver concentrations ranged from 0.6 mug/g to 9.0 mug/g. Chlorophachione residue was found in two species and 4 % of the sample (in four of the American mink and in one of the otters), with liver concentrations ranging from 3.4 mug/g to 8.5 mug/g. Two polecats and one American mink, had lesions and liver residues indicating bromadiolone was directly responsible for their death. However, most of our study animals survived secondary poisoning until they were caught; this study certainly underestimates the extent of fatal exposure of mustelids to rodenticides. Moreover, anticoagulant poisoning could increase their vulnerability to other causes of death. The current status of the endangered European mink population is such that any additional risk factor for mortality is important, and it is this urgent to monitor and reduce the extensive use of bromadiolone and chlorophacinone against field rodents in France.",10.7589/0090-3558-40.4.688,Wright et al,WOS:000226454000007,"[""Animalia""]","[""Chordata""]","[""Mammalia""]","[""Carnivora""]","[""Mustela lutreola""]","[""Mustela""]"
"The conservation of medium-sized mammals in two private ecological reserves of Veracruz, Mexico","Wildlife is a distinctive and charismatic element of the tropical biodiversity that is under severe threat without precedent due to hunting and habitat loss. This phenomenon known as defaunation impacts directly into tropical biodiversity as animal populations are eradicated, reduced their genetic variability, and at the end the extinction of species. Particular reserves like Santa Gertrudis (SG) in Vega de Alatorre and La Otra Opcion (LOO) at los Tuxtlas, Veracruz, are doing efforts to conserve wildlife biodiversity. During 2014 and 2015 we used camera traps to record mammal species with a total effort at SG of 531 camera/day in 2014 and 1, 093 in 2015, while at LOO during 2014 we had 1,090 c/d and in 2015, 1, 081 c/d. In SG the common species registered were Dasypus novemcinctus, Didelphis marsupialis and Cuniculus paca, and at the LOO: Dasypus novemcinctus, Sciurus aureogaster and Dasyprocta mexicana. We recorded species under risk of extinction like Galictis vittata (in SG); also Leopardus wiedii, Herpailurus yagouaroundi and Eira barbara (in LOO).",10.22201/ib.20078706e.2018.4.2476,Wright et al,WOS:000455163200024,"[""Animalia""]","[""Chordata""]","[""Mammalia""]","[""Carnivora""]","[""Eira barbara"", ""Galictis vittata""]","[""Eira"",  ""Galictis""]"
Sea otter population declines in the Aleutian archipelago,"Sea otter (Enhydra lutris) populations were exploited to near extinction and began to recover after the cessation of commercial hunting in 1911. Remnant colonies of sea otters in the Aleutian archipelago were among the first to recover; they continued to increase through the 1980s but declined abruptly during the 1990s. We conducted an aerial survey of the Aleutian archipelago in 2000 and compared results with similar surveys conducted in 1965 and 1992. The number of sea otters counted decreased by 75% between 1965 and 2000; 88% for islands at equilibrial density in 1965. The population decline likely began in the mid-1980s and declined at a rate of 17.5%/year in the 1990s. The minimal population estimate was 8,742 sea otters in 2000. The population declined to a uniformly low density in the archipelago, suggesting a common and geographically widespread cause. These data are in general agreement with the hypothesis of increased predation on sea otters. These data chronicle one of the most widespread and precipitous population declines for a mammalian carnivore in recorded history.",10.1644/1545-1542(2003)084<0055:SOPDIT>2.0.CO;2,Wright et al,WOS:000181414700005,"[""Animalia""]","[""Chordata""]","[""Mammalia""]","[""Carnivora""]","[""Enhydra lutris""]","[""Enhydra""]"
Compensatory immigration counteracts contrasting conservation strategies of wolverines (Gulo gulo) within Scandinavia,"In wide ranging species, portions of the same population often fall within different administrative jurisdictions; where different regulations apply. The same species can be fully protected or heavily harvested on different sides of a border. This can generate a source-sink dynamic from the areas with lower to those with higher mortality, a process known as compensatory immigration. We tested this hypothesis on the wolverine (Gulo o gulo) population of southern Scandinavia, which is shared between two countries: Sweden and Norway. Wolverines are fully protected in Sweden, but subject to intensive population regulation in Norway. Using non-invasive genetic sampling and capture-recapture modeling, we analyzed the dynamics of wolverine survival and emigration patterns between 2002 and 2013. Wolverines in Norway experienced a lower survival than in Sweden. Migration across the national border was directed towards movements from Sweden to Norway. There was a functional relationship between harvest rate in Norway and emigration rates across the national border, both at the individual and population level, thus confirming the compensatory immigration hypothesis. Contrasting management regimes within the same population can generate undesired demographic and spatial dynamics, jeopardize conservation goals on the two sides of a border, and reduce the efficiency of management actions. This calls for the adoption of a coordinate population approach in large carnivore conservation and management. Failing to do so can cause a waste of the already limited resources allocated for large carnivore conservation, and it might hinder effective conflict mitigation. (C) 2015 Elsevier Ltd. All rights reserved.",10.1016/j.biocon.2015.07.024,Wright et al,WOS:000364257100071,"[""Animalia""]","[""Chordata""]","[""Mammalia""]","[""Carnivora""]","[""Gulo gulo""]","[""Gulo""]"
"Foraging plasticity in a highly specialized carnivore, the endangered black-footed ferret","The extirpation of black-footed ferrets (Mustela nigripes) from the wild resulted from the rangewide decline of prairie dogs (Cynomys spp.) brought about by poisoning campaigns, the arrival of an exotic disease, and habitat loss. It is widely accepted that ferrets are an obligate, near monophagous, dietary specialist of prairie dogs and that high-density prairie dog colonies are necessary for effective recovery. To test the extent to which ferrets are dietary specialists, we measured the stable isotopic values of 321 ferrets of known age and sex as well as of their potential prey (e.g., prairie dogs, mice, ground squirrels, and rabbits). Our results confirmed that prairie dogs are the most common diet item for ferrets, although ferrets possessed greater foraging plasticity than previously reported, consuming substantial quantities of other species. The degree to which ferrets were specialized on prairie dogs differed between age-sex groups. Adult male and juvenile ferrets had equivalent diets, with prairie dogs constituting nearly 75% of their assimilated diet. In contrast, adult females obtained over one third of their diet from other species, notably mice. However, female ferrets appeared to have provisioned prairie dogs to their dependent offspring. Conservation of ferrets, one of North America's most endangered mammals, will require prairie dogs, not just as prey, but also for the prey-rich habitat that their colonies provide.(C) 2013 Elsevier Ltd. All rights reserved.",10.1016/j.biocon.2013.10.010,Wright et al,WOS:000333574400001,"[""Animalia""]","[""Chordata""]","[""Mammalia""]","[""Carnivora""]","[""Mustela nigripes""]","[""Mustela""]"
"Contamination status and accumulation profiles of organotins in sea otters (Enhydra lutris) found dead along the coasts of California, Washington, Alaska (USA), and Kamchatka (Russia)","Organotin compounds (OTs) including mono- to tri-butyltins, -phenyltins, and -octyltins were determined in the liver of adult sea otters (Enhydra lutris) found dead along the coasts of California, Washington, and Alaska in the USA and Kamchatka, Russia. Total concentrations of OTs in sea otters from California ranged from 34 to 4100 ng/g on a wet weight basis. The order of concentrations of OTs in sea otters was total butyltins >> total octyltins >= total phenyltins. Elevated concentrations of butyltins (BTs) were found in some otters classified under 'infectious-disease' mortality category. Concentrations of BTs in few of these otters were close to or above the threshold levels for adverse health effects. Total butyltin concentrations decreased significantly in the livers of California sea otters since the 1990s. Based on the concentrations of organotins in sea otters collected from 1992 to 2002, the half-lives of tributyltin and total butyltins in sea otters were estimated to be approximately three years. (c) 2008 Elsevier Ltd. All rights reserved.",10.1016/j.marpolbul.2008.01.019,Wright et al,WOS:000255670900017,"[""Animalia""]","[""Chordata""]","[""Mammalia""]","[""Carnivora""]","[""Enhydra lutris""]","[""Enhydra""]"
PCR screening of mammalian predators (Carnivora) for adenoviruses and herpesviruses: the first detection of a mustelid herpesvirus in Hungary,"The purpose of this study was to conduct a survey on the occurrence of adenoviruses and herpesviruses in different mammalian predators in Hungary. To this end, samples were collected from 75 individuals including native free living and zoo animals. For the presence of adenovirus, only two samples of golden jackals (Canis aureus) were found to be positive. According to the sequence analysis of the PCR products, both samples contained a virus identical with canine adenovirus type 2 (CAdV-2). For herpesviruses, merely one sample was positive. This was the single sample originating from a European badger (Meles meles). The nucleotide sequence of the PCR product was almost identical with the corresponding sequence of the Mustelid herpesvirus 1 (MuHV-1) that has been recently isolated in Great Britain. To increase the sample number, the carnivorous source was the only selection criterion during the collection, and excretes of apparently healthy zoo animals as well as internal organs from animals shot during hunting were also included. Thus, the majority of the examined samples were from clinically healthy individuals. In the case of both viruses, a very sensitive, nested PCR method was used. The chances to detect these viruses, which are prone to establish persistent infection, are probably limited to animals that are in active viraemic status. One major finding is the first demonstration of the presence of MuHV-1 in Hungary and also in the European continent. Moreover, this is the first report on the molecular detection of CAdV-2 in European golden jackals.",,Wright et al,WOS:000277863700007,"[""Animalia""]","[""Chordata""]","[""Mammalia""]","[""Carnivora""]","[""Meles meles""]","[""Meles""]"
Influence of black-tailed prairie dog towns (Cynomys ludovicianus) on carnivore distributions in the Oklahoma Panhandle,"Carnivores were recorded at prairie dog towns kind non-prairie dog town paired sites in the Oklahoma Panhandle over 4 sampling sessions from October 1995 to February 1997. We established carnivore presence through the use of baited tracking plates dusted with chalk and matched with infrared-triggered cameras. Five carnivore species were recorded at both prairie clog towns and paired sites across the Oklahoma Panhandle. Of these, 4 were recorded with sufficient regularity to permit analyses, Carnivores were analyzed at prairie dog towns across the entire Panhandle and in the Panhandle's westernmost county (Cimarron County) only Canids showed no significant preference for prairie dog towns or other areas. In the Oklahoma Panhandle and Cimarron County only. occurrence of swift fox (Vulpes velox) between prairie dog towns and control sites was insignificant. Badgers (Taxidea taxus) and spotted skunks (Spilogale putorius) occurred significantly more often at prairie dog towns in Cimarron County but not in the Panhandle. No single mustelid species showed a significant association with either prairie dog towns or non-prairie dog town habitats. Our results indicate that whereas prairie dog towns do attract some carnivore species, the presumption that prairie dogs are keystone species for so many organisms (especially threatened or endangered species) in the current plains ecosystem may not be as clear as previously thought.",,Wright et al,WOS:000221395500005,"[""Animalia""]","[""Chordata""]","[""Mammalia""]","[""Carnivora""]","[""Taxidea taxus""]","[""Taxidea""]"
A protozoal-associated epizootic impacting marine wildlife: Mass-mortality of southern sea otters (Enhydra lutris nereis) due to Sarcocystis neurona infection,"During April 2004,40 sick and dead southern sea otters (Enhydra lutris nereis) were recovered over 18 km of coastline near Morro Bay, California. This event represented the single largest monthly spike in mortality ever recorded during 30 years of southern sea otter stranding data collection. Because of the point-source nature of the event and clinical signs consistent with severe, acute neurological disease, exposure to a chemical or marine toxin was initially considered. However, detailed postmortem examinations revealed lesions consistent with an infectious etiology, and further investigation confirmed the protozoan parasite Sarcocystis neurona as the underlying cause. Tissues from 94% of examined otters were PCR-positive for S. neurona, based on DNA amplification and sequencing at the ITS-1 locus, and 100% of tested animals (n = 14) had elevated IgM and IgG titers to S. neurona. Evidence to support the point-source character of this event include the striking spatial and temporal clustering of cases and detection of high concentrations of anti-S. neurona IgM in serum of stranded animals. Concurrent exposure to the marine biotoxin domoic acid may have enhanced susceptibility of affected otters to S. neurona and exacerbated the neurological signs exhibited by stranded animals. Other factors that may have contributed to the severity of this epizootic include a large rainstorm that preceded the event and an abundance of razor clams near local beaches, attracting numerous otters close to shore within the affected area. This is the first report of a localized epizootic in marine wildlife caused by apicomplexan protozoa. (C) 2010 Elsevier B.V. All rights reserved.",10.1016/j.vetpar.2010.05.019,Wright et al,WOS:000281989700002,"[""Animalia""]","[""Chordata""]","[""Mammalia""]","[""Carnivora""]","[""Enhydra lutris""]","[""Enhydra""]"
Habitat use and spatial behaviour of the endangered Southern river otter (Lontra provocax) in riparian habitats of Chile:: Conservation implications,"The spatial behaviour of 10 Southern river otters Lontra provocax was analysed using radio-tracking data collected in the Queule River, Southern Chile. The estimated otter density was 0.25 individuals km(-1). Females with cubs and adult otters displaying mating behaviours were the only social group recorded. Studied otters were solitary and observed behaviour patterns suggest an intrasexual territoriality. No home range overlap among males existed while an average of 33% and 87% home range overlapped among females and between sexes, respectively In the situation of core areas, only one case of overlapping between an adult male and an adult female was observed. Average home range and core area lengths were 11.3 km and 0.9 km, respectively. Otters used rivers more frequently than expected, whereas they avoided small streams. Low intensity livestock farming, without canalization of watercourses and riparian vegetation extraction practices, seems compatible with the presence of Southern river otter populations since the spatial behaviour of the studied otters was not affected under these circumstances. Based on the present official reserve sizes and distribution within the country, and also the increase of variant anthropogenic land uses outside these areas that result with consequent habitat loss and deterioration, we strongly recommend considering the importance of spatial dimension in quantity and quality habitats in further conservation planning for the Southern river otter using an integrated catchment management. (c) 2007 Elsevier Ltd. All rights reserved.",10.1016/j.biocon.2007.08.026,Wright et al,WOS:000251210800013,"[""Animalia""]","[""Chordata""]","[""Mammalia""]","[""Carnivora""]","[""Lontra provocax""]","[""Lontra""]"
"Genetic variability of wolverines (Gulo gulo) from the Northwest Territories, Canada: Conservation implications","Because of anthropogenic factors in the early 1900s that caused populations to decline dramatically. wolverines (Gula gulo) currently are designated as endangered in eastern Canada and classified as vulnerable throughout the Holarctic Region by the international Union for Conservation of Nature and Natural Resources. Although numerous examples exist that illustrate the utility of genetic data for development of conservation plans, no study has investigated the genetic structure of natural populations of wolverines. We assessed allozymic and mitochondrial DNA (mtDNA) variability of wolverines within and among 5 sites from the Northwest Territories, Canada. Five of 46 presumptive allozyme loci were polymorphic. Estimates of heterozygosity (2.6%) and polymorphism (11.6%) were lower than values reported for most mammals but were within the range reported for Carnivora. To evaluate levels of variation in mtDNA, we sequenced the left domain of the control region. Six variable nucleotide sites were observed, resulting in 9 haplotypes of mtDNA. Within-site diversity of haplotypes (h) was high, but within-site diversity of nucleotides (ni was low, indicating little sequence divergence among the 9 haplotypes. Sequence data for mtDNA revealed considerably more genetic partitioning among sites (phi(ST) = 0.536) than did allozyme data (F-ST = 0.076). Based on fixation indices, gene flow estimates Nm) were moderate for nuclear markers but low for mtDNA loci. These findings suggest that, although wolverines maintain large home ranges, they exhibit fidelity to discrete areas, gene flow is predominantly male-mediated, and most sites in the Northwest Territories are genetically independent and thus represent populations. Therefore, any conservation plan for wolverines in the Northwest Territories must consider preservation of populations if genetic diversity of this taxon is to be maintained.",10.1644/1545-1542(2000)081<0186:GVOWGG>2.0.CO;2,Wright et al,WOS:000085435500017,"[""Animalia""]","[""Chordata""]","[""Mammalia""]","[""Carnivora""]","[""Gulo gulo""]","[""Gulo""]"
"Genetic structure of Eurasian otter (Lutra lutra, Carnivora: Mustelidae) populations from the western Baltic sea region and its implications for the recolonization of north-western Germany","We analysed 229 Eurasian otters from eastern and north-western Germany, Denmark and southern Sweden based on sequences of the mtDNA control region and genotypes at 12 polymorphic nuclear microsatellite loci. The main focus of the study lay on the north-west German otters from Schleswig-Holstein, which represent a newly established and expanding population recolonizing a formerly inhabited region, thereby closing the distributional gap between the large eastern population and the long-isolated and genetically depleted Danish population. As found before in this species, mtDNA variability was very low but we identified a hitherto unknown haplotype in Sweden. Expected heterozygosities were between 0.46 and 0.69 and thus within the range known from the literature. There were only weak signs of a founder effect in the Schleswig-Holstein otters with respect to allelic diversity (but not heterozygosity). Nevertheless, there was a statistically significant bottleneck signal based on deviations from mutation-drift equilibrium in Schleswig-Holstein. All statistical approaches (amovas, factorial correspondence analysis, assignment tests and Bayesian structure analysis) unequivocally showed that north-western Germany has so far been predominantly recolonized by otters of east German origin, but we also found evidence of admixture through immigration from Denmark. Both the Danish and the north-west German otter population will benefit from further exchange in the wake of the ongoing range expansion.Zusammenfassung Insgesamt 229 Fischotter aus dem Osten und Nordwesten Deutschlands sowie aus Danemark und Sudschweden wurden auf der Basis von Sequenzen der mitochondrialen Kontrollregion und Genotypen an 12 polymorphen nuklearen Mikrosatellitenloci populationsgenetisch untersucht. Hauptaugenmerk lag auf dem Bestand in Schleswig-Holstein, der in jungster Zeit neu etabliert wurde und sich weiterhin ausbreitet. Damit schlie ss t dieser die Verbreitungslucke zwischen der gro ss en Population im Osten und den lange isolierten und genetisch verarmten Ottern in Danemark. Im Einklang mit fruheren Studien war die Variabilitat des mitochondrialen Markers sehr gering; es wurde jedoch ein bisher unbekannter Haplotyp in Schweden nachgewiesen. Die erwartete Heterozygotie lag mit Werten zwischen 0.46 und 0.69 im fur Fischotter ublichen Bereich. Es gab schwache Anzeichen eines Grundereffektes fur Schleswig-Holstein in Bezug auf Alleldiversitat, nicht jedoch Heterozygotie. Dennoch war ein Bottleneck-Test basierend auf Abweichungen vom Mutationsdrift-Gleichgewicht fur Schleswig-Holstein statistisch signifikant. Alle statistischen Verfahren (amovas, FCA, Assignment-Tests und Bayesianische Structure-Analyse) zeigten, dass Nordwestdeutschland bisher uberwiegend vom Osten her wiederbesiedelt wird, doch wurden auch genetische Spuren einer Immigration aus Danemark gefunden. Sowohl die danische als auch die nordwestdeutsche Fischotterpopulation werden von einem weiteren genetischen Austausch im Zuge der gegenwartigen Ausbreitung profitieren.",10.1111/j.1439-0469.2010.00582.x,Wright et al,WOS:000289157300009,"[""Animalia""]","[""Chordata""]","[""Mammalia""]","[""Carnivora""]","[""Lutra lutra""]","[""Lutra""]"
"Carnivore conservation planning on Borneo: identifying key carnivore landscapes, research priorities and conservation interventions","Borneo harbours more endemic carnivores than does any other island in the world except Madagascar, and almost half of the Bornean carnivore species have been classified by The IUCN Red List of Threatened Species as globally threatened. Here, a systematic conservation planning framework highlighted key carnivore landscapes, conservation research and intervention priorities, and gaps in current knowledge of Bornean carnivore ecology. All single-species predictive habitat suitability index (HSI) models presented in this issue (20 species, comprising all carnivores on Borneo except otters [Lutrinae] and sun bear Helarctos malayanus) were standardised by converting HSI values into binary maps, and combined to derive species richness maps to discuss and delineate areas of conservation priority. The highest predicted carnivore species richness (defined here as the sum of the binary threshold maps), corresponds to interior lowland, upland and lower montane forest, whereas areas with lowest predicted species richness correspond to coastal lowlands already largely converted to oil palm plantations. The 12 proposed areas of conservation importance for carnivores focus on large landscapes and connectivity between subunits, many centred around the tri-national Heart of Borneo initiative, with additional areas for wetland/lowland species. A large proportion of these proposed conservation landscapes are being exploited for commercial purposes (e.g., logging concessions) and would, therefore, improve in conservation value if their management became more sustainable. The most important research priorities for Bornean carnivores are species resilience to altered and fragmented landscapes; under-surveyed regions; and the effects and relative intensity of hunting across the island. The most pressing conservation interventions include conservation research on the most threatened Bornean carnivores: the Bornean ferret badger Melogale everetti and Hose's civet Diplogale hosei (highland endemics), and the flat-headed cat Prionailurus planiceps and otter civet Cynogale bennettii (wetland specialists). Targeted conservation research and integration of research findings into decision-making, maintaining and restoring connectivity, raising awareness and improving enforcement and governance are also important conservation interventions. Although more resources are needed for conservation and research, the joint effort of scientists, conservationists and government authorities in the identification of key carnivore landscapes, research priorities and conservation issues which this study presents raises hope that more targeted conservation efforts for Bornean carnivores will follow in the future.",,Wright et al,WOS:000393214300024,"[""Animalia""]","[""Chordata""]","[""Mammalia""]","[""Carnivora""]","[""Aonyx cinereus"", ""Lutra lutra"", ""Lutra sumatrana"", ""Lutrogale perspicillata""]","[""Aonyx"", ""Lutra"", ""Lutrogale""]"
"Bushmeat hunting in Dwesa and Cwebe Nature Reserves, Eastern Cape, South Africa","Reports of bushmeat hunting as a threatening process are almost entirely restricted to tropical biomes and developing countries. Mammalian fauna within South Africa's fenced reserves could be considered immune to such threats; however, there has been no study testing this. Transects were conducted throughout the fenced, temperate coastal indigenous forested reserves of Dwesa and Cwebe to detect sign (observations, footprints, faeces) of medium and large mammals, and evidence of poaching (snares, human footprints, bullet cartridges). I used generalized linear models of relative abundance data to identify the most likely causes of population decline and presence/absence data to identify the most likely causes of local extinction. Two of the largest mammals (white rhinoceros, Ceratotherium simum and eland, Tragelaphus oryx, were the only species that had distance to the reserve boundary (and hunting humans) as the most important factors affecting their distribution; however, three other ungulates avoided humans (avoided reserve boundary or roads). Highly unusual habitat use (forest restriction) was observed for several normally grassland inhabitants, illustrating the perceived risks associated with open habitats. This study illustrates that bushmeat hunting is not a threat restricted to the Third World tropics and that conservation areas require monitoring, as well as fencing, to ensure poaching does not threaten wildlife.",10.3957/056.039.0108,Benitez lopez et al,WOS:000269692700008,"[""Animalia""]","[""Chordata""]","[""Aves""]","[""Carnivores"", ""Primates"", ""Cetartiodactyla"", ""Rodentia"", ""Perissodactyla""]","[""Atilax paludinosus"", ""Chlorocebus aethiops"", ""Connochaetes taurinus"", ""Cryptomys hottentotus and Amblysomus hottentotus"", ""Equus quagga"", ""Genetta tigrina"", ""Philantomba monticola"", ""Potamochoerus larvatus"", ""Sylvicapra grimmia"", ""Tragelaphus scriptus"", ""Ceratotherium simum"", ""Hystrix africaeaustralis"", ""Tragelaphus oryx""]",
Mitigating Highways for a Ghost: Data Collection Challenges and Implications for Managing Wolverines and Transportation Corridors,"Research provides transportation agencies with evidence-based data to guide the planning and design of crossing structures that effectively link critical habitats and populations. To date, research has focused on a range of mammal species. However, for rare-occurring, wide-ranging species such as wolverines (Gulo gulo), collecting the required information can be challenging. Highway crossing structures have been recommended as a conservation strategy for wolverines in the northern U.S. Rocky Mountains. However, there is virtually no information describing wolverine response to crossing mitigation. I describe 15 years of continuous year-round monitoring (1996-2012) of wolverine response to highway mitigation in Banff National Park, Alberta. Crossing structures were monitored using track pads and cameras. Wolverines were detected using crossing structures 10 times. Nine crossings occurred at wildlife underpasses and one at a wildlife overpass. The first detected passage occurred in 2005. Three crossings were recorded during the same crossing check in 2010 and 2011, suggesting use by the same individual of the structures. Few conclusions can be drawn regarding the attributes of crossing structures that facilitate passage of wolverines. Given the scarcity of crossing structures within wolverine range, it will be difficult to collect sufficient information in the short term for this rare and elusive species. Given the proposal to list wolverines under the Endangered Species Act, transportation departments and land managers should begin proactively identifying critical habitat linkages across highways in wolverine range and opportunities for highway mitigation in the short and long term.",10.3955/046.087.0307,Wright et al,WOS:000325271800005,"[""Animalia""]","[""Chordata""]","[""Mammalia""]","[""Carnivora""]","[""Gulo gulo""]","[""Gulo""]"
Freshwater availability and distribution of Cape clawless otter spraints and resting places along the south-west coast of South Africa,"This paper relates use of the marine habitat by Aonyx capensis, as shown by the use of resting and sprainting sites, to the presence or absence of fresh water. This paper tests the null hypothesis that spraints and couches of A. capensis are randomly distributed with regard to freshwater availability. Dependence on freshwater sources by coastal A. capensis has important conservation implications. Reduced stream flow or seasonal drying up of sources, resulting from increased human activities, can negatively affect continued otter occurrence along a coastline. Occurrence of spraints, couches and resting places along the south-west coast, South Africa, was found to be closely tied to freshwater sources. It is hypothesised from the results of this study that A. capensis, like the Eurasian otter Lutra lutra, needs fresh water to use marine habitats. The results indicate that monitoring freshwater points along similar coasts would indicate whether otters were present in the general area or not - a time-saving method of determining otter distribution on a large scale. Monitoring only mouths of rivers is possible, as most spraints and couches were located very close to fresh water.",,Wright et al,WOS:000076522300002,"[""Animalia""]","[""Chordata""]","[""Mammalia""]","[""Carnivora""]","[""Aonyx capensis""]","[""Aonyx""]"
Climate change is predicted to negatively influence Moroccan endemic reptile richness. Implications for conservation in protected areas,"The identification of species-rich areas and their prognosticated turnover under climate change are crucial for the conservation of endemic taxa. This study aims to identify areas of reptile endemicity richness in a global biodiversity hot spot (Morocco) under current and future climatic conditions and to investigate the role of protected areas in biodiversity conservation under climate change. Species distribution models (SDM) were performed over the distribution of 21 endemic reptiles, combined to estimate current species richness at 1 x 1 km resolution and projected to years 2050 and 2080 according to distinct story lines and ensemble global circulation models, assuming unlimited and null dispersion ability. Generalized additive models were performed between species richness and geographic characteristics of 43 protected areas. SDM found precipitation as the most important factor related to current species distributions. Important reductions in future suitable areas were predicted for 50 % of species, and four species were identified as highly vulnerable to extinction. Drastic reductions in species-rich areas were predicted for the future, with considerable variability between years and dispersal scenarios. High turnover rates of species composition were predicted for eastern Morocco, whereas low values were forecasted for the Northern Atlantic coast and mountains. Species richness for current and future conditions was significantly related to the altitude and latitude of protected areas. Protected areas located in mountains and/or in the Northern Atlantic coast were identified as refugia, where population monitoring and conservation management is needed.",10.1007/s00114-013-1088-4,Urban et al,WOS:000323670800008,"[""Animalia""]","[""Chordata""]",,,,
"Pathological findings in the red fox (Vulpes vulpes), stone marten (Martes foina) and raccoon dog (Nyctereutes procyonoides), with special emphasis on infectious and zoonotic agents in Northern Germany","Anthropogenic landscape changes contributed to the reduction of availability of habitats to wild animals. Hence, the presence of wild terrestrial carnivores in urban and peri-urban sites has increased considerably over the years implying an increased risk of interspecies spill-over of infectious diseases and the transmission of zoonoses. The present study provides a detailed characterisation of the health status of the red fox (Vulpes vulpes), stone marten (Martes foina) and raccoon dog (Nyctereutes procyonoides) in their natural rural and peri-urban habitats in Schleswig-Holstein, Germany between November 2013 and January 2016 with focus on zoonoses and infectious diseases that are potentially threatening to other wildlife or domestic animal species. 79 red foxes, 17 stone martens and 10 raccoon dogs were collected from traps or hunts. In order to detect morphological changes and potential infectious diseases, necropsy and pathohistological work-up was performed. Additionally, in selected animals immunohistochemistry (influenza A virus, parvovirus, feline leukemia virus, Borna disease virus, tick-borne encephalitis, canine adenovirus, Neospora caninum, Toxoplasma gondii and Listeria monocytogenes), next-generation sequencing, polymerase chain reaction (fox circovirus) and serum-neutralisation analysis (canine distemper virus) were performed. Furthermore, all animals were screened for fox rabies virus (immunofluorescence), canine distemper virus (immunohistochemistry) and Aujeszky's disease (virus cultivation). The most important findings included encephalitis (n = 16) and pneumonia (n = 20). None of the investigations revealed a specific cause for the observed morphological alterations except for one animal with an elevated serum titer of 1:160 for canine distemper. Animals displayed macroscopically and/or histopathologically detectable infections with parasites, including Taenia sp., Toxocara sp. and Alaria alata. In summary, wildlife predators carry zoonotic parasitic disease and suffer from inflammatory diseases of yet unknown etiology, possibly bearing infectious potential for other animal species and humans. This study highlights the value of monitoring terrestrial wildlife following the One Health notion, to estimate the incidence and the possible spread of zoonotic pathogens and to avoid animal to animal spillover as well as transmission to humans.",10.1371/journal.pone.0175469,Wright et al,WOS:000399949000042,"[""Animalia""]","[""Chordata""]","[""Mammalia""]","[""Carnivora""]","[""Martes foina""]","[""Martes""]"
Genotypic and phenotypic consequences of reintroduction history in the black-footed ferret (Mustela nigripes),"Population augmentation with translocated individuals has been shown to alleviate the effects of bottlenecks and drift. The first step to determine whether restoration for genetic considerations is warranted is to genetically monitor reintroduced populations and compare results to those from the source. To assess the need for genetic restoration, we evaluated genetic diversity and structure of reintroduced (n = 3) and captive populations of the endangered black-footed ferret (Mustela nigripes). We measured genotypic changes among populations using seven microsatellite markers and compared phenotypic changes with eight morphometric characters. Results indicated that for the population which rapidly grew post-reintroduction, genetic diversity was equivalent to the captive, source population. When growth languished, only the population that was augmented yearly maintained diversity. Without augmentation, allelic diversity declined precipitously and phenotypic changes were apparent. Ferrets from the genetically depaupertate population had smaller limbs and smaller overall body size than ferrets from the two populations with greater diversity. Population divergence (F-ST = 0.10 +/- 0.01) was surprisingly high given the common source of populations. Thus, it appears that 5-10 years of isolation resulted in both genotypic divergence and phenotypic changes to populations. We recommend translocation of 30-40 captive individuals per annum to reintroduction sites which have not become established quickly. This approach will maximize the retention of genetic diversity, yet maintain the beneficial effects of local adaptation without being swamped by immigration.",10.1007/s10592-007-9351-x,Wright et al,WOS:000254242400014,"[""Animalia""]","[""Chordata""]","[""Mammalia""]","[""Carnivora""]","[""Mustela nigripes""]","[""Mustela""]"
Exposure of stone marten (Martes foina) and polecat (Mustela putorius) to anticoagulant rodenticides: Effects of regulatory restrictions of rodenticide use,"When anticoagulant rodenticides (ARs) are used to control rodent populations there is also a widespread secondary exposure of non-target predators to ARs. To reduce secondary exposure, regulatory restrictions in AR usage were tightened in Denmark in 2011. The restrictions included the cessation of AR use for plant protection and any use away from buildings, as well as limitations in private consumers' access to ARs. To quantify and evaluate the efficiency of the regulatory measures to reduce secondary exposure, we analysed ARs in liver tissue from 40 stone martens (Martes foina) and 40 polecats (Mustela putorius) collected before and 31 stone martens and 29 polecats collected after the restrictions were imposed. No declines in the prevalence ARs were detected following the regulatory restrictions in either stone marten (Before: 98%, After: 100%) or polecat (Before: 93%, After: 97%). The total AR concentration was higher in stone martens than in polecats in both sampling periods. Between the two sampling periods, the total AR concentrations in the mustelids increased (P < 0.001). The increase was significant for stone marten (Before: 419 ng/g ww, After: 1116 ng/g ww, P < 0.001), but not for polecat (Before: 170 ng/g ww, After: 339 ng/g ww). Overall, the total AR concentration was positively correlated to the urban area and the area used for Christmas tree production in which ARs were regularly used before 2011. The regulatory restrictions in AR usage did not reduce exposure of non-target stone martens and polecats. The temporal and spatial patterns of AR concentrations in predators indicate that chemical rodent control in and around buildings is the dominant source for the exposure of non-target predators in intensively human-dominated landscapes in Denmark. The results suggest that non-chemical methods for rodents control at buildings are necessary to prevent widespread secondary AR exposure of predators in human modified landscapes. (C) 2017 Elsevier B.V. All rights reserved.",10.1016/j.scitotenv.2017.09.034,Wright et al,WOS:000413313700133,"[""Animalia""]","[""Chordata""]","[""Mammalia""]","[""Carnivora""]","[""Martes foina"", ""Mustela putorius""]","[""Martes"", ""Mustela""]"
Differential resilience of Amazonian otters along the Rio Negro in the aftermath of the 20th century international fur trade,"Commercial hunting for the international trade in animal hides in the 20th century decimated many populations of aquatic wildlife in Amazonia. However, impacts varied significantly between different species and regions, depending upon hunting intensity, accessibility of habitat, and the inherent resilience of various species and their habitats. We investigated the differential responses of two Amazonian Mustelid species, the neotropical otter and giant otter, to commercial hunting pressure along the upper Rio Negro in Brazil, and examined historical factors that influenced spatial and temporal variation in commercial exploitation. We analyzed previously unanalyzed data from historical records of hide shipments to track changes in hide sales and prices for the two species in the late 20th century. We also gathered oral histories from older Baniwa people who had witnessed or participated in commercial otter hunting. These complimentary data sources reveal how intrinsic biological and social characteristics of the two otter species interacted with market forces and regional history. Whereas giant otter populations were driven to local or regional extinction during the late 20th century by commercial hunting, neotropical otters persisted. In recent decades, giant otter populations have returned to some parts of the upper Rio Negro, a development which local people welcome as part of a generalized recovery of the ecosystems in their territory as a result of the banning of animal pelt exports and indigenous land demarcation. This paper expands the scope of the field historical ecology and reflects on the role of local knowledge in biodiversity conservation.",10.1371/journal.pone.0193984,Wright et al,WOS:000428845900003,"[""Animalia""]","[""Chordata""]","[""Mammalia""]","[""Carnivora""]","[""Lontra longicaudis"", ""Pteronura brasiliensis""]","[""Lontra"", ""Pteronura""]"
Patterns of growth and body condition in sea otters from the Aleutian archipelago before and after the recent population decline,"1. Growth models for body mass and length were fitted to data collected from 1842 sea otters Enhydra lutris shot or live-captured throughout south-west Alaska between 1967 and 2004. Growth curves were constructed for each of two main year groups: 1967-71 when the population was at or near carrying capacity and 1992-97 when the population was in steep decline. Analyses of data collected from animals caught during 2004, when the population density was very low, were precluded by a small sample size and consequently only examined incidentally to the main growth curves. 2. Growth curves demonstrated a significant increase in body mass and body length at age in the 1990s. Asymptotic values of body mass were 12-18% higher in the 1990s than in the 1960s/70s, and asymptotic values for body length were 10-11% higher between the same periods. Data collected in 2004 suggest a continued increase in body size, with nearly all data points for mass and length falling significantly above the 1990s growth curves. 3. In addition to larger asymptotic values for mass and length, the rate of growth towards asymptotic values was more rapid in the 1990s than in the 1960s/70s: sea otters reached 95% of asymptotic body mass and body length 1-2 years earlier in the 1990s. 4. Body condition (as measured by the log mass/log length ratio) was significantly greater in males than in females. There was also an increasing trend from the 1960s/70s through 2004 despite much year-to-year variation. 5. Population age structures differed significantly between the 1960s/70s and the 1990s with the latter distribution skewed toward younger age classes (indicating an altered l(x) function) suggesting almost complete relaxation of age-dependent mortality patterns (i.e. those typical of food-limited populations). 6. This study spanned a period of time over which the population status of sea otters in the Aleutian archipelago declined precipitously from levels at or near equilibrium densities at some islands in the 1960s/70s to < 5% of estimated carrying capacity by the late 1990s. The results of this study indicate an improved overall health of sea otters over the period of decline and suggest that limited nutritional resources were not the cause of the observed reduced population abundance. Our findings are consistent with the hypothesis that the decline was caused by increased killer whale predation.",10.1111/j.1365-2656.2006.01117.x,Wright et al,WOS:000238486600015,"[""Animalia""]","[""Chordata""]","[""Mammalia""]","[""Carnivora""]","[""Enhydra lutris""]","[""Enhydra""]"
Climate warming and the rainforest birds of the Australian Wet Tropics: Using abundance data as a sensitive predictor of change in total population size,"Global average surface temperatures have increased rapidly over the last 100 years and there is accumulating evidence that climate change is already causing shifts in species' distributions. We use extensive abundance data and expected range shifts across altitudinal gradients to predict changes in total population size of rainforest birds of Australian tropical rainforests in response to climate warming. According to our most conservative model scenario, 74% of rainforest birds of north-eastern Australia are predicted to become threatened (including 26 critically endangered species) as a result of projected mid-range warming expected within the next 100 years. Extinction risk varies according to where along the altitudinal gradient a species is currently most abundant. Upland birds are most affected and are likely to be immediately threatened by even small increases in temperature. In contrast, there is a capacity for the population size of lowland species to increase, at least in the short term. We conclude that abundance data collected across climatic gradients will be fundamental to gaining an understanding of population size change associated with climate warming. (c) 2005 Elsevier Ltd. All rights reserved.",10.1016/j.biocon.2005.04.003,Urban et al,WOS:000230357900006,"[""Animalia""]","[""Chordata""]","[""Aves""]",,,
Geographic characteristics of sable (Martes zibellina) distribution over time in Northeast China,"Understanding historical context can help clarify the ecological and biogeographic characteristics of species population changes. The sable (Martes zibellina) population has decreased dramatically in Northeast China since the l950s, and understanding the changes in its distribution over time is necessary to support conservation efforts. To achieve this goal, we integrated ecological niche modeling and historical records of sables to estimate the magnitude of change in their distribution over time. Our results revealed a 51.71% reduction in their distribution in 2000-2016 compared with the potential distribution in the 1950s. This reduction was related to climate change (Pearson's correlation: Bio1, -.962, p<.01; Bio2, -.962, p<.01; Bio5, .817, p<.05; Bio6, .847, p<.05) and human population size (-.956, p<.01). The sable population tended to migrate in different directions and elevations over time in different areas due to climate change: In the Greater Khingan Mountains, they moved northward and to lower elevations; in the Lesser Khingan Mountains, they moved northward; and in the Changbai Mountains, they move southward and to higher elevations. Active conservation strategies should be considered in locations where sable populations have migrated or may migrate to.",10.1002/ece3.2983,Wright et al,WOS:000403273000037,"[""Animalia""]","[""Chordata""]","[""Mammalia""]","[""Carnivora""]","[""Martes zibellina""]","[""Martes""]"
Edge-core effects and the effectiveness of traditional reserves in conservation: Eurasian badgers in Donana National Park,"High rates of human-mediated mortality on animals are frequently reported inside protected areas, especially near their borders, so the overall effect of reserves on animal conservation is not usually known. To determine the effect of a traditional reserve (Donana National Park southwestern Spain) on the Eurasian badger (Meles meles), a medium sized carnivore, we studied mortality causes and rates, with the aid of radiotelemetry, in two populations inside the reserve, one closer to the border than the other. Human-related mortality (poaching and road kills) was by far the most common cause of mortality (85% of deaths recorded). The average annual mortality rate due to poaching was high (0.48 +/- 0.08) for the population close to the border of the park whereas none of the radiomarked badgers in the core of the reserve died during the study period A logistic model that included distance from the border of the park, sampling effort, and the local area (i.e., edge and core populations) indicated that the difference between both sites was due to the effect of distance from the border on survival probability. On a regional scale, badger density at the core of the park was 3.16 times higher than outside. Overall, the effect of the reserve was positive, but edge effects reduced reserve effectiveness by 36%. Edge effects in close proximity of the border were strong, reducing badger density even below the expected density outside the reserve. Edge effects should be considered carefully when reserves are implemented because they can greatly reduce reserve effectiveness and influence the viability of the populations inside. Enlargement of reserves and control of human activities that promote edge effects, both inside and outside the reserve, are the two management actions that can most effectively mitigate edge effects.",10.1046/j.1523-1739.2001.99431.x,Wright et al,WOS:000167170400017,"[""Animalia""]","[""Chordata""]","[""Mammalia""]","[""Carnivora""]","[""Meles meles""]","[""Meles""]"
Toward sustainable ecosystem services from the Aleutian Archipelago,"The new research reported in this special issue of Fisheries Oceanography expands our understanding of the Aleutian Archipelago ecosystem. Yet our knowledge remains very limited, while the use of this ecosystem for commercial activities, recreation and other purposes expands. Given this situation, how can we sustain the ecosystem services (food, fuel, fibers as well as spiritual, recreational, educational and other non-material benefits to society) of this region? The region has a mixed history; healthy populations of many species exist, but so do species extinctions (e.g. Steller sea cow, Hydrodamalis gigas) and population depletions, including the sea otter (Enhydra lutris), Steller sea lion (Eumetopias jubatus), whiskered auklets (Aethia pygmaea), Pacific ocean perch (Sebastes alutus), and red king crabs (Paralithodes camtschaticus), associated with human impacts. The solution to our limited knowledge in this poorly studied region is increased funding for ecosystem research, including its responses to climate change and human impacts. Knowledge is not sufficient, however; a change in management approach is also needed. We emphasize the need to maintain a broader set of ecosystem services objectives rather than the traditional narrower focus on commercial fishery yields. To do so, we recommend the development of an integrated ecosystem services management plan for the Aleutian Islands. Such a plan requires that state and federal regulatory agencies coordinate with a broad stakeholder community involving sectors of commercial and recreational fishing, subsistence, conservation, oil and gas development, coastal development, shipping, tourism, and others.",10.1111/j.1365-2419.2005.00377.x,Wright et al,WOS:000232149300018,"[""Animalia""]","[""Chordata""]","[""Mammalia""]","[""Carnivora""]","[""Enhydra lutris""]","[""Enhydra""]"
Studies of bioaccumulation and biotransformation of PCBs in mustelids based on concentration and congener patterns in predators and preys,"Bioaccumulation of non-, mono-, and di-ortho-substituted chlorobiphenyls (CBs) was investigated in four species of mustelids (weasel, stoat, polecat, and otter) and their preys, from a restricted area in the northern part of The Netherlands. Diets of these mustelids ranged from terrestrial (weasel, stoat, and polecat) to aquatic (otter). Diet-specific biomagnification factors (BMFs), CB in diet relative to CB in mustelids, were calculated for the sum of 28 congeners (Sigma CB), for the sum of the toxic equivalent concentration (Sigma TEQ) and on an individual congener basis. Biotransformation was studied in relation to structural CB properties (vicinal H-atom substitution). In addition, the methylsulphonyl CB-metabolites were determined. The concentration of CCB on lipid weight basis increased in the order weasel < stoat < polecat < otter. On the basis of Sigma TEQ, the order changed to weasel < polecat < stoat < otter. Most of the differences in BMFs between the CBs could be explained by the vicinal H-atom structure-activity rules. For all mustelids, the lowest BMFs were found for congeners with vicinal H-atoms in the meta, para position. Indications were found that all mustelid species can metabolize these congeners. For some of the CBs, their methylsulphonyl-CB metabolites were determined and found to be present in concentrations up to 350-fold higher than those of the parent compounds. In addition, the non-ortho CBs 126 and 169 are selectively retained in the liver of weasel, stoat, and otter. These CBs had the highest BMFs of all congeners. However, rather surprisingly, in polecat the highest BMFs were found for di-ortho-substituted CBs. This animal was able to metabolize all congeners with vicinal H-atoms in the ortho and meta position (non- and mono-ortho CBs). The information concerning the differences in bioaccumulation of CBs for closely related mustelid species increased the understanding of reported differences in PCB toxicity between mink and ferrets, and suggest that weasel, stoat, and otter are at least as sensitive to CBs as are mink, while polecats are less sensitive. As otter is exposed to much higher concentrations of CBs trough their diet than weasel and stoat, the toxic threat of CBs will be the greatest for this animal.",10.1007/s002449900428,Wright et al,WOS:000076716400014,"[""Animalia""]","[""Chordata""]","[""Mammalia""]","[""Carnivora""]","[""Mustela nivalis"", ""Mustela erminea"", ""Mustela putorius"", ""Lutra lutra""]","[""Mustela"", ""Lutra""]"
"Limited effects of a keystone species: trends of sea otters and kelp forests at the Semichi Islands, Alaska","otters are well known as a keystone species because of their ability to transform sea urchin-dominated communities into kelp-dominated communities by preying on sea urchins and thus reducing the intensity of herbivory. After being locally extinct for more than a century, sea otters re-colonized the Semichi Islands in the Aleutian Archipelago, Alaska in the early 1990s. Here, otter populations increased to about 400 individuals by 1994, but rapidly declined to about 100 by 1997. Roughly 7 yr after initial otter re-colonization, there were only marginal changes in sea urchin biomass, mean maximum test size, and kelp density. These small changes may be the first steps in the cascading effects on community structure typically found with the invasion of a keystone species. However, no wholesale change in community structure occurred following re-colonization and growth of the sea otter population. Instead, this study describes a transition state and identifies factors such as keystone species density and residence time that can be important in dictating the degree to which otter effects are manifested.",10.3354/meps199271,Wright et al,WOS:000088434300022,"[""Animalia""]","[""Chordata""]","[""Mammalia""]","[""Carnivora""]","[""Enhydra lutris""]","[""Enhydra""]"
Gene Transcript Profiling in Sea Otters Post-Exxon Valdez Oil Spill: A Tool for Marine Ecosystem Health Assessment,"Using a panel of genes stimulated by oil exposure in a laboratory study, we evaluated gene transcription in blood leukocytes sampled from sea otters captured from 2006-2012 in western Prince William Sound (WPWS), Alaska, 17-23 years after the 1989 Exxon Valdez oil spill (EVOS). We compared WPWS sea otters to reference populations (not affected by the EVOS) from the Alaska Peninsula (2009), Katmai National Park and Preserve (2009), Clam Lagoon at Adak Island (2012), Kodiak Island (2005) and captive sea otters in aquaria. Statistically, sea otter gene transcript profiles separated into three distinct clusters: Cluster 1, Kodiak and WPWS 2006-2008 (higher relative transcription); Cluster 2, Clam Lagoon and WPWS 2010-2012 (lower relative transcription); and Cluster 3, Alaska Peninsula, Katmai and captive sea otters (intermediate relative transcription). The lower transcription of the aryl hydrocarbon receptor (AHR), an established biomarker for hydrocarbon exposure, in WPWS 2010-2012 compared to earlier samples from WPWS is consistent with declining hydrocarbon exposure, but the pattern of overall low levels of transcription seen in WPWS 2010-2012 could be related to other factors, such as food limitation, pathogens or injury, and may indicate an inability to mount effective responses to stressors. Decreased transcriptional response across the entire gene panel precludes the evaluation of whether or not individual sea otters show signs of exposure to lingering oil. However, related studies on sea otter demographics indicate that by 2012, the sea otter population in WPWS had recovered, which indicates diminishing oil exposure.",10.3390/jmse4020039,Wright et al,WOS:000443615700011,"[""Animalia""]","[""Chordata""]","[""Mammalia""]","[""Carnivora""]","[""Enhydra lutris""]","[""Enhydra""]"
Landscape features in the habitat selection of European mink (Mustela lutreola) in south-western Europe,"Habitat change is one of the main factors influencing the decline of the western population of European mink Mustela lutreola, but data on habitat selection are scarce. Landscape features influencing selection of habitat and resting sites of male European mink were studied using radio-tracking. None of the habitat descriptors accounted for the habitat selection of European mink during their activity periods. On the other hand, resting site selection was correlated with the presence of bramble patches. Intensive use of bramble patches is explained as a consequence of the need of mink for protection against predators. Moreover, the high availability of bramble patches provides the mink with easy resting sites.",10.1017/S0952836903003881,Wright et al,WOS:000184908100009,"[""Animalia""]","[""Chordata""]","[""Mammalia""]","[""Carnivora""]","[""Mustela lutreola""]","[""Mustela""]"
Is polecat (Mustela putorius) diet affected by mediterraneity?,"Carnivores in Mediterranean ecosystems respond to the inherent heterogeneity of these systems by tracking the spatial and temporal availability of food resources. This feeding strategy, however, has been associated primarily with generalist carnivores and little is known for specialist species such as the European polecat. We collected polecat scat to determine the diet of this species, how it matches the seasonal availability of food resources, and how it is affected by population spatial structure and anthropogenic disturbance. Polecats were present in only 34% of the surveyed area and were clumped into three main population nuclei. Despite the spatial segregation of the populations, they had no significant differences in food items consumed. Polecats mostly fed on mammals (percentage of occurrence (P.O.)= 43%) and arthropods (P.O. = 49%). Biomass intake was also mostly from mammals (percentage of biomass (P.B.) = 96%), followed by birds (P.B. = 3%), with arthropods contributing less than 1%. Lagomorphs were the most consumed prey (P.O. = 25% and P.B. = 87%). which is consistent with the marked spatial overlap between scat with high content in lagomorphs and the areas with high wild rabbit availability. These results indicate that polecats are specialists in the consumption of wild rabbits, spatially track the availability of this prey, and may be affected by the decrease in abundance of the prey populations. Future conservation of polecats in Mediterranean regions of southern Portugal may be achieved through the restoration of hunted and diseased wild rabbit populations. (C) 2009 Deutsche Gesellschaft fur Saugetierkunde. Published by Elsevier GmbH. All rights reserved.",10.1016/j.mambio.2009.08.007,Wright et al,WOS:000271488600003,"[""Animalia""]","[""Chordata""]","[""Mammalia""]","[""Carnivora""]","[""Mustela putorius""]","[""Mustela""]"
Colonization history and noninvasive monitoring of a reestablished wolverine population,"The southern Norwegian wolverine (Gulo gulo) population was considered functionally extinct in the 1960s but has partly recovered in recent years. Proper management of this population is highly dependent on reliable estimates of critical population parameters such as population size, sex ratio, immigration rate, and reproductive contribution from immigrants. We report on a large-scale population monitoring project assessing these parameters through genetic tagging of individuals, with feces as the source of DNA. Sixty-eight different individuals were detected among 147 successfully genotyped samples collected in 2000 and 2001. Sixty of these individuals were represented in the 2001 sample, which may be considered a minimum estimate of the population size. Almost 50% of these animals were sampled only once, however, indicating that the true population size may be markedly higher. Accordingly, a capture-recapture estimate based on the observed resampling rates suggested a population size of 89 wolverines (95% confidence interval [CI] = 74-104), which is approximately 35% higher than an estimate of 64 obtained from the number of active natal dens (95% CI = 46-95; p = 0.08). Indirect estimates of dispersal distances inferred from mother-offspring relationships suggested that wolverine males have the ability to disperse up to 500 km, a distance exceeding anything previously reported in the literature. Dispersal distances of more than 100 km were detected for females. Bayesian clustering analysis and subsequent assessment of individual relationships suggest that immigrants from northern Scandinavia have contributed and still contribute to the southern Norwegian gene pool, counteracting genetic erosion and reducing the risk of inbreeding depression. Additional sampling efforts will be undertaken during the coming years to allow for observations of population trends, immigration rate, and reproductive variance among individuals. Such data will provide an important basis for the design of an appropriate conservation plan for this small and vulnerable population.",10.1111/j.1523-1739.2004.00328.x-i1,Wright et al,WOS:000221353300016,"[""Animalia""]","[""Chordata""]","[""Mammalia""]","[""Carnivora""]","[""Gulo gulo""]","[""Gulo""]"
Predicted impact of climate change on European bats in relation to their biogeographic patterns,"There has been considerable recent interest concerning the impact of climate change on a wide range of taxa. However, little is known about how the biogeographic affinities of taxa may affect their responses to these impacts. Our main aim was to study how predicted climate change will affect the distribution of 28 European bat species grouped by their biogeographic patterns as determined by a spatial Principal Component Analysis. Using presence-only modelling techniques and climatic data (minimum temperature, average temperature, precipitation, humidity and daily temperature range) for four different climate change scenarios (IPCC scenarios ranging from the most extreme A1FI, A2, B2 to the least severe, B1), we predict the potential geographic distribution of bat species in Europe grouped according to their biogeographic patterns for the years 2020-2030, 2050-2060 and 2090-2100. Biogeographic patterns exert a great influence on a species' response to climate change. Bat species more associated with colder climates, hence northern latitudes, could be more severely affected with some extinctions predicted by the end of the century. The Mediterranean and Temperate groups seem to be more tolerant of temperature increases, however, their projections varied considerably under different climate change scenarios. Scenario A1FI was clearly the most detrimental for European bat diversity, with several extinctions and declines in occupied area predicted for several species. The B scenarios were less damaging and even predicted that some species could increase their geographical ranges. However, all models only took into account climatic envelopes whereas available habitat and species interactions will also probably play an important role in delimiting future distribution patterns. The models may therefore generate 'best case' predictions about future changes in the distribution of European bats.",10.1111/j.1365-2486.2009.02021.x,Urban et al,WOS:000274419400007,"[""Animalia""]","[""Chordata""]","[""Mammalia""]",,,
"Reproduction, abundance, and population growth for a fisher (Pekania pennanti) population in the Sierra National Forest, California","In the west coast region of the United States, fishers (Pekania pennanti) exist in 2 remnant populations-1 in northern California and 1 in the southern Sierra Nevada, California-and 3 reintroduced populations (western Washington, southern Oregon, and northeastern California). The West Coast Distinct Population Segment of fishers encompassing all of these populations was proposed for listing as threatened by the U.S. Fish and Wildlife Service in October 2014. There are likely fewer than 500 total fishers in the southern Sierra Nevada population isolate, but empirical data on demographic rates, population size, and population growth are almost entirely lacking. Our goal was to estimate demographic parameters and current abundance of a fisher population at the north margin of the southern Sierra Nevada region. Radiocollared fishers were monitored from 2007 to 2013 to estimate survival and demographic rates, and camera traps were used to estimate population size based on detections of individual animals in a capture-mark-resight (CMR) framework. A Leslie matrix model was used to estimate a deterministic population growth rate (lambda). Fisher abundance ranged from 48 animals in 2010 to 62 animals in 2012, whereas mean population density varied from 0.075 to 0.096 fishers/km(2). Reproductive status was determined for 89 of 93 total denning opportunities; denning and weaning rates were estimated at 84% and 70%, and litter size was 1.6 kits. We documented 8 den failures, mostly associated with predator attacks. Demographic rates in the study population were comparable to reports from elsewhere in California or Oregon, but the CMR-based population density was the lowest reported in the United States. The estimated lambda for the population was 0.966 (range 0.786-1.155), which was in agreement with no indication of a positive or negative trend in population density. An encouraging result from sensitivity analyses was that minor improvements in fisher survival and fecundity, facilitated by proposed mitigation or management to reduce exposure to several agents of mortality, could improve lambda to 1.06-1.09 over the longer term. We believe that the combination of a population growth rate slightly below 1.0, small population size and low density, multiple challenges to survival and reproduction, and damage to habitat from wildfires warrants concern for the viability of the fisher population in our study area, which may extend to the overall southern Sierra Nevada population if lambda trends below 1.0 in other parts of the region. There is a need for continued monitoring and potential mitigation for threats to survival to assure continued presence of fishers in the southern Sierra Nevada, California.",10.1093/jmammal/gyv083,Wright et al,WOS:000360582700015,"[""Animalia""]","[""Chordata""]","[""Mammalia""]","[""Carnivora""]","[""Pekania pennanti""]","[""Pekania""]"
Adapting global conservation strategies to climate change at the European scale: The otter as a flagship species,"Climate change has created the need for new strategies in conservation planning that account for the dynamics of factors threatening endangered species. Here we assessed climate change threat to the European otter, a flagship species for freshwater ecosystems, considering how current conservation areas will perform in preserving the species in a climatically changed future. We used an ensemble forecasting approach considering six modelling techniques applied to eleven subsets of otter occurrences across Europe. We performed a pseudo-independent and an internal evaluation of predictions. Future projections of species distribution were made considering the A2 and B2 scenarios for 2080 across three climate models: CCCMA-CGCM2, CSIRO-MK2 and HCCPR HAD-CM3. The current and the predicted otter distributions were used to identify priority areas for the conservation of the species, and overlapped to existing network of protected areas. Our projections show that climate change may profoundly reshuffle the otter's potential distribution in Europe, with important differences between the two scenarios we considered. Overall, the priority areas for conservation of the otter in Europe appear to be unevenly covered by the existing network of protected areas, with the current conservation efforts being insufficient in most cases. For a better conservation, the existing protected areas should be integrated within a more general conservation and management strategy incorporating climate change projections. Due to the important role that the otter plays for freshwater habitats, our study further highlights the potential sensitivity of freshwater habitats in Europe to climate change. (C) 2011 Elsevier Ltd. All rights reserved.",10.1016/j.biocon.2011.03.027,Wright et al,WOS:000292661200002,"[""Animalia""]","[""Chordata""]","[""Mammalia""]","[""Carnivora""]","[""Lutra lutra""]","[""Lutra""]"
First report of a naturally patent infection with Dirofilaria immitis in an otter (Lutra lutra),"Dirofilaria immitis causes a severe and life-threatening cardio-pulmonary disease in Europe, Asia, Africa, and the Americas; also, zoonotic infections have been reported. This parasitic vector-borne disease is mostly common in domestic and wild canids and felids. Here, we present a rare finding of this roundworm in the heart of a Eurasian otter (Lutra lutra). Four mature specimens of D. immitis were found in the right ventricle of the heart. Necropsy was performed after the animal was found road-killed in Eastern Serbia, close to the Danube River. Two heartworms were females, one was male and sex for one remained unidentified. Microfilariae were present in the uterus of one of the female heartworms, indicating that otters can act as reservoirs of dirofilariasis in the wild. This is the first report of a patent infection in a free-ranging otter.",10.1007/s00436-018-5769-y,Wright et al,WOS:000426550800035,"[""Animalia""]","[""Chordata""]","[""Mammalia""]","[""Carnivora""]","[""Lutra lutra""]","[""Lutra""]"
Leopard prey choice in the Congo Basin rainforest suggests exploitative competition with human bushmeat hunters,"Analyses of leopard Panthera pardus prey choice reveal a strong preference for species weighing 10-40 kg. In the Congo Basin rainforests, species within this weight range are also targeted by bushmeat hunters, potentially leading to exploitative competition between leopards and hunters. We investigated leopard prey choice along a gradient of human disturbance, hypothesizing that leopards will exploit smaller prey where competition is strong, possibly resulting in reduced leopard densities at highly hunted sites. We determined leopard diet by means of scat analysis at four rainforest sites in central Gabon, which varied according to their distance from human settlements. Camera trap data collected at each of the four study sites revealed that human hunting intensity increased with proximity to settlements, while the abundance of potential leopard prey species decreased. We found no evidence of leopards at the site nearest to settlements. At the remaining sites, the number of scats collected, mean leopard prey weight and the proportion of large prey (420 kg) in leopard diet increased with distance from settlements. Camera trap data demonstrated that leopard population density increased with distance from settlements, from 2.7 perpendicular to 0.94 leopards/100 km(2) to 12.1 perpendicular to 5.11 leopards/100 km(2). Our results document an increasing use of smaller prey species and a decrease in leopard density in proximity to settlements, supporting our hypothesis. Comparison of leopard diet with hunter return data revealed a high dietary niche overlap between leopards and hunters at sites situated at similar distances from settlements. Our results suggest that bushmeat hunting may precipitate the decline in leopard numbers through exploitative competition and that intensively hunted areas are unlikely to support resident leopard populations. Conserving the leopard in the Congo Basin will rely on effective protected areas and alternative land",10.1111/j.1469-7998.2011.00826.x,Benitez lopez et al,WOS:000294170500002,"[""Animalia""]","[""Chordata""]","[""Aves""]","[""Carnivores"", ""Cetartiodactyla"", ""Primates"", ""Proboscidea""]","[""Caracal aurata"", ""Cephalophus callipygus, C. dorsalis and C. ogilby"", ""Cephalophus silvicultor"", ""Civettictis civetta"", ""Gorilla gorilla"", ""Loxodonta africana"", ""Pan troglodytes"", ""Panthera pardus"", ""Potamochoerus porcus"", ""Syncerus caffer nanus"", ""Tragelaphus spekii""]",
Effects of the Exxon Valdez oil spill on river otters:: Injury and recovery of a sentinel species,"Integration of individual-based and population-level studies is essential to understanding effects of pollution on populations and ecosystems. Here we provide an example of such integration from our exploration of effects of the Exxon Valdez oil spill (EVOS) on river otters (Lontra canadensis) inhabiting the terrestrial-marine interface in Prince William Sound, Alaska, USA. Our research was divided into 2 phases: an early phase (1989-92) immediately following the oil spill; and a late phase (1996-99), which focused on potential chronic effects of oil contamination in the Sound. We used a variety of measurements that considered the physiological status and health of individual river otters, as well as aspects of their ecology, behavior, and demography. We then conducted meta-analysis to explore interactions between individual-based and population-level data in demonstrating injury and subsequent recovery of otters from ill effects of EVOS. During both phases of our studies, we first conducted intensive research at 2 study sites, which we believed to be oiled and nonoiled, and then expanded our investigations throughout similar areas of Prince William Sound. Nonetheless, our data are best interpreted as differences between heavily oiled areas and lightly oiled sites because later information indicated that our reference sites were lightly oiled. Thus we refer to heavily oiled sites as oiled and lightly oiled sites as nonoiled. In the later phase, we were part of a broader ecosystem-based project (Nearshore Vertebrate Predators) designed to assess long-term effects of EVOS on a suite of key organisms, and to determine whether those species had recovered from that catastrophic accident. We used radiotelemetry to locate carcasses of animals that died from natural causes, and documented that searching beaches immediately following the spill was not a reliable method for locating dead river otters. Our early research (1989-92) demonstrated that river otters living in oiled areas had lower body mass (P < 0.04) and elevated biomarkers (P < 0.05) in their blood (e.g., haptoglobin [Hp], interleukin-6 immunoreactive [IL-6 ir], aspartate aminotransferase [AST]) than otters inhabiting nonoiled areas. Likewise, otters from oiled areas had higher levels of fecal porphyrins (P < 0.001), ate a less-diverse diet (P < 0.001), had larger home ranges (P < 0.05), and selected habitats differently (P < 0.01) than otters living in areas that were not heavily oiled. A mark-recapture analysis based on radiotracers in otter feces during 1990 indicated no difference (P > 0.10) between density of otters in Herring Bay (oiled) or Esther Passage (nonoiled), but no prespill data were available. Likewise, by 1992, biomarkers (Hp, IL-6 ir, AST) did not differ (P > 0.05) between oiled and nonoiled areas. During the later phase of research, hydrocarbons on the pelage of river otters and the elevation of endothelial P450-1A, a biomarker sensitive to hydrocarbon exposure, indicated that river otters were exposed to oil still present in Prince William Sound. Nonetheless, body mass of otters continued to increase on oiled areas over tune (P < 0.05), and eventually did not differ from otters living in nonoiled sites (P > 0.05). All blood biomarkers (Hp, IL-6 ir, AST) were markedly reduced from the early phase of our research, and no longer differed (P > 0.10) between oiled and nonoiled sites. We used principal component analysis (PCA) to determine that few differences existed in an array of blood characteristics for otters inhabiting oiled and nonoiled sites, and those differences that did exist likely were related to diet. Corpoporphyrin III, a key biomarker in home synthesis, was reduced (P = 0.008) from post-spill collections made in 1990 in the oiled area, and no longer differed (P > 0.05) between oiled and nonoiled areas in 1996. We used stable isotope analysis to investigate differences in diet of river otters inhabiting oiled and nonoiled areas in 1996-97. When we controlled for otters inhabiting extensive freshwater habitats (which did not occur in our early studies), no differences in diet or the trophic level of otters were identified (P > 0.20) for otters living in oiled versus nonoiled sites. Similarly, density of marine fishes (greater than or equal to8 con in total length) on underwater transects did not differ (P = 0.97) between oiled and nonoiled areas, although an area by year interaction occurred (P = 0.01). Habitat selection by otters also was altered from the early phase; river otters on both study areas selected vegetated slopes that were not steep, and selected sites with more understory (brush) and greater exposure; selection for those characteristics was more pronounced in the oiled area. Otters on both sites avoided (use < availability) gravel and small rocks. Although selected variables differed between oiled and nonoiled sites (P < 0.001), the direction of selection did not differ between areas. Moreover, tidal slope did not enter any of the models, in contrast to our early studies, indicating that differences in selection were not related to avoidance of oiled shores. Hone-range size declined (P < 0.05) for otters living in oiled areas, and no longer differed (P > 0.7) from animals inhabiting nonoiled sites. We enumerated populations from oiled and nonoiled areas using a combination of live-captured individuals and DNA fingerprinting using microsatellite from otter feces at latrines. We also performed a conventional reconstruction based on age structure to calculate population size in 1997. Those methods indicated that most animals in the population were recruited following the oil spill and both methods characterized slowly (lambda = 1.03-1.06) growing or stable population in the oiled area. Age structure of river otters in the Sound differed neither between oiled and nonoiled areas (P > 0.36), nor from a harvested population of river otters in Maine (P > 0.49). Finally, survivorship of river otters did not differ (P > 0.2) between oiled and nonoiled areas of Prince William Sound and was high compared with data on other otter populations in North America. Our data indicate that although river otters continued to be exposed to low levels of crude oil, effects of that exposure were no longer sufficient to cause obvious injury. We cautiously conclude that river otters have recovered from the more pernicious effects of EVOS. Based on our experiences in this research, we provide theoretical considerations for use of biomarkers in wildlife studies and describe statistical approaches, including principal component analysis of blood variables, which may assist researchers with interpreting complicated results of multiple variables and datasets. Likewise, we describe how dose-response curves should be used in understanding population-level responses to pollutants. We hope that this monograph will provide valuable insights for other wildlife biologists on the process of integration of toxicological data with that of ecological data useful for studying effects of pollution on wildlife populations and their habitats.",,Wright et al,WOS:000184304100001,"[""Animalia""]","[""Chordata""]","[""Mammalia""]","[""Carnivora""]","[""Lontra canadensis""]","[""Lontra""]"
The projected effects of climatic and vegetation changes on the distribution and diversity of Southeast Asian bats,"Southeast-Asia (SEA) constitutes a global biodiversity hotspot, but is exposed to extensive deforestation and faces numerous threats to its biodiversity. Climate change represents a major challenge to the survival and viability of species, and the potential consequences must be assessed to allow for mitigation. We project the effects of several climate change scenarios on bat diversity, and predict changes in range size for 171 bat species throughout SEA. We predict decreases in species richness in all areas with high species richness (>80 species) at 20502080, using bioclimatic IPCC scenarios A2 (a severe scenario, continuously increasing human population size, regional changes in economic growth) and B1 (the greenest scenario, global population peaking mid-century). We also predicted changes in species richness in scenarios that project vegetation changes in addition to climate change up to 2050. At 2050 and 2080, A2 and B1 scenarios incorporating changes in climatic factors predicted that 39% species would lose all currently suitable niche space. When considering total extents of species distribution in SEA (including possible range expansions), 26% of species may have no suitable niche space in 20502080. When potential vegetation and climate changes were combined only 1% of species showed no changes in their predicted ranges by 2050. Although some species are projected to expand ranges, this may be ecologically impossible due to potential barriers to dispersal, especially for species with poor dispersal ability. Only 113% of species showed no projected reductions in their current range under bioclimatic scenarios. An effective way to facilitate range shift for dispersal-limited species is to improve landscape connectivity. If current trends in environmental change continue and species cannot expand their ranges into new areas, then the majority of bat species in SEA may show decreases in range size and increased extinction risk within the next century.",10.1111/j.1365-2486.2012.02641.x,Urban et al,WOS:000303763600008,"[""Animalia""]","[""Chordata""]","[""Mammalia""]",,,
Biological invasions provide a framework for reintroductions: selecting areas in England for pine marten releases,"We suggest that reintroductions, like biological invasions, have two phases: establishment when a new population becomes self-sustaining, and spread when a population increases its distribution. Stochastic effects on mortality and sex ratios are most likely to determine whether a population becomes established, while factors influencing birth rates will probably most influence spread. Using this establishment-spread structure, we evaluate the autecological suitability of regions in England for pine marten Martes martes reintroductions. Risks of mortality from predator control, traffic accidents and predation by foxes were used to evaluate suitability for establishment. Mortality risk was higher in all potential release regions in England (selected as having 25% or more woodland cover) than in regions of current pine marten distribution in Scotland; risk of predation was higher in the latter. Indices of prey abundance were used to evaluate suitability for populations to spread. Prey indices in potential release regions were generally higher than in regions of current distribution. A relation between prey, woodland cover, and known pine marten densities suggested that potential release regions are capable of supporting relatively high densities of pine martens, though these might be reduced by higher mortality. We concluded that all potential release regions are suitable for pine marten populations to spread. However, reintroductions should first be to regions with lower risk of mortality, in case higher levels of the latter prevent establishment. The suitability of relict regions of distribution in northern England was low until post-war afforestation, suggesting that habitat suitability constrained recovery of relict populations. These regions remain less suitable for reintroductions.",10.1023/A:1016654725190,Wright et al,WOS:000170159900002,"[""Animalia""]","[""Chordata""]","[""Mammalia""]","[""Carnivora""]","[""Martes martes""]","[""Martes""]"
"Density of Fishers and the Efficacy of Relative Abundance Indices and Small-Scale Occupancy Estimation to Detect a Population Decline on the Hoopa Valley Indian Reservation, California","We used a mark-resight design to calculate density estimates of fisher (Martes pennanti), a candidate for listing under the United States Endangered Species Act, on the Hoopa Valley Indian Reservation in northwestern California, USA in order to determine population status in 1998 and 2005. Our density estimation results and simultaneous population-monitoring data provided a post hoc opportunity to evaluate the relative efficacy of 3 classical indexing techniques (catch-per-unit-effort, frequency of detection at camera stations, and frequency of detection at track-plate stations) and small-scale occupancy estimation to accurately detect population change. We calculated densities (and 95% CI) of 52 (43-64) and 14 (13-16) fishers/100 km(2) in 1998 and 2005, respectively. We detected a decline in the relative abundance of fishers between 1998 and 2005 using catch-per-unit-effort indices (chi(2) >= 10.18, P <= 0.007), but not in magnitude similar to our density estimates. We detected an increase (chi(2) = 4.23, P = 0.040) and no difference (chi(2) = 1.38, P = 0.240) in the relative abundance of fishers between surveys using frequency of detection indices at camera stations and at track-plate stations, respectively. Occupancy estimates did not differ between 1998 and 2005. We speculate changes in prey habitat, increases in predation, disease, or some combination of these potential causes, were responsible for the population decline. Our results reinforce the importance of careful thought given to the study goals and potential limitations of any technique. For populations deemed valuable (e.g., at risk or sensitive), we suggest managers consider adopting more defensible, large-scale occupancy estimation or mark-recapture methods to monitor changes in population sizes. (C) 2011 The Wildlife Society.",10.1002/wsb.19,Wright et al,WOS:000209332700005,"[""Animalia""]","[""Chordata""]","[""Mammalia""]","[""Carnivora""]","[""Pekania pennanti""]","[""Pekania""]"
Polychlorinated Biphenyls and Reproductive Performance in Otters From the Norwegian Coast,"Eurasian otter (Lutra lutra) has shown decreasing population trends in most areas of Europe until recently, when populations in some areas started to recover. For Norway it was postulated that PCB concentrations in the south would be high and that levels in otters will show a geographic pattern that can be related to female otter reproductive health. Concentrations of PCBs (measured as the sum of 30 congeners ranging from 0.58 to 29 mg/kg lipid weight [geometric mean 6.18 mg/kg]) were lower than those found in otters from most other European countries. PCB concentrations did not decrease in otters collected during the period from 1979 to 1990. However, a south-to-north gradient of increasing PCB concentrations in otter livers was found along the Norwegian coast. Actual PCB concentrations had not affected the reproductive health of female otters (implanted embryos, implantation sites, regressive structures). This provides valuable information on PCB concentrations tolerated by Eurasian otters at the population level.",10.1007/s00244-010-9510-9,Wright et al,WOS:000283098800014,"[""Animalia""]","[""Chordata""]","[""Mammalia""]","[""Carnivora""]","[""Lutra lutra""]","[""Lutra""]"
Interactions between the Neotropical otter (Lontra longicaudis) and gillnet fishery in the southern Brazilian coast,"The Neotropical otter (Lontra longicaudis) is an aquatic carnivore that interacts with fisheries activities and competes with fisherman for resources. Information about the biology and conservation issues of a species can be obtained from traditional ecological knowledge collected from the communities that share the same resources. In this sense, the objective of this study was to describe conflicts between the otters and two fishing communities (Imbe and Tramandai) in the Tramandai Lagoon (29 degrees 57'S; 50 degrees 11'W), in southern Brazil. We conducted 36 interviews that represented 72% of the local fishermen that use gillnets in the lagoon. All fishermen reported that otters interfered with fishing activities, by feeding on fish in the gillnets, and 75% of those interviewed reported gear damage. Fifty percent of the fishermen reported that observed the otters used the lagoon daily. Many fishermen (41.6%) also reported that the amount of damage attributed to the otters was considered small, but the depredation was reported as occurring daily (55.5%). Fishermen from Imbe have a more negative perception of the interaction with otters, probably because they usually fish near to the area most frequently used by otters. This amplifies the magnitude of the conflict and damage. In order to minimize the depredation of fish by otters directly on the gillnets, we suggested some measures to fishery management, as well as additional studies about the potential prey overlap between the Neotropical otter and the fishery. (C) 2012 Elsevier Ltd. All rights reserved.",10.1016/j.ocecoaman.2012.03.007,Wright et al,WOS:000305262100002,"[""Animalia""]","[""Chordata""]","[""Mammalia""]","[""Carnivora""]","[""Lontra longicaudis""]","[""Lontra""]"
Home-range sizes and altitude selection for arctic foxes and wolverines in an alpine environment,"We compared the use of space and habitat by wolverines, Gulo gulo, and arctic foxes, Alopex lagopus, on the Snohetta plateau and surrounding mountains in south-central Norway. The arctic foxes used smaller annual home ranges than the wolverines, whose home ranges were among the largest yet reported for the species. In both species, resident males used larger home ranges than resident females. Arctic foxes used a much narrower, and higher, range of altitudes than wolverines, always above the tree line. Wolverines used lower altitudes in winter than in summer. Female wolverines showed pronounced seasonal peaks in their use of the peripheral areas of their home ranges. Both species showed an ability to cross at least some transportation corridors (road, rail, human settlements) in the area. The habitat available at Snohetta appears suitable for arctic foxes and does not explain the failure of the population to recover during 67 years of protection. Because of predation on domestic sheep, wolverines will probably be confined to a series of core conservation areas (CCA). At present densities (0.28-0.36 wolverines per 100 km(2)), the CCA surrounding Snohetta can contain from 36 to 50 wolverines.",10.1139/cjz-76-3-448,Wright et al,WOS:000074719800009,"[""Animalia""]","[""Chordata""]","[""Mammalia""]","[""Carnivora""]","[""Gulo gulo""]","[""Gulo""]"
Interaction between artisanal fishery and the top predator Lontra felina in Chile,"The sea otter (Lontra felina) lives along the rocky coastline exposed southeast Pacific between Peru (6 degrees S), Cape Horn, Chile (56 degrees S) and States island, Argentina. This native carnivore is classified as Vulnerable in the Red Book of Terrestrial Vertebrates of Chile. Between September and November 2004 we assessed their diet through fecal analysis and records of food remnants. We used a quantitative overlap index to test for coincidental similarity between the 2 analyses, and also we applied a survey to fisherfolks at Caleta El Manzano de Pucatrihue, southern Chile, to learn about the perception they have of L. felina impact on local fishing. Based on an analysis of 35 faeces the diet was represented by 60.8% of crustaceans, 32.4% of fishes and 6.7% of shellfishes presences. Of 150 food remnants the prey corresponds to 55.3% of crustaceans, 44.0% of molluscs and 0.7% of birds. The two analyses carried out had a slow similarity (= 0.35 +/- 0.22). L. felina preys on resources exploited by artisanal fishing, but fishing gears are not damaged by this marine mammal. A 66.7% of the fishermen said that otters not affect their fishing, while 30.0% said the opposite; holding as cause the consumption by L. felina on the same resources exploited by them (e.g., Concholepas concholepas). Although this mammal does not cause significant damage to local fisheries still exists at present, however, illegal hunting of this otter in the study area. The reasons for this action ranging from the sale of their skin until his killing by a simple recreation.",10.4067/S0718-19572016000300013,Wright et al,WOS:000391864900013,"[""Animalia""]","[""Chordata""]","[""Mammalia""]","[""Carnivora""]","[""Lontra felina""]","[""Lontra""]"
"Genetic structure of European pine martens (Martes martes), and evidence for introgression with M-americana in England","European pine martens ( Martes martes) were once distributed across much of western Europe. A combination of factors, such as persecution, trapping, and habitat loss have led to sharp declines in the species' numbers and range and, as such, local populations have become more vulnerable to extinction. To evaluate the influence of these factors on both the level of genetic variation and population structure, we genotyped pine martens from across much of their current distribution. Continental M. martes populations were found to have a higher level of genetic structure and lower genetic variation than their North American sibling species, M. americana, sampled throughout Canada. The differences among mainland populations of these species may lie in greater levels of habitat fragmentation and persecution experienced by European martens, though it is difficult to exclude more ancient processes such as the influence of glaciations. Among island populations of the two species, the Scottish population revealed a similar level of structure and variation to the M. a. atrata population of Newfoundland, however Ireland was more differentiated with less genetic variation. Our work using microsatellites also extends previous mtDNA evidence for the presence of M. americana haplotypes in England, raising the possibility of hybridization with M. martes. These findings may influence current discussions on the status of English martens and the appropriateness of proposed re- introductions by revealing that some indigenous martens persist in England, despite the presence of some potential hybrids in the region.",10.1023/A:1023334521996,Wright et al,WOS:000182298500006,"[""Animalia""]","[""Chordata""]","[""Mammalia""]","[""Carnivora""]","[""Martes martes""]","[""Martes""]"
Linking traits to energetics and population dynamics to predict lizard ranges in changing environments,"I present a dynamic bioenergetic model that couples individual energetics and population dynamics to predict current lizard ranges and those following climate warming. The model predictions are uniquely based on first principles of morphology, life history, and thermal physiology. I apply the model to five populations of a widespread North American lizard, Sceloporus undulatus, to examine how geographic variation in traits and life histories influences ranges. This geographic variation reflects the potential for species to adapt to environmental change. I then consider the range dynamics of the closely related Sceloporus graciosus. Comparing predicted ranges and actual current ranges reveals how dispersal limitations, species interactions, and habitat requirements influence the occupied portions of thermally suitable ranges. The dynamic model predicts individualistic responses to a uniform 3 degrees C warming but a northward shift in the northern range boundary for all populations and species. In contrast to standard correlative climate envelope models, the extent of the predicted northward shift depends on organism traits and life histories. The results highlight the limitations of correlative models and the need for more dynamic models of species' ranges.",10.1086/523949,Urban et al,WOS:000252191700017,"[""Animalia""]","[""Chordata""]",,,,
Novel Bartonella infection in northern and southern sea otters (Enhydra lutris kenyoni and Enhydra lutris nereis),"Since 2002, vegetative valvular endocarditis (VVE), septicemia and meningoencephalitis have contributed to an Unusual Mortality Event (UME) of northern sea otters in southcentral Alaska. Streptococcal organisms were commonly isolated from vegetative lesions and organs from these sea otters. Bartonella infection has also been associated with bacteremia and VVE in terrestrial mammals, but little is known regarding its pathogenic significance in marine mammals. Our study evaluated whether Streptococcus bovis/equinus (SB/E) and Bartonella infections were associated with UME-related disease characterized by WE and septicemia in Alaskan sea otter carcasses recovered 2004-2008. These bacteria were also evaluated in southern sea otters in California. Streptococcus bovis/equinus were cultured from 45% (23/51) of northern sea otter heart valves, and biochemical testing and sequencing identified these isolates as Streptococcus infantarius subsp. coil. One-third of sea otter hearts were co-infected with Bartonella spp. Our analysis demonstrated that SB/E was strongly associated with UME-related disease in northern sea otters (P < 0.001). While Bartonella infection was also detected in 45% (23/51) and 10% (3/30) of heart valves of northern and southern sea otters examined, respectively, it was not associated with disease. Phylogenetic analysis of the Bartonella ITS region allowed detection of two Bartonella species, one novel species closely related to Bartonella spp. JM-1, B. washoensis and Candidatus B. volans and another molecularly identical to B. henselae. Our findings help to elucidate the role of pathogens in northern sea otter mortalities during this UME and suggested that Bartonella spp. is common in sea otters from Alaska and California. (C) 2014 Elsevier B.V. All rights reserved.",10.1016/j.vetmic.2014.02.021,Wright et al,WOS:000335624600016,"[""Animalia""]","[""Chordata""]","[""Mammalia""]","[""Carnivora""]","[""Enhydra lutris""]","[""Enhydra""]"
"Organochlorine pesticides, PCBs, heavy metals and anticoagulant rodenticides in tissues of Eurasian otters (Lutra lutra) from upper Loire River catchment (France)","In this study, tissues of the Eurasian otter (Lutra lutra) from a naturally expanding population along upper Loire River (France) catchment were used for contaminants analyses. nine organochlorine pesticides, 16 PCB congeners, five heavy metals (lead, cadmium, mercury, copper and arsenic) and three anticoagulant rodenticides were quantified in livers of road-traffic killed otters. Organochlorine compounds and heavy metals were found in 100% of the samples, and occasional contamination by anticoagulant rodenticides was confirmed. Total organochlorine pesticides reached a maximum of 9.4 mg kg(-1) lipid weight. Higher data were observed for other contaminants, especially total PCBs and mercury. Maximal total PCBs values reached 64.8 mg kg(-1) lipid weight, and maximal measured mercury concentration was 8.2 mg kg(-1) fresh weight. Considering the expansion noted in the study area, global contamination does not seem to threat the short-term species conservation. Nevertheless, important values at some individual scale were noticed, suggesting high inter-individual variations in populations. (C) 2010 Elsevier Ltd. All rights reserved.",10.1016/j.chemosphere.2010.06.026,Wright et al,WOS:000281330900002,"[""Animalia""]","[""Chordata""]","[""Mammalia""]","[""Carnivora""]","[""Lutra lutra""]","[""Lutra""]"
Future projections for Mexican faunas under global climate change scenarios,"Global climates are changing rapidly, with unexpected consequences(1). Because elements of biodiversity respond intimately to climate as an important driving force of distributional limitation(2), distributional shifts and biodiversity losses are expected(3,4). Nevertheless, in spite of modelling efforts focused on single species(2) or entire ecosystems(5), a few preliminary surveys of fauna-wide effects(6,7), and evidence of climate change-mediated shifts in several species(8,9), the likely effects of climate change on species' distributions remain little known, and fauna-wide or community-level effects are almost completely unexplored(6). Here, using a genetic algorithm and museum specimen occurrence data, we develop ecological niche models for 1,870 species occurring in Mexico and project them onto two climate surfaces modelled for 2055. Although extinctions and drastic range reductions are predicted to be relatively few, species turnover in some local communities is predicted to be high (> 40% of species), suggesting that severe ecological perturbations may result.",10.1038/416626a,Urban et al,WOS:000174901900041,"[""Animalia""]","[""Chordata""]","[""Mammalia""]",,,
Length-mass and total body length of adult female sea otters in Prince William Sound before and after the Exxon Valdez oil spill,"After the 1989 T/V Exxon Valdez oil spill (EVOS), the body condition of non-pregnant female sea otters (Enhydra lutris) ages 4 yr and older in the EVOS-affected region of western Prince William Sound, Alaska (WPWS), was significantly poorer than that of individuals captured in the same or adjacent habitat in WPWS approximately a decade earlier, and than that of individuals inhabiting unoiled habitat in eastern PWS (EPWS) between 1984 and 1990. However, the body condition of females of this age category captured in WPWS prior to EVOS was not significantly different from that of pre- and postspill EPWS females. The mean total body length (TBL) of non-pregnant females captured prespill in WPWS was significantly less than that of pre- and postspill EPWS and postspill WPWS females. Evidence from this and other studies suggests that the body condition of at least some classes of sea otters was negatively affected by one or more EVOS-related factors.",10.1111/j.1748-7692.2002.tb01086.x,Wright et al,WOS:000178998100013,"[""Animalia""]","[""Chordata""]","[""Mammalia""]","[""Carnivora""]","[""Enhydra lutris""]","[""Enhydra""]"
"Ski Areas affect Pacific Marten Movement, Habitat Use, and Density","Alpine ski recreation is one of the most popular outdoor winter sports globally but often involves habitat modification and dense human activity, both of which can harm wildlife. We investigated the effects of ski area development and winter recreation activities on movement, occupancy, and density of Pacific martens (Martes caurina) in the Lake Tahoe region of California and Nevada, USA by comparing 3 ski and 3 control study areas. We systematically surveyed martens using live traps and hair snares during spring-summer and winter seasons from 2009 through 2011 to identify how martens responded to the year-round effects of habitat fragmentation from ski area development and the seasonal effects of winter recreation activities. Martens selectively moved between remnant forest patches with the shortest crossing distances across open, non-forested ski runs in both seasons, with the effect more pronounced in females. Overall, habitat connectivity was reduced by 41% in ski areas compared to habitat not fragmented by ski runs. During spring-summer, occupancy rates were not different between habitat within or outside of ski operations areas. During winter, however, occupancy was significantly lower inside (52%) ski area boundaries than outside (88%) them. Reduced detection probability in ski areas indicated martens also reduced the frequency of use of operations areas in winter. Using spatially explicit capture-recapture models, we found that marten density did not differ between ski areas and controls during spring, but during winter female density declined at ski areas by 63% compared to spring-summer and was < 50% of female density compared to controls. This suggests that females seasonally avoid habitat in ski areas by shifting their habitat use to areas outside ski operations boundaries during winter. Although male marten density did not differ, the lack of resident males > 3 years old coupled with higher annual turnover rates suggests male densities at ski areas may be reliant on annual male immigration. In winter, martens avoided using habitat in ski operations areas when recreation activity was greatest. Winter ski recreation may not be incompatible with marten use of habitat in ski areas, but habitat fragmentation from ski areas affects marten movement and recreation activities affect seasonal habitat occupancy and female density. Maintaining functional habitat connectivity, via networks of short ski run crossings that link habitat in and out of ski areas, will be important for maintaining or improving marten use of remnant habitat in developed ski areas. (C) 2017 The Wildlife Society",10.1002/jwmg.21243,Wright et al,WOS:000404132300014,"[""Animalia""]","[""Chordata""]","[""Mammalia""]","[""Carnivora""]","[""Martes caurina""]","[""Martes""]"
"Distribution of savannah elephants (Loxodonta africana africana Blumenbach 1797) within Nazinga game ranch, Southern Burkina Faso","We tested the hypothesis that elephant distribution inside the Nazinga Game Ranch (Southern Burkina Faso) during the wet season is influenced by villages outside, while in the dry season elephants are restricted only by water. Occupancy was evaluated by recording elephant dung-piles on 54 line transects in each of three seasons: wet 2006, dry 2007 and dry 2008. We measured the distance of each transect from nearest villages, nearest permanent water sources, nearest guard posts and tourist camps. The results were unexpected: elephant occupancy in the wet season was independent of villages but influenced by poaching, while their occupancy in both dry seasons was determined by the proximity of villages as well as water. In the dry season, elephants were attracted to villages by grain stores and fruiting trees. There has been a dramatic shift in the dry season distribution of elephants, and consequently in browsing pressure, over the last two decades. We suggest that this change is a consequence of the expansion of human activities outside the ranch. This study shows that the effects of growing human disturbance on elephant populations in small protected areas are not predictable. Correcting for spatial autocorrelation had a negligible effect upon the models.Resume Nous avons teste l'hypothese selon laquelle la distribution des elephants dans le Ranch de Gibier de Nazinga (dans le sud du Burkina Faso) etait influencee, durant la saison des pluies, par des villages situes a l'exterieur, tandis que, en saison seche, les elephants ne sont limites que par l'eau. On a evalue l'occupation en enregistrant les tas de crottes d'elephant sur 54 transects lineaires pendant trois saisons: saison pluvieuse 2006, saison seche 2007 et saison seche 2008. Nous avons mesure la distance entre chaque transect par rapport aux villages les plus proches, les points d'eau les plus proches, les postes de gardes et les camps de touristes les plus proches. Les resultats furent inattendus : l'occupation des elephants en saison des pluies ne dependait pas des villages mais plutot du braconnage alors que pendant les deux saisons seches, leur taux d'occupation etait determine par la proximite des villages et de l'eau. En saison seche, les elephants etaient attires vers les villages par les stocks de grain et les arbres qui fructifiaient. Il y a eu un spectaculaire changement de la distribution saisonniere des elephants, et par consequent la pression de broutage en saison seche, au cours des deux dernieres decennies. Nous suggerons que ce changement est une consequence de l'expansion des activites humaines hors du ranch. Cette etude montre que les effets des croissantes perturbations humaines sur les populations d'elephants dans de petites aires protegees ne sont pas previsibles. Le fait d'apporter une correction pour l'autocorrelation spatiale n'avait qu'un effet negligeable sur les modeles.",10.1111/j.1365-2028.2010.01239.x,Benitez lopez et al,WOS:000290171900002,"[""Animalia""]","[""Chordata""]","[""Aves""]","[""Proboscidea""]","[""Loxodonta africana""]",
Assessing the potential for impacts by feral mink on wild mink in Canada,"Invasive feral American mink (Neovison vison) have had well-documented impacts in Europe and South America. We tested the hypotheses that escape of ranch-raised mink is also common in Canada where the species is endemic, and that declines of Canadian wild mink apparent from harvest data are related to mink ranching. Consistent with these hypotheses, we found positive relationships among Canadian provinces: between mink ranch density and mink harvest density; between ranch density and the density of ranch mink caught by trappers; and between mink harvest density and the density of trapped ranch mink. A multiple regression and variance partitioning demonstrated that the density of trapped ranch mink explained the largest component of unique variation in annual mink harvest by trappers per province. Moreover, the change in mink harvest by trappers per province estimated over a 30-year interval (lambda(harvest)) had a close, positive relationship(R-2 = 0.92) to the change in ranch density estimated over the same interval (lambda-(ranch),). our analysis suggests that the conditions exist for feral mink to contribute to wild mink declines through outbreeding depression or the introduction of disease. (c) 2007 Elsevier Ltd. All rights reserved.",10.1016/j.biocon.2007.05.020,Wright et al,WOS:000249935400002,"[""Animalia""]","[""Chordata""]","[""Mammalia""]","[""Carnivora""]","[""Neovison vison""]","[""Mustela""]"
Genetic diversity of reintroduced American martens in Michigan's Lower Peninsula,"Reintroductions are an important conservation and management technique used to restore extirpated populations. Negative genetic consequences (e.g., diversity loss, bottlenecks, inbreeding) are often an unintentional result of reintroductions, due to a small number of founders or suboptimal habitat at release sites. American martens (Martes americana) were extirpated from Michigan's Lower Peninsula in 1911 due to habitat loss and unregulated trapping. Martens were reintroduced into 2 areas of the Lower Peninsula in 1985-1986. The Lower Peninsula reintroduction was characterized by a relatively small number of founders (85 individuals) released into 2 geographically disparate, fragmented sites. We genotyped martens sampled at the 2 release sites approximately 20-25 years since reintroduction, using 11 microsatellite loci. We detected low average allelic richness (3.92 alleles per locus), moderate levels of inbreeding (mean F-IS = 0.106), and multiple loci with significant heterozygote deficiencies. Effective population size estimates were small, ranging between 6 and 27 individuals depending on the estimator and the sample group. We also detected significant population structuring between the release sites (F-ST = 0.093 using the most recent sample). With small population size and limited to no gene flow, we predict the 2 Lower Peninsula marten populations will continue to diverge and potentially further lose genetic diversity. This study highlights the importance of long-term genetic monitoring of reintroduced populations.",10.1093/jmammal/gyx075,Wright et al,WOS:000412166100026,"[""Animalia""]","[""Chordata""]","[""Mammalia""]","[""Carnivora""]","[""Martes americana""]","[""Martes""]"
The selective dietary accumulation of planar polychlorinated biphenyls in the otter (Lutra lutra),"The decline of the populations of otters in Western Europe is assumed to be related to the accumulation of polychlorinated biphenyls (PCBs) in this species. A study was conducted to investigate the trophic transfer of non-ortho, mono-ortho-, and di-ortho-substituted PCBs in the food web of the otter (Lutra lutra) in the Oude Venen lake system in the Netherlands, with relatively low PCB contamination. This area was one of the last strongholds of otters In the Netherlands and the species is considered to be virtually extinct since 1988. A marked increase in concentration of chlorinated biphenyls (CBs) was observed with successive trophic levels of the aquatic food web. Mean concentrations of the sum of 28 CB congeners (Sigma CB) increased from 142 ng CB/g (organic carbon basis) in sediment and particulate matter to 588 ng CB/g (lipid weight basis) in invertebrates, to 2,450 ng CB/g (lipid weight) in fish, and 70,940 ng CB/g (lipid weight)in otter. A diet-specific biomagnification factor (BMF) of 14 was calculated from fish to otter based on Sigma CB; however, on the basis of toxic equivalent concentrations (Sigma TEQ), a BMF of 41 was found. This higher BMF on TEQ basis was mainly due to the enrichment of non-ortho-substituted CB 126 in otter, compared to fish. In fish CB 126 contributed 30 to 50% to Sigma TEQ, while this congener contributed 60 to 80% in otters. A shift in the CB patterns was Found from relatively high concentrations of lowly chlorinated CBs in the abiotic compartments to the higher chlorinated CBs (five to seven chlorine atoms) at the highest trophic level. The relatively low concentrations of CB 77 and CBs with vicinal H-atoms at the meta-para position in otter compared to fish indicates that otters can metabolize these CBs and have P4501A-like and P4502B-like enzyme systems. It appears that even in an ecosystem with relatively low CB contamination, concentrations of CBs can be relatively high in aquatic top predators. The non-ortho-substituted CBs seem to be the most important toxic threat for otters, firstly because of the relatively high BMFs of CB 126 and CB 169 and secondly because of the formation of metabolites of CB 77.",10.1002/etc.5620160907,Wright et al,WOS:A1997XT30500007,"[""Animalia""]","[""Chordata""]","[""Mammalia""]","[""Carnivora""]","[""Lutra lutra""]","[""Lutra""]"
Comparative survival pattern of the syntopic pine and stone martens in a trapped rural area in France,"Very little is known about the population dynamics of pine martens Martes martes and stone martens Martes foina in Europe, and even less about the impact of human activities, such as trapping, hunting and road traffic, on populations, despite their crucial importance for deriving reliable conservation and management strategies. We used multistate capture-recapture models to analyse capture-recapture histories that combined information on radio-tracking data and on recoveries of dead martens. This formulation, based on conditional probabilities, also allowed us to estimate the contribution of trapping and hunting to overall mortality, accounting for detection failures and trapping exposure. We applied this approach to estimate age- and sex-specific survivals of pine martens (N=40) and stone martens (N=38) in the same rural area in France, where both species could be legally trapped and hunted. Annual survivals of adults were similar, and estimated at 0.49 for both species [+/- 0.12 standard deviation (sd) for pine martens;+/- 0.10 sd for stone martens]. The annual probability of dying from trapping and hunting was estimated at 0.21 and 0.19 for adult pine and stone martens, respectively. At the individual level, a negative linear relationship was observed between stone marten's survival and trapping exposure, but this was not the case for pine martens, which experienced far lower exposure to trapping. These results confirm that trapping and hunting could have a large impact on marten populations. Vehicle collisions were the second major cause of mortality for both species in our study area. This paper presents the first estimates of survival for syntopic stone and pine martens in Europe and is an important step towards population dynamics modelling of these species.",10.1111/jzo.12201,Wright et al,WOS:000350476000007,"[""Animalia""]","[""Chordata""]","[""Mammalia""]","[""Carnivora""]","[""Martes martes"", ""Martes foina""]","[""Martes""]"
Human impact on wildlife populations within a protected Central African forest,"This paper addresses the effect of human activities on the density of large mammals in the Dzanga-Ndoki National Park and the adjacent Dzanga-Sangha Reserve in the Central African Republic. Between six and eight 20 km long permanent transects were walked on a monthly basis from January 1997 to August 1999 to assess large mammal populations as well as human intrusion. There were no obvious seasonal or monthly trends in elephant, gorilla or non-human primate densities. Overall, it appears that human activities negatively influence the distribution of most of the large forest animals in Dzanga-Sangha. Elephants in particular were significantly less common in areas used by humans, but also other species such as non-human primates showed lower densities closer to the main road and the town of Bayanga. This study confirms the findings of previous studies that roads have a negative impact on wildlife populations. Results of this study stress the need for conservation of large uninterrupted forest blocks to maintain wildlife populations at normal levels. Simply creating roads, even within a protected Central African forest, is likely to have negative impacts on wildlife populations.",10.1111/j.0141-6707.2004.00441.x,Benitez lopez et al,WOS:000220627900003,"[""Animalia""]","[""Chordata""]","[""Aves""]","[""Primates"", ""Proboscidea""]","[""Gorilla gorilla"", ""Loxodonta africana""]",
Factors affecting occupancy by the European mink in south-western Europe,"The European mink is an endangered species in need of urgent conservation efforts, but whose decline and habitat requirements are only poorly known. In this study we developed a model for mink distribution in Biscay to catalogue variables influencing its presence/absence. Sites were described in terms of vegetation parameters, water quality, riverbank alteration, anthropogenic structures and American mink presence. Logistic regression analysis was used to identify ruling variables and synergies. The model extracted two variables of high significance: water quality and riverbank alteration. European mink was absent from polluted waters and canalised streams. The absence is explained by a decrease in prey availability. In the case of water pollution, bioaccumulation is considered to have a deleterious effect on the presence of the species. In the case of canalisation, the lack of adequate shelter areas and especially the depletion of food resources are also likely to play an important role explaining the absence of the species. Finally, the possible barrier effect of canalisation for European mink and its consequences are also discussed. For the remaining variables, only those describing habitat use by European mink within its home range seemed to have a little influence on the presence of the species. The presence of American mink was a poor predictor of the absence of its European counterpart. Based on the results, we suggest that improved riverbank management policies are needed to ensure the future of European mink in the area. Species introduction and reintroduction programs should consider our habitat model when searching for suitable areas for the species. Further research is also needed on the effect of diverse types of water pollution on European mink.",10.1515/MAMM.2006.051,Wright et al,WOS:000247732900001,"[""Animalia""]","[""Chordata""]","[""Mammalia""]","[""Carnivora""]","[""Mustela lutreola""]","[""Mustela""]"
Fisher survival in eastern Ontario,"Fishers (Martes pennanti) have recolonized eastern Ontario, Canada, but little is known about the survival of this harvested population. We estimated fisher survival and cause-specific mortality in Leeds and Grenville County, Ontario, from 2003-2005. The overall 2-year survival rate (95% CI) was 0.35 (0.21-0.56, n = 59). We attributed observed mortality rates mainly to natural causes (28.6%) and nuisance trapping (21.4%). Given reported recruitment rates, our estimated fisher mortality has likely led to population declines in the study area, especially during 2003. Thus, we do not recommend an increase in fisher harvest quotas in the study area at this time.",10.2193/2006-064,Wright et al,WOS:000247168500026,"[""Animalia""]","[""Chordata""]","[""Mammalia""]","[""Carnivora""]","[""Pekania pennanti""]","[""Pekania""]"
Deciphering ecological barriers to North American river otter (Lontra canadensis) gene flow in the Louisiana landscape,"For North American river otters (Lontra canadensis) in Louisiana, statewide distribution, availability of aquatic habitats, and the absence of physical barriers to dispersal might suggest that they exist as a large, panmictic population. However, the wide variety of habitat types in this region, and the dynamic nature of these habitats over time, could potentially structure river otter populations in accordance with cryptic landscape features. Recently developed landscape genetic models offer a spatially explicit approach that could be useful in identifying potential barriers to the movement of river otters through the dynamic aquatic landscape of Louisiana. We used georeferenced multilocus microsatellite genotypes in spatially implicit (STRUCTURE) and spatially explicit (GENELAND) models to characterize patterns of landscape genetic structure. All models identified 3 subpopulations of river otters in Louisiana, corresponding to Inland, Atchafalaya River, and Mississippi River regions. Variation in breeding seasonality, brought about by variation in prey abundance between inland and coastal populations, may have contributed to genetic differentiation among populations. It is also possible that the genetic discontinuities we observed indicate a correlation between otter distribution and access to freshwater. Regardless of the mechanism, it is likely that any genetic differentiation among subpopulations is exacerbated by relatively poor dispersal.",10.1093/jhered/esn009,Wright et al,WOS:000255151500003,"[""Animalia""]","[""Chordata""]","[""Mammalia""]","[""Carnivora""]","[""Lontra canadensis""]","[""Lontra""]"
"Distribution and habitat models of the Eurasian otter, Lutra lutra, in South Korea","Eastern populations of the Eurasian otter (Lutra lutra) have declined throughout Asia. Although the South Korean government designated the Eurasian otter as an Endangered Species and Natural Monument, limited information exists on the distribution and habitat of this top predator in riparian ecosystems at this terminus of its distribution. We documented the distribution and modeled the habitat of this species using sign survey data collected in 2009 and 2010. We analyzed otter presence with 21 raster data sets using environmental niche modeling. We evaluated 31 variables as explanatory variables for logistic regression models that considered detection and non-detection data. We detected otter sign at 83% (3,288 of 3,957) of survey sites within 63% (680 of 1,074) of survey cells. In our MaxEnt presence-only model, land cover type was the main contributing factor to predicting habitat suitability, with secondary influences from isothermality, precipitation in the wettest month, elevation, and temperature seasonality. Water quality and human disturbance were the main variables significantly associated with otter occurrence based on the regression model that included detection and non-detection data. Direct measures of human activity, such as traffic volume and land price, were better predictors than stationary factors such as density of buildings. Our results suggest that otters and humans can coexist in highly populated areas. Our information on the distribution and habitat characteristics of Eurasian otters in South Korea will assist habitat management and recovery projects in natural and anthropogenic environments.",10.1093/jmammal/gyx037,Wright et al,WOS:000406848500016,"[""Animalia""]","[""Chordata""]","[""Mammalia""]","[""Carnivora""]","[""Lutra lutra""]","[""Lutra""]"
Contamination of European otters (Lutra lutra) by PCB congeners and organochlorinated pesticides in the wetlands of western France,"During the past fourty years, otter (Lutra lutra) populations have: severely declined over much of Europe. One of the main regression factors appears to be pollution by organochlorine xenobiotics, especially PCBs. The present study took place in France, in the wetlands of the Atlantic border, where otter populations are considered to be stable. Muscle, pericaudal fat, and liver of 33 otters were analysed for 22 PCB congeners and organochlorine pesticides. The mean concentrations of organochlorinated pesticides in samples are relatively low (from 0 to 5.71 mg kg(-1) lipid weight). The PCB concentrations are higher (mean in muscular tissue: 26.19 mg kg(-1) lipid weight), but still remain low compared to similar samples from other countries. The relation between PCB concentration and physiological variables is discussed. Congener-specific analysis shows an important contamination due to highly chlorinated congeners and a poor contamination due to low chlorinated congeners. Potential hazards due to organochlorinated compounds are also discussed.",,Wright et al,WOS:A1996VY82800016,"[""Animalia""]","[""Chordata""]","[""Mammalia""]","[""Carnivora""]","[""Lutra lutra""]","[""Lutra""]"
OTTER LUTRA-LUTRA L MORTALITY AND MARINE OIL POLLUTION,"Following an oil spill at Sullom Vow Oil Terminal, Shetland [UK], at least 13 otters died. Post-mortems on 5 corpses showed that they had died of hemorrhagic gastroenteropathy associated with ingested oil. The primary cause of oil iningestion seemed to be fur grooming. A survey of polluted coasts revealed that otters were still present throughout most of the area.",10.1016/0006-3207(81)90017-3,Wright et al,WOS:A1981LY76200005,"[""Animalia""]","[""Chordata""]","[""Mammalia""]","[""Carnivora""]","[""Lutra lutra""]","[""Lutra""]"
Safeguarding the Pantanal wetlands: Threats and conservation initiatives,"The Pantanal, one of the largest wetlands on the planet, comprises 140, 000 km(2) of lowland flood-plain of the upper Rio Paraguai basin that drains the Cerrado of central Brazil. The diverse mosaics of habitats resulting from the varied soil types and inundation regimes are responsible for an extraordinarily rich terrestrial and aquatic biota, exemplified by the bird richest wetland in the world-463 birds have been recorded there-and the largest known populations of several threatened mammals, such as Pampas deer (Ozotoceros bezoarticus), marsh deer (Blastocerus dichotomus), giant otter (Pteronura brusiliensis), and jaguar (Panthera onca). Until recently, deforestation of the adjoining Brazilian central plateau was considered the major threat to this area, but now deforestation is a critical problem within the floodplain itself More than 40% of the forest and savanna habitats have been altered for cattle ranching through the introduction of exotic grasses. And there are other threats that lead to large-scale disruption of ecological processes, severely affecting biodiversity. Although the Pantanal wetland is a Biosphere Reserve and is considered a Wetland of International Importance, only 25% of the upper Paraguai River basin is formally protected. To date, protected areas have been created opportunistically and as such, although of undoubted value, protect only a fraction of the Pantanal's wildlife and habitats. Among the conservation initiatives in the area, the private sector is increasingly participating in the establishment of private reserves. The prospects are far from optimistic, however, and the major challenge is to find alternative socioeconomic models that allow for conservation and economic uses of the land in association with the development of specific environmental legislation that reflects the unique characteristics of the region.",10.1111/j.1523-1739.2005.00708.x,Wright et al,WOS:000229448100021,"[""Animalia""]","[""Chordata""]","[""Mammalia""]","[""Carnivora""]","[""Pteronura brasiliensis""]","[""Pteronura""]"
"HYDROCARBON CONCENTRATIONS AND PATTERNS IN FREE-RANGING SEA OTTERS (ENHYDRA LUTRIS) FROM BRITISH COLUMBIA, CANADA","With oil pollution recognized as a major threat to British Columbia's recovering sea otter (Enhydra lutris) population, it is important to distinguish acute from chronic exposures to oil constituent groups in this marine mammal. Concentrations and patterns of alkanes and polycyclic aromatic hydrocarbons (PAHs) were determined in blood samples from 29 live-captured sea otters in two coastal areas of British Columbia, as well as in representative samples of their invertebrate prey. Hydrocarbon concentrations in sea otters were similar between areas and among age and sex classes, suggesting that metabolism dominates the fate of these compounds in sea otters. Biomagnification factors derived from PAH ratios in otter:prey supported this notion. Although some higher alkylated three- and four-ring PAHs appeared to biomagnify, the majority of PAHs did not. The apparent retention of alkyl PAHs was reflected in the composition of estimated sea otter body burdens, which provided an alternative way of evaluating hydrocarbon exposure. Alkyl PAHs made up 86 +/- 9% of estimated body burdens (4,340 +/- 2,950 mu g), with no differences between males and females (p = 0.18). The importance of measuring both parent and alkyl PAHs is underscored by their divergent dynamics in sea otters, with ready depuration of parent PAHs (metabolized or excreted) by sea otters on the one hand and biomagnification of alkyl PAHs on the other. Environ. Toxicol. Chem. 2011;30:21821-2193, (C) 2011 SETAC",10.1002/etc.627,Wright et al,WOS:000295309400002,"[""Animalia""]","[""Chordata""]","[""Mammalia""]","[""Carnivora""]","[""Enhydra lutris""]","[""Enhydra""]"
Prevalence of embedded shotgun pellets in protected and in legally hunted medium-sized carnivores in Denmark,"Illegal killings of protected species may significantly affect their population status or lower recovery rates after protection. Poaching is difficult to monitor directly, hence indirect methods are required to document poaching incidences and levels. The use of shotguns inevitably results in wounding some animals that are not killed. Inefficient hunting methods may result in high annual infliction rates in game species. To reduce wounding of game species, an action plan was implemented in Denmark. Using X-ray analysis, we monitor trends in prevalence of embedded shotgun pellets in the legally hunted red fox (Vulpes vulpes) after the implementation of the action plan, and assess poaching levels of two protected species, the otter (Lutra lutra) and the badger (Meles meles) in Denmark. Overall, 13.8% of the red foxes and 6.9% of the otters carried embedded shotgun pellets, while none were recorded in badgers. The prevalence of embedded shotgun pellets in red foxes declined from 24.9% to 8.5% from the late 1990s to the late 2000s, while no change was recorded in otters. Prevalence of embedded shotgun pellets was similar in otters and red foxes collected in the late 2000s. The decline in wounded red foxes suggests that the hunting methods have changed after the action plan was implemented in Denmark. The high proportion of otters carrying embedded shotgun pellets shows that there is a significant poaching of this protected species in Denmark, possibly by hunters and fish farmers that cannot distinguish between otter and non-native American mink (Neovison vison).",10.1007/s10344-012-0621-7,Wright et al,WOS:000306696100010,"[""Animalia""]","[""Chordata""]","[""Mammalia""]","[""Carnivora""]","[""Lutra lutra"", ""Meles meles""]","[""Lutra"", ""Meles""]"
Good medicine for conservation biology: The intersection of epidemiology and conservation theory,"Infectious disease can be a concern for several aspects of conservation biology, such as determining threats to species, estimating population viability, and designing reserves, captive breeding, and recovery programs. Several measures are useful for describing infectious diseases in host populations, but it is not straightforward to determine the degree to which a particular disease may affect a host population. The most basic epidemiological theory suggests that populations should be least subject to host-specific infectious disease when they are at low abundance ( paradoxically, the state at which they are in most need of conservation action). There are important exceptions, however, such as when a reservoir host exists or when Allee or stochastic effects occur. Several of the key threats to biodiversity-habitat alteration, introduced species, pollution, resource exploitation, and climate change-can facilitate and/or impair transmission of infectious disease. Common management tools such as population viability analysis rarely address infectious disease explicitly. We suggest that such an inclusion is both possible and warranted. Considerations of infectious disease may influence the way we determine whether a species is in need of protection and how we might design reserves and captive breeding programs. Examples from the literature suggest that (1) introduced pathogens can make abundant species rare and (2) diseases of domestic animals can dramatically affect rare species. For both scenarios, conditions that cause stress or reduce genetic variation may increase susceptibility to disease, whereas crowding and cross-species contact can increase transmission. Southern sea otters ( Enhydra lutris nereis ) make an interesting case study for consideration of the intersection of epidemiology and conservation because disease may be an important factor limiting the growth of otter populations. We conclude that pathogens are of increasing concern for conservation. Because many newly emerging pathogen dynamics often do not conform to the simplifying assumptions used in classic epidemiology, a detailed understanding of pathogen life history will illuminate the intersection of epidemiology and conservation theory.",10.1046/j.1523-1739.2002.00446.x,Wright et al,WOS:000175832000008,"[""Animalia""]","[""Chordata""]","[""Mammalia""]","[""Carnivora""]","[""Enhydra lutris""]","[""Enhydra""]"
Ultrastructural and molecular confirmation of the development of Sarcocystis neurona tissue cysts in the central nervous system of southern sea otters (Enhydra lutris nereis),"In 2004, three wild sea otters were diagnosed with putative Sarcocystis neurona-associated meningoencephalitis by histopathology and immunohistochemistry. Schizonts, free merozoites and tissue cysts were observed in the brains of all three infected animals. Tissue cysts walls from sea otter I (SO1) stained positively using anti-S. neurona polyclonal antiserum. However, positive staining does not preclude infection by closely related or cross-reactive tissue cyst-forming coccidian parasites. Two immature tissue cysts in the brain of SO1 were examined using transmission electron microscopy. Ultrastructural features included cyst walls with thin villous projections up to I pm long with tapered ends and a distinctive, electron-dense outer lining layer composed of linearly-arranged, semi-circular structures with a hob-nailed surface contour. Small numbers of microtubules extended down through the villi into the underlying granular layer. Metrocytes were short and plump with an anterior apical complex, 22 sub-pellicular microtubules, numerous free ribosomes and no rhoptries. Some metrocytes appeared to be dividing, with two adjacent nuclear profiles. Collectively these ultrastructural features were compatible with developing protozoal cysts and were similar to prior descriptions of S. neurona tissue cysts. Panspecific 18S rDNA primers were utilized to identify protozoa infecting the brains of these otters and DNA amplification and additional sequencing at the ITS1 locus confirmed that all three otters were infected with S. neurona. No other Sarcocystis spp. were detected in the brains or skeletal muscles of these animals by immunohistochemistry or PCR. We believe this is the first ultrastructural and molecular confirmation of the development of S. neurona tissue cysts in the CNS of any animal. Published by Elsevier Ltd. on behalf of Australian Society for Parasitology Inc.",10.1016/j.ijpara.2009.04.014,Wright et al,WOS:000269598100007,"[""Animalia""]","[""Chordata""]","[""Mammalia""]","[""Carnivora""]","[""Enhydra lutris""]","[""Enhydra""]"
The presence of rabbits adjacent to roads increases polecat road mortality,"Road mortality is an increasing problem for terrestrial vertebrate conservation due to the increase of both road numbers and vehicle flow. We hypothesize that the probability of a predator being killed on the road is related to the presence of its prey adjacent to the road, which is likely to be related to the use that these predators make of road verges. We aim to identify the features of specific stretches of road where road-kills of a predator (European polecat) occur in Mediterranean landscapes, including the presence of its main prey (European rabbit) and landscape and road features. We compared 85 100 m long stretches of road where at least one road-kill was recorded with 104 stretches without any road-kill in a dry agricultural landscape in central Spain. We used regression analysis to investigate the relationship between road-kill occurrence and the features in the 67% of the cases. Road-kill stretches were characterised by greater numbers of rabbit burrows in the road verges and by higher traffic flow and speed (i.e. higher speed limit, lower proportion of heavy vehicles, wider road and lower proportion of unbroken central lines). Road-kill stretches also had more metres built over bridges and lower densities of people. We validated our best model with a dataset (the 33% of the cases) not included in its development, which correctly classified 82% of road-kill stretches and 89% of non-road kill stretches. Our results highlight the need for taking into account food resource distribution when studying causes of animal road-kills.",10.1007/s10531-008-9499-9,Wright et al,WOS:000262965400010,"[""Animalia""]","[""Chordata""]","[""Mammalia""]","[""Carnivora""]","[""Mustela putorius""]","[""Mustela""]"
Congener-specific model for polychlorinated biphenyl effects on otter (Lutra lutra) and associated sediment quality criteria,"A model for risk assessment was built for simultaneous, congener-specific PCB bioaccumulation from sediment to fish to otters (Lutra lutra). Toxic equivalence factors (TEFs) were used to sum individual congeners in otters to a toxic equivalent concentration (TEQ) relative to 2,3,7,8-tetrachlorodibenzo-p-dioxin. Microbial dechlorination and burial in sediments and bioaccumulation are modeled to predict time trends of PCB concentrations in otters. Effects of accumulated PCBs on otters were assessed for vitamin A metabolism and reproduction, taking model uncertainty into account. Three locations in The Netherlands were modeled with PCB levels in sediment of 1 to 171 pg TEQ/g organic carbon (OC). Almost 100% reduction in litter size was predicted for the most polluted area in 1996. Due to large associated uncertainty, a period of 25 to 80 years may be needed for recovery of otter vitamin A levels and litter size at this site. Calculated median sediment quality criteria (SQC)range between 1 and 12 pg TEQ/g OC, depending on the chosen effect criterion. Uncertainty in calculated effects and SQCs is substantial and is mainly caused by uncertainty in PCB congener 126 accumulation.",10.1002/etc.5620200124,Wright et al,WOS:000165937700024,"[""Animalia""]","[""Chordata""]","[""Mammalia""]","[""Carnivora""]","[""Lutra lutra""]","[""Lutra""]"
A Climate Change Vulnerability Assessment of California's At-Risk Birds,"Conservationists must develop new strategies and adapt existing tools to address the consequences of anthropogenic climate change. To support statewide climate change adaptation, we developed a framework for assessing climate change vulnerability of California's at-risk birds and integrating it into the existing California Bird Species of Special Concern list. We defined climate vulnerability as the amount of evidence that climate change will negatively impact a population. We quantified climate vulnerability by scoring sensitivity (intrinsic characteristics of an organism that make it vulnerable) and exposure (the magnitude of climate change expected) for each taxon. Using the combined sensitivity and exposure scores as an index, we ranked 358 avian taxa, and classified 128 as vulnerable to climate change. Birds associated with wetlands had the largest representation on the list relative to other habitat groups. Of the 29 state or federally listed taxa, 21 were also classified as climate vulnerable, further raising their conservation concern. Integrating climate vulnerability and California's Bird Species of Special Concern list resulted in the addition of five taxa and an increase in priority rank for ten. Our process illustrates a simple, immediate action that can be taken to inform climate change adaptation strategies for wildlife.",10.1371/journal.pone.0029507,Urban et al,WOS:000303006500001,"[""Animalia""]","[""Chordata""]","[""Aves""]",,,
"Invasion of the raccoon dog Nyctereutes procyonoides in Europe: History of colonization, features behind its success, and threats to native fauna","We aimed to review the history of the introduction and colonization of the raccoon dog Nyctereutes procyonoides in Europe, the features behind its successful expansion and its impact on native fauna. The raccoon dog quickly colonized new areas after being introduced to the European part of the former Soviet Union. Today it is widespread in Northern and Eastern Europe and is still spreading in Central Europe. Features behind its success include its adaptability, high reproductive potential, omnivory, hibernation in northern areas, multiple introductions with > 9000 individuals from different localities, and tendency to wander enabling gene flow between populations. Firm evidence of the raccoon dog's negative impact on native fauna, such as a reduction in bird populations, is still scarce. Raccoon dogs may destroy waterfowl nests, although a nest predation study in Latvia did not confirm this. Predator removal studies in Finland suggested that the raccoon dog's impact on game birds is smaller than expected. However, raccoon dogs may have caused local extinction of frog populations, especially on islands. Raccoon dogs may compete with other carnivores for food, for example for carrion in winter, or for the best habitat patches. In northern Europe potential competitors include the red fox Vulpes vulpes and the badger Meles meles, but studies of their diets or habitat preferences do not indicate severe competition. The raccoon dog is an important vector of diseases and parasites, such as rabies, Echinococcus multilocularis and Trichinella spp. and this is no doubt the most severe consequence arising from the spread of this alien species in Europe [Current Zoology 57 (5): 584-598, 2011].",10.1093/czoolo/57.5.584,Wright et al,WOS:000293343700004,"[""Animalia""]","[""Chordata""]","[""Mammalia""]","[""Carnivora""]","[""Mustela putorius"", ""Meles meles"", ""Martes martes""]","[""Mustela"", ""Meles"", ""Martes""]"
Badger hair in shaving brushes comes from protected Eurasian badgers,"The Eurasian badger (Meles meles) is included in Appendix III of the Bern Convention and protected by national laws in many European countries. Badger hair is used to manufacture luxury shaving brushes, although it is frequently argued that the hog badger (Arctonyx collaris), which in Europe is an introduced and unprotected species, is the origin of the hair used. We applied an extraction protocol to recover DNA from the unrooted hair of shaving brushes obtained from commercial companies in The Netherlands and Spain. The tested brushes originated from The Netherlands, Spain, France, Italy and the United Kingdom where the Eurasian badger is a protected species. We sequenced 191 bp of the mitochondrial DNA control region and 170 bp of the cytochrome b gene and compared the sequences obtained with Eurasian badger and hog badger reference sequences of the same mitochondrial DNA regions obtained in our laboratory and from GenBank. Sequences obtained from four shaving brushes were clearly hog badger sequences, whereas four sequences clustered with Eurasian badger sequences of both European and Asian origins. One of the shaving brushes made of Eurasian badger was produced in France, where it is legal to capture or trade the species under certain conditions. The remaining three brushes originated from The Netherlands, where it is illegal to possess, sell, transport or use for commercial purposes dead Eurasian badgers or products derived from them. (c) 2005 Elsevier Ltd. All rights reserved.",10.1016/j.biocon.2005.08.013,Wright et al,WOS:000236096500014,"[""Animalia""]","[""Chordata""]","[""Mammalia""]","[""Carnivora""]","[""Meles meles""]","[""Meles""]"
Dynamics of range margins for metapopulations under climate change,"We link spatially explicit climate change predictions to a dynamic metapopulation model. Predictions of species' responses to climate change, incorporating metapopulation dynamics and elements of dispersal, allow us to explore the range margin dynamics for two lagomorphs of conservation concern. Although the lagomorphs have very different distribution patterns, shifts at the edge of the range were more pronounced than shifts in the overall metapopulation. For Romerolagus diazi (volcano rabbit), the lower elevation range limit shifted upslope by approximately 700 m. This reduced the area occupied by the metapopulation, as the mountain peak currently lacks suitable vegetation. For Lepus timidus (European mountain hare), we modelled the British metapopulation. Increasing the dispersive estimate caused the metapopulation to shift faster on the northern range margin (leading edge). By contrast, it caused the metapopulation to respond to climate change slower, rather than faster, on the southern range margin (trailing edge). The differential responses of the leading and trailing range margins and the relative sensitivity of range limits to climate change compared with that of the metapopulation centroid have important implications for where conservation monitoring should be targeted. Our study demonstrates the importance and possibility of moving from simple bioclimatic envelope models to second-generation models that incorporate both dynamic climate change and metapopulation dynamics.",10.1098/rspb.2008.1681,Urban et al,WOS:000264351900004,"[""Animalia""]","[""Chordata""]","[""Mammalia""]",,,
Projected climate change effects on Rocky Mountain and Great Plains birds: generalities of biodiversity consequences,"Climate change effects on biodiversity are already manifested, and yet no predictive knowledge characterizes the likely nature of these effects. Previous studies suggested an influence of topography on these effects, a possibility tested herein. Bird species with distributions restricted to montane (26 species) and Great Plains (19 species) regions of central and western North America were modeled, and climate change effects on their distributions compared: in general, plains species were more heavily influenced by climate change, with drastic area reductions (mode 35% of distributional area lost under assumption of no dispersal) and dramatic spatial movements (0-400 km shift of range centroid under assumption of no dispersal) of appropriate habitats. These results suggest an important generality regarding climate change effects on biodiversity, and provide useful guidelines for conservation planning.",10.1046/j.1365-2486.2003.00616.x,Urban et al,WOS:000182653700001,"[""Animalia""]","[""Chordata""]","[""Aves""]",,,
Assessing range re-expansion and recolonization of human-impacted landscapes by threatened species: a case study of the otter (Lutra lutra) in Italy,"Detecting and understanding recoveries of threatened species from past and recent presence/absence data is essential to improving conservation efforts. However, false positive trends may be reported because of false absences in past data, therefore appropriate testing is needed. We tested an expansion/recolonization of the otter (Lutra lutra) populations in Italy from a fragmented distribution outlined in the 1984-1985 period by using Monte Carlo simulations. Land-use changes, human depopulation and decrease in influence of anthropogenic features were investigated as potential drivers of recolonization by using GIS modeling. A survey of the entire Italian range of the otter, conducted in 2002-2004, recorded a 2.2-fold increase in the proportion of occupied 10-km squares and 49 local colonizations. The range size and proportion of urban land-use in the 1984-1985 distribution were smaller (P < 0.05) than those derived from simulated surveys based on 49 random false absences versus colonization events. The distribution range expanded southward and nearly reached the southern margins of the peninsula. Recolonization of moderately urbanized landscapes was not accompanied by human depopulation. According to partial logistic regressions, the pure effect of urban land proportion and industry proximity on otter occurrence probability declined by about 48%, suggesting a decreased impact on the stream habitat. Conversely, natural factors, increased in importance by about 116%. The absence of a significant northward expansion in the 20 year period suggests that northward habitat restoration should be planned to encourage further recolonization. On the other hand, potential urban threats in the newly occupied landscapes should be controlled.",10.1007/s10531-009-9618-2,Wright et al,WOS:000269916600010,"[""Animalia""]","[""Chordata""]","[""Mammalia""]","[""Carnivora""]","[""Lutra lutra""]","[""Lutra""]"
Potential Role of Prey in the Recovery of American Martens to Wisconsin,"The American marten (Martes americana), the only state-listed endangered mammal in Wisconsin, has undergone serial reintroductions within the state. Recovery has been slower than anticipated and the limiting factors remain unidentified. The lack of basic knowledge on marten foraging in the Great Lakes Region led us to quantify the diet of martens inhabiting the Chequamegon-Nicolet National Forest (CNNF) in northern Wisconsin using a dual approach of scat and stable isotope analyses. We collected marten scat at winter rest sites within the CNNF from 2000-2011. We identified prey items based on morphological characteristics of indigestible prey remains and calculated percent occurrence for each prey item. We sampled marten hair from museum specimens, and opportunistically from carcasses within the CNNF for isotopic analysis. We collected hair and feather samples from potential prey species in the CNNF in 2010-2013. Our concurrent analyses revealed that shrews and deer were most important to the diet of martens in Wisconsin. These findings contrast with studies conducted elsewhere that report voles as the principle diet items, and shrews as one of the least used prey items. Consequently, such a strong reliance on secondary, less profitable or high-risk prey could be contributing to the delayed recovery of martens in Wisconsin. (c) 2014 The Wildlife Society.",10.1002/jwmg.785,Wright et al,WOS:000344382900019,"[""Animalia""]","[""Chordata""]","[""Mammalia""]","[""Carnivora""]","[""Pekania pennanti""]","[""Pekania""]"
Synanthropy and marine conservation: the case of the marine otter Lontra felina in Southern Chile,"We describe the synanthropic behavior of Lontra felina along its geographic distribution. The marine otter used fishing ports infrastructure for shelter and food. It forages on the remains of fish discarded by fishermen. Identified threats to the conservation of this species in synanthropy include incidental mortality in fisheries and persecution by domestic animals. The opportunities are creating niche food and shelter, which favor the permanence and population growth. Finally, we identify the important variables to consider in future studies on synanthropy of this marine mammal in the socio-ecological systems.",10.4067/S0718-19572012000300022,Wright et al,WOS:000315586800022,"[""Animalia""]","[""Chordata""]","[""Mammalia""]","[""Carnivora""]","[""Lontra felina""]","[""Lontra""]"
First description of adiaspiromycosis in an Eurasian otter (Lutra lutra) in Italy,"Adiaspiromycosis is a pulmonary disease caused by the inhalation of the ubiquitous fungus Emmonsia spp., a common soil inhabitant. Information about the replication and dissemination of the fungus from the primary site is lacking. Members of the Family Mustelidae seem to be highly susceptible to this infection, which has been previously reported in otters (Lutra lutra) in Czech Republic/Slovakia, Finland and in the UK. In many cases, Emmonsia-associated lesions have also been reported as incidental findings during necropsies of otherwise healthy animals. A road-killed male Eurasian otter was submitted for the post-mortem examination on 21st December 2009 at the Veterinary Pathology Unit of the Faculty of Veterinary Medicine of Teramo, as part of the RECAL [RECovery and post-mortem Analysis of Eurasian otters (Lutra lutra) in the National Park of Cilento, Vallo di Diano and Alburni (Salerno, Italy), and surrounding areas] project. Histologically, multifocal round structures with a PAS-positive thick tri-laminar wall and a central basophilic granular mass were observed within the alveoli. The adiaspores were surrounded by a severe granulomatous reaction with high number of macrophages, multinucleated giant cells, eosinophils, neutrophils and fibroblasts. Numerous multifocal cholesterol granulomas were observed close to those fungal-induced. To the best of our knowledge, this is the first description of adiaspiromycosis in an Eurasian otter in Italy.",,Wright et al,WOS:000343748400005,"[""Animalia""]","[""Chordata""]","[""Mammalia""]","[""Carnivora""]","[""Lutra lutra""]","[""Lutra""]"
"Improved reproductive success in otters (Lutra lutra), grey seals (Halichoerus grypus) and sea eagles (Haliaeetus albicilla) from Sweden in relation to concentrations of organochlorine contaminants","We studied indices of reproductive outcome in three aquatic species in relation to organochlorine concentrations during four decades. In female otters, the frequency of signs of reproduction increased after 1990. In grey seals, pregnancy rate increased 1990-2010 and uterine obstructions ceased after 1993. The frequency of uterine tumours was highest 1980-2000. The number of sea eagle nestlings per checked nest increased 1985-2000, while the frequency of desiccated eggs decreased. Organochlorine concentrations decreased at annual rates between 3.5 and 10.2%. The estimated mean concentration (mg/kg lw) for total-PCB decreased from 70 to 8 (otters), from 110 to 15 (seals) and from 955 to 275 (eagles). The corresponding concentrations for Sigma DDT decreased from 3.4 to 0.2 (otters), from 192 to 2.8 (seals) and from 865 to 65 (eagles). This study adds evidence to support the hypothesis that PCBs and DDTs have had strong negative effects on the reproduction and population levels of these species. (C) 2012 Elsevier Ltd. All rights reserved.",10.1016/j.envpol.2012.07.017,Wright et al,WOS:000308450100033,"[""Animalia""]","[""Chordata""]","[""Mammalia""]","[""Carnivora""]","[""Lutra lutra""]","[""Lutra""]"
Does human proximity affect antibody prevalence in marine-foraging river otters (Lontra canadensis)?,"The investigation of diseases of free-ranging river otters (Lontra canadensis) is a primary conservation priority for this species; however, very little is known about diseases of river otters that forage in marine environments. To identify and better understand pathogens that could be important to marine-foraging river otters, other wildlife species, domestic animals, mid humans and to determine if proximity to human population could be a Factor in disease exposure, serum samples from 55 free-ranging marine-foraging river otters were tested for antibodies to selected pathogens. Thirty-five animals were captured in Prince William Sound, Alaska (USA), an area of low human density, and 20 were captured in the San Juan Islands, Washington State (USA), an area characterized by higher human density. Of 40 river otters tested by indirect immunofluoresent antibody test, 17.5% were seropositive (titer >= 320) for Toxoplasma gondii. All positive annuals came from Washington. Of 35 river otters tested for antibodies to Leptospira, interrogans using the microscopic agglutination test, 10 of 20 (50%) from Washington were seropositive (titer >= 200). None of the 15 tested animals from Alaska were positive. Antibodies to Neospora caninum, (n=40), Sarcocystis neurona (n=40), Bntcella abortus (n=55), avian influenza (n=40), canine distemper virus (n=55), phocine disteruper virus (n=55), dolphin morbillivirus (n=55), porpoise morbillivirus (n=55), and Aleutian disease parvovirus (n=46) were not detected. identifying exposure to T gondii and L. interrogans in otters from Washington State but not in otters from Alaska suggests that living proximal to higher human density and its associated agricultural activities, domestic animals, and rodent populations could enhance river otter exposure to these pathogens.",10.7589/0090-3558-43.1.116,Wright et al,WOS:000245140600014,"[""Animalia""]","[""Chordata""]","[""Mammalia""]","[""Carnivora""]","[""Lontra canadensis""]","[""Lontra""]"
Defining key habitats for low density populations of Eurasian badgers in Mediterranean environments,"Populations of Eurasian badgers (Meles meles) living in Mediterranean ecosystems are of conservation concern. Deciduous forests are considered the main habitats of these badger populations in mountains, but key habitats for badgers have not been distinguished in Mediterranean lowlands. We provide a quantitative analysis of the overall habitat selection and preferences of Eurasian badgers in a Mediterranean area (Donana, SW Spain). Data on 17 radiomarked animals in a rabbit-based population and three animals from another population with no single staple food were analysed by compositional analysis for determining selection and preference order, and Jacobs' index for absolute preference/avoidance. Results indicate that, in the rabbit-based area, badgers preferred well-preserved Mediterranean scrubland at every level of the analysis. In the area where badgers had no staple food there was no clear pattern. Rabbit abundance explained a significant amount of variance of the Jacobs' index in the rabbit-based area at all levels of the analysis. It is concluded that badgers are selecting those habitat types which hold key resources, such us food or shelter. Thus, not only deciduous forest and associated pastures, but also scrubland holding healthy rabbit populations are key habitats for Mediterranean badgers living in the Iberian peninsula. (C) 2000 Elsevier Science Ltd. All rights reserved.",10.1016/S0006-3207(00)00043-4,Wright et al,WOS:000088235500005,"[""Animalia""]","[""Chordata""]","[""Mammalia""]","[""Carnivora""]","[""Meles meles""]","[""Meles""]"
Eurasian otter Lutra lutra in developing countries: a resurvey of Albania 22 years after the fall of communism,"In countries with emerging and developing economies the need to promote development and the lack of information on the status of the Near Threatened Eurasian otter Lutra lutra have given rise for concern about the conservation status of the species. In Albania information about the distribution of this otter dates from 1985. In 2013 we re-surveyed 31 sites previously surveyed in 1985, and a further 42 sites throughout the country. At each site nine habitat variables of potential importance to otters were recorded and analysed. Overall the distribution pattern in 2013 did not differ from that recorded in 1985 although a reduction in marking intensity suggested a possible decline in otter numbers. Distribution of the otter has been influenced by land use and human density, suggesting man-induced habitat changes since the fall of communism may have affected the quality and fragmentation of otter habitats.",10.1017/S0030605314000921,Wright et al,WOS:000372525900035,"[""Animalia""]","[""Chordata""]","[""Mammalia""]","[""Carnivora""]","[""Lutra lutra""]","[""Lutra""]"
Changes in sea urchins and kelp following a reduction in sea otter density as a result of the Exxon Valdez oil spill,"Interactions between sea otters Enhydra lutris, sea urchins Strongylocentrotus droebachiensis, and kelp were investigated following the reduction in sea otter density in Prince William Sound, Alaska, after the Exxon Valdez oil spill in 1989. At northern Knight Island, a heavily oiled portion of the sound, sea otter abundance was reduced by a minimum of 50% by the oil spill, and from 1995 through 1998 remained at an estimated 66% lower than in 1973. Where sea otter densities were reduced, there were proportionally more large sea urchins. However, except in some widely scattered aggregations, both density and biomass of sea urchins were similar in an area of reduced sea otter density compared with an area where sea otters remained about 10 times more abundant. Furthermore, there was no change in kelp abundance in the area of reduced sea otter density. This is in contrast to greatly increased biomass of sea urchins and greatly reduced kelp density observed following an approximate 90% decline in sea otter abundance in the western Aleutian Islands. The variation in community response to a reduction in sea otters may be related to the magnitude of the reduction and the non-linear response by sea urchins to changes in predator abundance. The number of surviving sea otters may have been high enough to suppress sea urchin populations in Prince William Sound, but not in the Aleutians. Alternatively, differences in response may have been due to differences in the frequency or magnitude of sea urchin recruitment. Densities of small sea urchins were much higher in the Aleutian system even prior to the reduction in sea otters, suggesting a higher rate of recruitment.",10.3354/meps199281,Wright et al,WOS:000088434300023,"[""Animalia""]","[""Chordata""]","[""Mammalia""]","[""Carnivora""]","[""Enhydra lutris""]","[""Enhydra""]"
"Distribution, Population Status and Habitat Utilization of Common Otter (Lutra lutra) in Neelum Valley, Azad Jammu and Kashmir","Neelum Valley comprises of fascinating wildlife, yet it is not explored due to multiple factors including inaccessibility, no appropriate means of transportation and communication and cross border firing between Pakistan and Indian armed forces. Common otter (Lutra lutra) listed as near threatened by IUCN in the Red List of 2008, has been extinct in much of its range with many populations still thinning and is firmly protected by the Azad Jammu and Kashmir (AJK) Wild Life Act. The present study aimed to find out the distribution, habitat utilization and population status of common otter in Neelum Valley. Study area was divided into zones and localities and eight months surveys of each locality were conducted from December, 2004 to July, 2005. The important vegetation of the area was Rumex histatus, Adhatoda zeyloanica, Cynoglossum lanceolatum, Salix sp, Pinus sp, Cedrus deodara and Cell is eriocarpa. Common otter was found to adapt to rocky area with cave type places, sands and pebbles. Average population was measured by the indirect method of sampling. The animal was distributed in all three zones and 22 localities apart from Nosada locality. A total population of 35 animals was estimated with the average population density of 2.29 animals/km(2) in the study area. Highest average density (2.83 animals/km(2)) was observed in zone B followed by zone C (2.26 animals/km(2)) and A (1.68 animals/km(2)). Locality Salkhala was highly populated with average population density of 3.08 animals/km2 followed by Palri (3.00) and Athmuqam (2.96) while minimum density (0.00) was observed at Nosada locality. Otter population is facing threats from habitat disturbance, hunting and pollution. Cumulative approach is needed to develop a conservation strategy for the survival of common otter in the study area.",,Wright et al,WOS:000298197600031,"[""Animalia""]","[""Chordata""]","[""Mammalia""]","[""Carnivora""]","[""Lutra lutra""]","[""Lutra""]"
"CHANGES IN DIETS OF RIVER OTTERS IN PRINCE WILLIAM SOUND, ALASKA - EFFECTS OF THE EXXON-VALDEZ OIL-SPILL","We studied the effects of the Exxon Valdez oil spill on the diets of river otters (Lutra canadensis) from oiled and nonoiled areas of Prince William Sound, Alaska, U.S.A., in 1989 and 1990. On the basis of identification of prey remains in their feces, otters fed principally on marine, bottom-dwelling fishes. Marine gastropods, bivalves, and crustaceans composed most of the invertebrates in the diet of otters; freshwater and terrestrial food items seldom occurred in their feces. The diets of otters included 149 different taxa, most of which rarely occurred in their feces. Sixty-five taxa occurred greater than or equal to 5 times in our combined data set. Species richness and diversity of prey remains in otter feces were similar on oiled and nonoiled study areas in late winter(April) 1989 (before the oil spill) and during summer (June-October) 1989 following the spill. By summer (July-September) 1990, however, there were significant declines in the richness and diversity of species (mostly bony fish, molluscs, and bivalves) in otter diets on the oiled area. Likewise, the relative abundance of prey remains in otter feces showed strong differences between areas and years, and an area by year interaction. Members of the Perciformes and Archaeogastropoda declined from 1989 to 1990 on the oiled area while they increased on the nonoiled site; Malacostraca exhibited the opposite pattern. These outcomes, when considered with other data on body mass and blood chemistry, strongly suggest that some effects of the oil spill on otters were delayed.",10.1139/z94-133,Wright et al,WOS:A1994PP59100002,"[""Animalia""]","[""Chordata""]","[""Mammalia""]","[""Carnivora""]","[""Lontra canadensis""]","[""Lontra""]"
Temporal and spatial trends in chlorinated hydrocarbon concentrations of mink in Canadian Lakes Erie and St. Clair,"Mink (Mustela vison) carcasses were collected from local commercial trappers from fall 1998 to spring 2003 from tributaries and marshes within 4.8km from the shores of Lakes Erie and St. Clair, including the Wheatley Harbour and St. Clair River Areas of Concern (AOCs), as well as from inland sites (8 to 40km from shore). Liver concentrations, on a lipid weight basis, of chlorinated hydrocarbons were measured and compared among sites and to tissue concentrations of mink from two previous collections from similar sites over the past 25 years. Mink from the western Lake Erie sites, which included the Wheatley Harbour AOC, had significantly higher concentrations of sum PCBs and PCB Aroclors than those from the St. Clair corridor or inland sites, with concentrations from the rest of Lake Erie being intermediate. Dieldrin concentrations were also significantly higher in western Lake Erie than many other sites, and those of oxychlordane and mirex also tended to be higher (0.05 < p < 0.1). There were no differences in contaminant concentrations between the St. Clair River AOC and the downstream non-AOC Lake St. Clair site, with the exception of slightly higher levels of octachlorostyrene (OCS). Concentrations of PCBs and other chlorinated hydrocarbons in mink showed a general decrease over the past two decades. In contrast, PCBs and some organochlorine pesticides tended to increase, significantly so with oxychlordane, in western Lake Erie mink over the same time period. DDE declined at all sites. Currently, mink liver PCB concentrations are within the range associated with reproductive impairment, as determined from captive mink studies, in 11.7% of all animals collected from the Lakes Erie and St. Clair basin overall, but in almost 40% of individuals from western Lake Erie.",10.1007/s10661-005-9083-7,Wright et al,WOS:000236511700013,"[""Animalia""]","[""Chordata""]","[""Mammalia""]","[""Carnivora""]","[""Neovison vison""]","[""Mustela""]"
Marten Fur Harvests and Landscape Change in West-Central Alberta,"Trapping for furbearers remains an important outdoor activity in Alberta, Canada, despite low fur prices and extensive industrial development. We investigated the influence of landscape change on furbearer harvests using 30 years of marten (Martes americana) harvest records, interviews with trappers, and Geographic Information System maps of industrial activity and vegetation types. We used an information-theoretic approach to explore variation in trapper success. Cover type and landscape metrics apparently influenced trapper success, because traplines where martens were consistently caught had less vehicle and all-terrain vehicle access, fewer oil and gas wells, and greater proportion of mature conifer forests than traplines where martens were infrequently caught. We identified an important cutoff value or statistical threshold that identified 45% closed-conifer cover, suggesting that a minimum amount of forest cover is crucial for trappers to catch martens. We conclude that the nature and extent of industrial disturbance is contributing to the decision by trappers to trap as well as influencing their success. We recommend that wildlife managers collect trapping effort information (i.e., species-specific no. of trap-nights) on fur reports in association with landscape changes to monitor furbearer harvests more effectively. (JOURNAL OF WILDLIFE MANAGEMENT 73(6): 894-903; 2009)",10.2193/2008-341,Wright et al,WOS:000268724200011,"[""Animalia""]","[""Chordata""]","[""Mammalia""]","[""Carnivora""]","[""Martes americana""]","[""Martes""]"
Evaluation of an indirect fluorescent antibody test (IFAT) for demonstration of antibodies to Toxoplasma gondii in the sea otter (Enhydra lutris),"An indirect fluorescent antibody test (IFAT) tor detection of Taxoplasma gondii infection wits validated using serum front 77 necropsied southern sea otters (Enhydra lutris nereis) whose T. gondii infection status was determined through immunohistochemistry and parasite isolation in cell Culture. Twenty-eight otters (36%) were positive for T. gondii by immunohistochemistry or parasite isolation or both, whereas 49 (64%) were negative by both tests. At a cutoff Of 1:320. combined values for IFAT sensitivity and specificity were maximized at 96.4 and 67.3%. respectively. The area under tire receiver-operating characteristic curve for the IFAT was 0.84. A titer of 1:320 was used IS cutoff When screening serum Collected from live-sampled sea otters from California (n = 80). Washington (n = 21). and Alaska (n = 65) for T. gondii infection. Thirty-six percent (29 Out Of 80) of Call sea otters (E. lutris nereis) and 38% (8 out of 21) of Washington sea otters (E. lutris kenyoni) were seropositive for T. gondii. compared with 0% (0 out of 65) of Alaskan sea otters (E. lutris kenyoni).",10.1645/0022-3395(2002)088[0594:EOAIFA]2.0.CO;2,Wright et al,WOS:000176526500027,"[""Animalia""]","[""Chordata""]","[""Mammalia""]","[""Carnivora""]","[""Enhydra lutris""]","[""Enhydra""]"
Ecological effectiveness:: Conservation goals for interactive species,"The rarity or absence of highly interactive species leaves a functional void that can trigger linked changes leading to degraded or simplified ecosystems. A preliminary analysis indicates a relatively high frequency of such interactive species among endangered mammals. Rapid environmental change is likely to increase the interactivity of some species and reduce that of others over relatively short intervals. The current implementation of environmental policies and laws, such as the U. S. Endangered Species Act, generally ignores interspecific effects; recovery goals are autecological, short term, and numerically and spatially minimalistic. Moreover, by failing to account for interspecific interactions, recovery objectives are becoming indefensible in light of increasing knowledge from community ecology. Using the sea otter (Enhydra lutris) and wolf (Canis lupus) as examples, we argue that conservation plans should call for recovery or repatriation of such interactive species at ecologically effective densities in as many places as are currently realistic. It will be prudent and beneficial to estimate ecologically effective densities where there is disagreement among experts and interested parties about the desirability of restoring an interactive species to a particular region and to a particular density.",10.1046/j.1523-1739.2003.01599.x,Wright et al,WOS:000185473000010,"[""Animalia""]","[""Chordata""]","[""Mammalia""]","[""Carnivora""]","[""Enhydra lutris""]","[""Enhydra""]"
"Concentrations of organohalogens (PCBs, DDTs, PBDEs) in hunted and stranded Northern sea otters (Enhydra lutris kenyoni) in Alaska from 1992 to 2010: Links to pathology and feeding ecology","Many organohalogen compounds (OHCs) are persistent organic pollutants (POPs) found in appreciable concentrations in marine predators. While production of some POPs has declined or ceased in recent decades, their capacity for global transport and bioaccumulation results in observations of unchanging or increasing concentrations in marine systems. Sea otters (Enhydra lutris) have been advocated as an environmental sentinel for contaminants due to their longevity, site fidelity and prey species that often overlap with human consumption. Using archived (1992-2010) samples of livers from Northern sea otters (n= 50) from Alaska we examine concentrations of chlordanes (CHLs), polychlorinated biphenyls (PCBs), dichlorodiphenyltrichloroethane (DDTs), and polybrominated diphenyl ethers (PBDEs) and associated metabolites. We found some evidence for declining Sigma PCBs over the two decades, however for most animals concentrations were low compared to toxicological thresholds. Six animals had relatively high concentrations of Sigma PCBs (mean = 262,000 ng/g lipid weight), Sigma DDTs (mean = 8,800 ng/g/lw), and Sigma PBDEs (mean = 4,600 ng/g lw), with four of these six animals experiencing hepatic parasitism or hepatitis. In order to assess whether differences in POP concentrations are associated with feeding ecology, we examined stable isotopes of C and N in archived muscle and whisker samples. In general, there were no significant relationships between Sigma POP concentrations and stable isotope ratios. There were small differences in stable isotope profiles in animals with high POP concentrations, although it was unclear if these differences were due to feeding ecology or disease processes. This study highlights the importance of considering feeding ecology and necropsy (health and disease status) datawhile conducting contaminant surveys, and confirms some previous reports of trends in OHCs in Alaska marine mammals. (c) 2019 Elsevier B.V. All rights reserved.",10.1016/j.scitotenv.2019.07.040,Wright et al,WOS:000504009600075,"[""Animalia""]","[""Chordata""]","[""Mammalia""]","[""Carnivora""]","[""Enhydra lutris""]","[""Enhydra""]"
"A new distributional record for Lyncodon patagonicus (Carnivora: Mustelidae), one of the smallest and least known mustelids of South America","The Patagonian weasel (Lyncodon patagonicus) is a small, rare, and little known carnivore. Its distribution, which includes several fossil and historical records, spans western Argentina and southern Chile. According to recent studies, its populations are declining, affecting its conservation. In this paper we report a new locality of occurrence for the species based on a photographed individual from Lihue Calel National Park, La Pampa Province. The importance of this record is that it is located 173 km southwest from the nearest previously known reference, and helps to fill a wide gap in the center of its range, where there were no previous records. All Rights Reserved (C) 2016 Universidad Nacional Autonoma de Mexico, Institute de Biologia. This is an open access item distributed under the Creative Commons CC License BY-NC-ND 4.0.",10.1016/j.rmb.2016.06.012,Wright et al,WOS:000384873700034,"[""Animalia""]","[""Chordata""]","[""Mammalia""]","[""Carnivora""]","[""Lyncodon patagonicus""]","[""Lyncodon""]"
Detecting and inferring cause of change in an Alaska nearshore marine ecosystem,"Community composition, species abundance, and species distribution are expected to change while monitoring ecosystems over time, and effective management of natural resources requires understanding mechanisms contributing to change. Marine ecosystems in particular can be difficult to monitor, in part due to large, multidimensional spatial scales and complex dynamics. However, within the temperate marine ecosystems, the nearshore food web is reasonably well described. This food web is ecologically and socially important, spatially constrained, and has been the focus of extensive experimental research that describes the underlying mechanisms important to system dynamics. Here, we describe a monitoring program initiated in 2006 that focuses on the nearshore benthic food web in the Gulf of Alaska, whose design anticipates potential causes of ecosystem change to improve rigor, resolution, and confidence in understanding the mechanisms underlying change. We established 15 long-term monitoring sites across more than 1000 km of coastline, including 10 within two national parks and 5 within Prince William Sound, area of the 1989 Exxon Valdez oil spill. The program evaluates six ecological indicators and more than 200 species that range from primary producers to top-level consumers, and is designed to examine both bottom-up and top-down dynamics. Employing a design that allows broad spatial inference and selecting species with direct food-web linkages, we demonstrate the ability of our monitoring program to simultaneously detect change and assess potential mechanisms underlying that change. Detecting change and understanding mechanisms can help guide management and conservation policy. Specifically, we provide an example focusing on the sea otter (Enhydra lutris) that illustrates how (1) analytical methods are used to evaluate changes on various scales and infer potential mechanisms of change, (2) food-web linkages can enhance the understanding of changes and their effects, and (3) data can be used to inform management.",10.1002/ecs2.1489,Wright et al,WOS:000387216300028,"[""Animalia""]","[""Chordata""]","[""Mammalia""]","[""Carnivora""]","[""Enhydra lutris""]","[""Enhydra""]"
Growth in otter (Lutra lutra) populations in the UK as shown by long-term monitoring,"European otters declined dramatically from the 1950s, disappearing from many rivers. We report here on long-term monitoring (from 1977) in 3 catchments in western Britain that were recolonized naturally and in 2 catchments in eastern England that were reinforced by captive-bred otters. A minimum of 16-years data was collected on each river until 2002. At a series of sites in each study river, the percentages which were positive for otters and the number of spraints per sprainting Site were recorded and combined to produce an annual index of population. One western river, naturally recolonized, showed rapid early population growth for 5 years, followed by slower growth, while growth was steadier in 2 catchments which already held some otters at the beginning of the study. Colonization on the eastern rivers was slower, with greater fluctuations over time. Annual population growth rates were estimated at 1-7%, higher in the earlier years. A strategy for annual monitoring of otters is recommended.",10.1639/0044-7447(2004)033[0148:GIOLLP]2.0.CO;2,Wright et al,WOS:000221132300006,"[""Animalia""]","[""Chordata""]","[""Mammalia""]","[""Carnivora""]","[""Lutra lutra""]","[""Lutra""]"
"Lead Levels in Eurasian Otters Decline with Time and Reveal Interactions between Sources, Prevailing Weather, And Stream Chemistry","The uptake of contaminants by biota varies spatially and temporally due to a complex range of interacting environmental variables, but such complexities are typically disregarded in studies of temporal change. Here, we use linear modeling to explore spatial and temporal variation in bone Pb levels measured in samples taken from 329 Eurasian otters (Lutra lutra) found dead in southwest England. Between 1992 and 2004 Pb levels in otters fell by 73%, following UK legislative control of Pb emissions implemented since the mid 1980s. Spatial variation in bone Pb was positively correlated with modeled Pb emissions and stream sediment Pb, which interacted negatively with wind speed and sediment Ca, respectively. Opportunistic collection of samples from wildlife mortalities provided a valuable opportunity for monitoring environmental contamination, interpretation of which was aided by spatially explicit analysis of environmental variables.",10.1021/es1034602,Wright et al,WOS:000287637100026,"[""Animalia""]","[""Chordata""]","[""Mammalia""]","[""Carnivora""]","[""Lutra lutra""]","[""Lutra""]"
Scale-dependent Factors Affecting North American River Otter Distribution in the Midwest,"The North American river otter (Lontra canadensis) is recovering from near extirpation throughout much of its range. Although reintroductions, trapping regulations and habitat improvements have led to the reestablishment of river otters in the Midwest, little is known about how their distribution is influenced by local- and landscape-scale habitat. We conducted river otter sign surveys from Jan. to Apr. in 2008 and 2009 in eastern Kansas to assess how local- and landscape-scale habitat factors affect river otter occupancy. We surveyed three to nine 400-m stretches of stream and reservoir shorelines for 110 sites and measured local-scale variables (e.g., stream order, land cover types) within a 100 m buffer of the survey site and landscape-scale variables (e.g., road density, land cover types) for Hydrological Unit Code 14 watersheds. We then used occupancy models that account for the probability of detection to estimate occupancy as a function of these covariates using Program PRESENCE. The best-fitting model indicated river otter occupancy increased with the proportion of woodland cover and decreased with the proportion of cropland and grassland cover at the local scale. Occupancy also increased with decreased shoreline diversity, waterbody density and stream density at the landscape scale. Occupancy was not affected by land cover or human disturbance at the landscape scale. Understanding the factors and scale important to river otter occurrence will be useful in identifying areas for management and continued restoration.",10.1674/0003-0031-166.1.177,Wright et al,WOS:000292803700015,"[""Animalia""]","[""Chordata""]","[""Mammalia""]","[""Carnivora""]","[""Lontra canadensis""]","[""Lontra""]"
"Patterns of genetic variation in the endangered European mink (Mustela lutreola L., 1761)","Background: The European mink (Mustela lutreola, L. 1761) is a critically endangered mustelid, which inhabits several main river drainages in Europe. Here, we assess the genetic variation of existing populations of this species, including new sampling sites and additional molecular markers (newly developed microsatellite loci specific to European mink) as compared to previous studies. Probabilistic analyses were used to examine genetic structure within and between existing populations, and to infer phylogeographic processes and past demography. Results: According to both mitochondrial and nuclear microsatellite markers, Northeastern (Russia, Estonia and Belarus) and Southeastern (Romania) European populations showed the highest intraspecific diversity. In contrast, Western European (France and Spain) populations were the least polymorphic, featuring a unique mitochondrial DNA haplotype. The high differentiation values detected between Eastern and Western European populations could be the result of genetic drift in the latter due to population isolation and reduction. Genetic differences among populations were further supported by Bayesian clustering and two main groups were confirmed (Eastern vs. Western Europe) along with two contained subgroups at a more local scale (Northeastern vs. Southeastern Europe; France vs. Spain). Conclusions: Genetic data and performed analyses support a historical scenario of stable European mink populations, not affected by Quaternary climate oscillations in the Late Pleistocene, and posterior expansion events following river connections in both North-and Southeastern European populations. This suggests an eastern refuge during glacial maxima (as already proposed for boreal and continental species). In contrast, Western Europe was colonised more recently following either natural expansions or putative human introductions. Low levels of genetic diversity observed within each studied population suggest recent bottleneck events and stress the urgent need for conservation measures to counteract the demographic decline experienced by the European mink.",10.1186/s12862-015-0427-9,Wright et al,WOS:000357972000002,"[""Animalia""]","[""Chordata""]","[""Mammalia""]","[""Carnivora""]","[""Mustela lutreola""]","[""Mustela""]"
Induction of cytochrome P450 1A1 expression in captive river otters fed Prudhoe Bay crude oil: evaluation by immunohistochemistry and quantitative RT-PCR,"Numerous studies have explored the relationships between exposure to a variety of environmental contaminants, such as polycyclic aromatic hydrocarbons, and induction of cytochrome P450 1A (CYP1A) in different vertebrates. Few controlled studies, however, simulated chronic long-term exposure with repeated non-lethal sampling of the same individuals, which should better represent repeated exposure incidents in animals inhabiting polluted areas. In this study, we investigated the effects of chronic exposure to crude oil on levels of CYP1A1 in endothelial cells of skin biopsies and peripheral mononuclear blood cells in captive river otters (Lontra canadensis) using repeated sampling of the same individuals. We hypothesized that ingestion of oil would result in an increase in levels of CYP1A1 in both targets, and predicted that the relationship between prolonged exposure and expression of CYP1A1 would reach a plateau indicative of continuous detoxification of hydrocarbons. Fifteen wild-caught male otters were acclimated to captivity, and then fed diets containing no oil (control) or diets containing weathered crude oil at 5 mg day(-1) kg(-1) body weight (low-dose) and 50 mg day(-1) kg(-1) body weight (high-dose), at the Alaska Sealife Center in Seward, Alaska, USA. Expression of CYP1A1 was assessed with immunohistochemical analysis of CYP1A1 protein in skin biopsies and by quantitative RT-PCR analysis of CYP1A1 mRNA in mononuclear blood cells. Both assays revealed a decrease between capture and the transfer to captivity, indicating that the enclosure at the Alaska Sealife Center, and the food we offered to the otters were free of potential inducers of CYP1A1. During the exposure period, increases in CYP1A1 expression were registered by both techniques, followed by a decline in CYP1A1 after oil administration ended. Levels of endothelial CYP1A1 in the high-dose group were comparable to those recorded for wild river otters in PWS in 1996 and 1997. Levels of CPY1A1 mRNA in mononuclear blood cells, however, were well below levels recorded for river otters in Prince William Sound, and no correlation was detected between values obtained from the two methods. Thus, our results from this longitudinal study with repeated sampling of the same individuals provide support for the use of cytochrome P450 1A1 as a biomarker for hydrocarbon exposure. Nonetheless, our results also suggest that the induction process of CYP1A1 may be complicated and interacting with other processes in vivo. Such interactions may obscure our ability to describe specific, quantitative, predictable, dose-response relationships between exposure to hydrocarbons and induction of CYP1A1, which are required of reliable biomarkers. Evaluations of such interactions based on theoretical physiological models in live-animals merit further investigation.",10.1080/13547500010014513,Wright et al,WOS:000169344500004,"[""Animalia""]","[""Chordata""]","[""Mammalia""]","[""Carnivora""]","[""Lontra canadensis""]","[""Lontra""]"
Genetic monitoring suggests increasing structure following recolonization by fishers,"Population bottlenecks, fragmentation, and isolation can have lasting effects on population genetic structure by decreasing diversity and increasing differentiation among regions. Fishers (Pekania pennanti) were extirpated from many regions of Ontario, Canada, in the early twentieth century because of overharvest, habitat loss, and predator control, although the species has since recolonized much of its former range. Between 2001 and 2003, the recolonized population could be split into several genetically distinct clusters likely corresponding to historical trapping refuges. We reassessed the genetic diversity and population structure of fishers approximately 10 years after recolonization to determine whether homogenization had occurred among genetic clusters, and whether hypothesized northward migration had continued following recolonization of southeastern Ontario by fishers from the Adirondack Mountains of New York, USA. We found no significant changes in the uppermost level of genetic structure but did find evidence of increased lower-level structure and decreased migration throughout the province, contrary to our hypothesis. This may be indicative of a reduction in fisher density or could be due to the population reaching a migration-drift equilibrium following a period of rapid expansion. Our results highlight the potential importance and utility of continued genetic monitoring following local extirpation and recolonization. Conservation managers can use periodically sampled population genetic information to adapt and update management strategies. (c) 2018 The Wildlife Society. Gene flow among fishers in Ontario, Canada has decreased since 2001-2003, hierarchical genetic structure appears to have increased, and expansion from southeastern Ontario is no longer occurring, or is occurring at a smaller scale than it was 10 years ago. Continued genetic monitoring of fishers in southeastern and central Ontario is warranted.",10.1002/jwmg.21495,Wright et al,WOS:000442501700009,"[""Animalia""]","[""Chordata""]","[""Mammalia""]","[""Carnivora""]","[""Pekania pennanti""]","[""Pekania""]"
Extinction vulnerability of tropical montane endemism from warming and upslope displacement: a preliminary appraisal for the highest massif in Madagascar,"One of the predicted biological responses to climate warming is the upslope displacement of species distributions. In the tropics, because montane assemblages frequently include local endemics that are distributed close to summits, these species may be especially vulnerable to experiencing complete habitat loss from warming. However, there is currently a dearth of information available for tropical regions. Here, we present a preliminary appraisal of this extinction threat using the herpetological assemblage of the Tsaratanana Massif in northern Madagascar (the island's highest massif), which is rich with montane endemism. We present meteorological evidence (individual and combined regional weather station data and reanalysis forecast data) for recent warming in Madagascar, and show that this trend is consistent with recent climate model simulations. Using standard moist adiabatic lapse rates, these observed meteorological warming trends in northern Madagascar predict upslope species displacement of 17-74 m per decade between 1993 and 2003. Over this same period, we also report preliminary data supporting a trend for upslope distribution movements, based on two surveys we completed at Tsaratanana. For 30 species, representing five families of reptiles and amphibians, we found overall mean shifts in elevational midpoint of 19-51 m upslope (mean lower elevation limit 29-114 m; mean upper elevation limit -8 to 53 m). We also found upslope trends in mean and median elevational observations in seven and six of nine species analysed. Phenological differences between these surveys do not appear to be substantial, but these upslope shifts are consistent with the predictions based on meteorological warming. An elevational range displacement analysis projects complete habitat loss for three species below the 2 degrees C 'dangerous' warming threshold. One of these species is not contracting its distribution, but the other two were not resampled in 2003. A preliminary review of the other massifs in Madagascar indicates potential similar vulnerability to habitat loss and upslope extinction. Consequently, we urgently recommend additional elevational surveys for these and other tropical montane assemblages, which should also include, when possible, the monitoring of local meteorological conditions and habitat change.",10.1111/j.1365-2486.2008.01596.x,Urban et al,WOS:000257712400001,"[""Animalia""]","[""Chordata""]","[""Amphibia""]",,,
"Impact of a natural disaster on the habitat and occurrence of Lontra longicaudis (Mustelidae, Carnivora) in Serra da Prata, Parana, Brazil","Studies about natural disasters impact on fauna are rare in the scientific literature. Concerning Lontra longicaudis (Olfers, 1818), published data could not be found. This study aimed to determine whether the landslides occurred in March 2011 in part of the slopes of Serra da Prata (Parana, Brazil) affected the occurrence of the Neotropical Otter in the impacted area. With this purpose, the study area comprehended an affected river (Rio Santa Cruz -RSC), on the east face of those mountains that was compared to another one, on the same face and with similar original features, but not affected by the natural disaster (Rio das Pombas - RP). The study area is located within the boundaries of a conservation unit (Parque Nacional de Saint-Hilaire/Lange, PNSHL). Seven field campaigns from the altitudinal limit of PNSHL (60 m a.s.l.) towards upstream, were conducted between August 2012 and July 2013. Campaigns consisted of an active search for evidence (scats, footprints, scratches) and otter dens along 3 km of river banks. Other mammal records were also registered. Each evidence was noted down on a field book, photographed and georeferenced. Dens were monitored along field campaigns. Concerning otters, 102 vestiges (11 scratches, 11 footprints and 80 scats) and 17 dens were recorded in the not affected river (RP); and the affected river (RSC) presented only four vestiges (three footprints, one scat) and one den. Other mammal records denoted the presence of eight taxa at RP and 14 at RSC. The conspicuous differences in the amount of evidences of otter presence indicate that the natural disaster affected the otter population in RSC river and that even more than two years later otters had only discreetly come back. On the other hand, other mammal species, such as Cuniculus paca (Linnaeus, 1758) reoccupied the river banks abundantly.",10.1590/1678-4766e2017039,Wright et al,WOS:000414198000004,"[""Animalia""]","[""Chordata""]","[""Mammalia""]","[""Carnivora""]","[""Lontra longicaudis""]","[""Lontra""]"
Land use drivers of species re-expansion: inferring colonization dynamics in Eurasian otters,"Aim Land use intensity has been recognized as one of the major determinants of native species declines. The re-expansion of species previously constrained by habitat degradation has been rarely investigated. Here, we use site occupancy models incorporating imperfect detection to identify the land use drivers of the re-expansion of the Eurasian otter (Lutra lutra). Location Czech Republic. Methods We applied multi-season occupancy models to otter presencenon-detection data collected in three national surveys (1992, 2000, 2006) at 552 sites (11.2 X 12 km grid cells). Model parameters included site occupancy, colonization and extinction probabilities, and detection probability at a sub-site level. We modelled changes in occupancy over time as a function of agricultural, urban and industrial land use and change in the extent of agricultural land use. Results Under the best fitting model, occupancy was estimated to be 34.6% in 1992, 51.3% in 2000 and 83.7% in 2006. Detection probability was neither perfect nor constant. Occupancy probability in 1992 was negatively related to land use gradients. Colonization was more likely to occur where a reduction in agricultural land was larger. Variation in extinction and colonization rates along land use gradients resulted in increased occupancy in industrial and especially urban landscapes. Conversely, occupancy remained almost unchanged along agricultural gradients. Main conclusions Dynamics of otter expansion were strongly associated with the two main patterns of the rapid environmental transition that has taken place in the Czech Republic since the early 1990s. Results show that a reduction in intensive agricultural land use led to an increase in otter distribution, providing evidence of the impact of agricultural land use on stream ecosystems. Moreover, otters recolonized urban and industrial landscapes, probably as a result of extensive reduction in water pollution from point sources. Our results suggest that active conservation of otter populations should focus on restoration of freshwater habitat at large scales, especially in agricultural landscapes.",10.1111/j.1472-4642.2012.00898.x,Wright et al,WOS:000308466900005,"[""Animalia""]","[""Chordata""]","[""Mammalia""]","[""Carnivora""]","[""Lutra lutra""]","[""Lutra""]"
"Prevalence, distribution and pathological significance of the bile fluke Pseudamphistomum truncatum in Eurasian otters (Lutra lutra) in Great Britain","Postmortem examinations on 160 otters found dead in Great Britain from 2005 to 2007 showed a high prevalence of infection with the bile fluke Pseudamphistomum truncatum in otters from Somerset and Dorset but no infection in otters from other areas, including Cornwall, the western half of Devon, northeast England and Scotland. Cases were also recorded for the first time in Gloucestershire and East Anglia. Eighteen of the 28 infected otters were male and no cubs were infected, but there was no significant correlation between infection status and sex or age. There was a strong positive correlation between bile fluke infection and gall bladder pathology. Thirty otters had thickened gall bladders resulting from hyperplasia of the epithelial and smooth muscle layers, fibrosis and infiltration by inflammatory cells and 19 of these were infected. No flukes were detected in the other II otters with abnormal gall bladders, possibly as a result of a successful immune response. The majority of otters with thickened gall bladders were in good physical condition but a positive association was not confirmed statistically. Fluke infection was also detected in nine of the 130 otters with apparently normal gall bladders. Liver pathology ranged from mild bile duct hyperplasia and periportal fibrosis to severe sclerosing cholangitis, hepatocyte necrosis and bile stasis. No otters were found to have died as a result of fluke infection, but there was a negative association, approaching significance, between infection and body condition.",10.1136/vr.164.13.397,Wright et al,WOS:000265174900010,"[""Animalia""]","[""Chordata""]","[""Mammalia""]","[""Carnivora""]","[""Lutra lutra""]","[""Lutra""]"
New Density Estimates of a Threatened Sifaka Species ( Propithecus coquereli) in Ankarafantsika National Park,"Propithecus coquereli is one of the last sifaka species for which no reliable and extensive density estimates are yet available. Despite its endangered conservation status [IUCN, 2012] and recognition as a flagship species of the northwestern dry forests of Madagascar, its population in its last main refugium, the Ankarafantsika National Park (ANP), is still poorly known. Using line transect distance sampling surveys we estimated population density and abundance in the ANP. Furthermore, we investigated the effects of road, forest edge, river proximity and group size on sighting frequencies, and density estimates. We provide here the first population density estimates throughout the ANP. We found that density varied greatly among surveyed sites (from 5 to approximate to 100ind/km(2)) which could result from significant (negative) effects of road, and forest edge, and/or a (positive) effect of river proximity. Our results also suggest that the population size may be approximate to 47,000 individuals in the ANP, hinting that the population likely underwent a strong decline in some parts of the Park in recent decades, possibly caused by habitat loss from fires and charcoal production and by poaching. We suggest community-based conservation actions for the largest remaining population of Coquerel's sifaka which will (i) maintain forest connectivity; (ii) implement alternatives to deforestation through charcoal production, logging, and grass fires; (iii) reduce poaching; and (iv) enable long-term monitoring of the population in collaboration with local authorities and researchers. Am. J. Primatol. 76:515-528, 2014. (c) 2014 Wiley Periodicals, Inc.",10.1002/ajp.22243,Benitez lopez et al,WOS:000335490200001,"[""Animalia""]","[""Chordata""]","[""Aves""]","[""Primates""]","[""Propithecus coquereli""]",
The sustainability of subsistence hunting of peccaries in the Argentine Chaco,"Subsistence hunting practiced by poor rural and indigenous people in Latin America differentially affects the three species of peccaries (Artiodactyla: Tayassuidae). Sustainability of subsistence hunting of peccaries in the Argentine semi-arid Chaco, where the three species coexist, was unknown. My objectives were to determine the importance of peccaries for the local people, describe the current pattern of hunting and its impact on the three species of peccary and identify the factors that affect hunting sustainability. I found that many rural (70%) and village people (40%) consumed peccaries. White-lipped and chacoan peccaries were more susceptible to overharvesting than collared peccary. Current rates of hunting of white-lipped and chacoan peccaries are likely not sustainable because: (a) density of both species was between two to three times higher inside a protected area than outside; (b) populations have declined near larger villages and in older settlements; (c) herds sizes were small in comparison with other regions; (d) large number of juveniles less than one year old were harvested; (e) hunting did not discriminate based on sex or reproductive status and (f) The unified harvest model indicated unsustainable harvest because more than 40% of the reproductive production was taken and populations densities were less than 60% carrying capacities. In contrast, harvest of collared peccary seems sustainable at the current rates of hunting by rural peasants. Other threats such as forest exploitation, however, are accelerating, and are likely to reduce sustainability. (c) 2005 Elsevier Ltd. All rights reserved.",10.1016/j.biocon.2005.06.024,Benitez lopez et al,WOS:000232993900006,"[""Animalia""]","[""Chordata""]","[""Aves""]","[""Cetartiodactyla""]","[""Catagonus wagneri"", ""Pecari tajacu"", ""Tayassu pecari""]",
"The habitat, ecological life conditions, and usage characteristics of the otter (Lutra lutra L. 1758) in the Balikdami Wildlife Development Area","The study was conducted to determine the habitat usage characteristics of the otter, which provides important information on the status of aquatic and coastal ecosystems. The Balikdami (Fish House) Wildlife Development Area, where the study was carried out, was registered in 1994 and was declared a natural site in 1998. The total area of the site is 1470 km(2). In order to determine the habitat usage characteristics of the otter, photo traps were placed according to the assumed habitat characteristics between the river and the terrestrial areas near the river. Previous research suggested that there should be at least 15 days of observation. In this study, 11 photo traps were left in the study area at a ratio of 1463 camera traps/day. A total of 37 different otter images were obtained in 3, 4, and 5 points at the end of the study. The data indicated that the otters preferred to use places that were close to the aquatic aquarium. They did not prefer densely vegetated areas, open areas, and places where there was human intervention, large construction, water borders, water pump edges, and areas with high human activity. The otters were active at night. While the number of otters is increasing in Turkey, according to the International Union for Conservation of Nature (IUCN) Red List, otters are in the NT (near threat) category. The otter is protected in all countries where it is increasing in number. Therefore, a better understanding of the habitat preferences of the otter will help us to better protect it.",10.1007/s10661-019-7833-1,Wright et al,WOS:000490283900001,"[""Animalia""]","[""Chordata""]","[""Mammalia""]","[""Carnivora""]","[""Lutra lutra""]","[""Lutra""]"
A long-term study of vitamin A and polychlorinated hydrocarbon levels in otters (Lutra lutra) in south west England,"Seventy-seven wild otters (Lutra (lutra) found dead in south west England between 1988 and 1996 were examined post mortem. Liver samples were analysed from 56 otters for polychlorinated hydrocarbons and from 40 for vitamin A (retinol). There was a significant decline in the levels of pollutants over the study period and this coincided with a marked increase in vitamin A levels. However, a causal relationship was not established. Low vitamin A levels were prevalent in the early years of the study but no conclusive pathological lesions due to deficiency were seen. It is suggested that vitamin A deficiency may have been widespread in Britain's otter population until recently and may have been implicated in the earlier decline. Crown Copyright (C) 2000 Published by Elsevier Science Ltd. All rights reserved.",10.1016/S0269-7491(99)00307-3,Wright et al,WOS:000088347700009,"[""Animalia""]","[""Chordata""]","[""Mammalia""]","[""Carnivora""]","[""Lutra lutra""]","[""Lutra""]"
"Body size, and interactions between European and American mink (Mustela lutreola and M-vison) in Eastern Europe","Body sizes of European mink (Mustela lutreola L.), polecat (M. putorius L.) and American mink (M. vison Schreber) were studied over a 10-year period in an area of north-eastern Belarus, before and after the invasion by American mink, and data are presented on interspecific interactions. On arrival in the study area American mink males were larger than males of European mink and polecat, and American mink females were larger than females of the other species. After arrival of the American mink its mean body size decreased, whilst the resident male and female European mink and female polecat increased as measured in absolute mass, length and relative mass. The observations suggest a strong character convergence most plausibly explained as a response to the invading exotic by the residents as well as in the invading species itself, whilst a divergence had been expected. There was no evidence to show whether these differences were genetically based. The body size data are consistent with the hypothesis that European mink, and to a lesser extent polecat, are responding to direct aggression from American mink (rather than merely competing for resources), with the smaller individual European mink being more likely to disappear first. We provide direct evidence for the aggressive nature of inter-specific relations from observations using radio-tracking: all observed inter-specific interactions were aggressive, significantly more so than intraspecific encounters, causing the European mink to flee, and several left the study area altogether. Implications for niche theory and for conservation management are discussed.",10.1017/S0952836999008110,Wright et al,WOS:000082062700011,"[""Animalia""]","[""Chordata""]","[""Mammalia""]","[""Carnivora""]","[""Mustela lutreola""]","[""Mustela""]"
Clinical pathology and assessment of pathogen exposure in southern and Alaskan sea otters,"The southern sea otter (Enhydra lutris nereis) population in California (USA) and the Alaskan sea otter (E. lutris kenyoni) population in the Aleutian Islands (USA) chain have recently declined. In order to evaluate disease as a contributing factor to the declines, health assessments of these two sea otter populations were conducted by evaluating hematologic and/or serum biochemical values and exposure to six marine and terrestrial pathogens using blood collected during ongoing studies from 1995 through 2000. Samples from 72 free-ranging Alaskan, 78 free-ranging southern, and (for pathogen exposure only) 41 debilitated southern sea otters in rehabilitation facilities were evaluated and compared to investigate regional differences. Serum chemistry and hematology values did not indicate a specific disease process as a cause for the declines. Statistically significant differences were found between free-ranging adult southern and Alaskan population mean serum levels of creatinine kinase, alkaline phosphatase, alanine aminotransferase, aspartate aminotransferase, calcium, cholesterol, creatinine, glucose, phosphorous, total bilirubin, blood urea nitrogen, and sodium. These were likely due to varying parasite loads, contaminant exposures, and physiologic or nutrition statuses. No free-ranging sea otters had signs of disease at capture, and prevalences of exposure to calicivirus, Brucella spp., and Leptospira spp. were low. The high prevalence (35%) of antibodies to Toxoplasma gondii in free-ranging southern sea otters, lack of antibodies to this parasite in Alaskan sea otters, and the pathogen's propensity to cause mortality in southern sea otters suggests that this parasite may be important to sea otter population dynamics in California but not in Alaska. The evidence for exposure to pathogens of public health importance (e.g., Leptospira spp., T gondii) in the southern sea otter population, and the naivete of both populations to other pathogens (e.g., morbillivirus and Coccidiodes immitis) may have important implications for their management and recovery.",10.7589/0090-3558-39.4.837,Wright et al,WOS:000187791800011,"[""Animalia""]","[""Chordata""]","[""Mammalia""]","[""Carnivora""]","[""Enhydra lutris""]","[""Enhydra""]"
"Thelazia callipaeda in mustelids from Romania with the European badger, Meles meles, as a new host for this parasite","BackgroundThelazia callipaeda (Spirurida, Thelaziidae) is a vector-borne zoonotic eye worm with a broad host spectrum. In Europe, it is an emerging threat, having greatly expanded its geographical distribution during the past two decades. In Romania, T. callipaeda has been previously reported in domestic and wild canids and felids. The aim of the present study was to assess the occurrence of T. callipaeda in mustelids in the country.MethodsBetween March 2015 and April 2019, 77 road-killed mustelids (3 pine martens, Martes martes; 6 European polecats, Mustela putorius; 13 beech martens, Martes foina; and 55 European badgers, Meles meles) were examined by necropsy. If present, all ocular nematodes were collected and stored in absolute ethanol, for subsequent morphological and molecular identification.ResultsTwo animals were found to be infected with T. callipaeda: one European badger and one beech marten. The molecular analysis revealed a 100% nucleotide similarity to T. callipaeda haplotype h1 for all the sequenced specimens.ConclusionsTo our knowledge, the present study demonstrates for the first time the occurrence of T. callipaeda in mustelids from Romania, records the easternmost locality of the parasite in Europe, and represents the first report of T. callipaeda in the European badger, Meles meles, extending the known host range for this parasite in Europe.",10.1186/s13071-019-3631-4,Wright et al,WOS:000477592400005,"[""Animalia""]","[""Chordata""]","[""Mammalia""]","[""Carnivora""]","[""Meles meles""]","[""Meles""]"
THE ITALIAN ACTION PLAN FOR THE ENDANGERED EURASIAN OTTER LUTRA LUTRA,"Although recent evidence of the species recovery has been reported for many European countries, in Italy the Eurasian otter Lutra lutra is still considered endangered. Otter populations are confined to few river basins in the southern part of the peninsula and these are both geographically and genetically isolated from other European populations. This critical situation led the Italian Ministry of Environment to promote the production of an Action Plan for the otter in Italy, whose methods, aims and actions are briefly summarized.",,Wright et al,WOS:000280348900002,"[""Animalia""]","[""Chordata""]","[""Mammalia""]","[""Carnivora""]","[""Lutra lutra""]","[""Lutra""]"
"Using presence-absence data to build and test spatial habitat models for the fisher in the Klamath region, USA","Forest carnivores such as the fisher (Martes pennanti) have frequently been the target of conservation concern because of their association in some regions with older forests and sensibility to landscape-level habitat alteration. Although the fisher has been extirpated from most of its former range in the western United States, it is still found in northwestern California, Fisher distribution, however, is still poorly known in most of this region where surveys have not been conducted. To predict fisher distribution across the region, we created a multiple logistic regression model using data from 682 previously surveyed locations and a vegetation layer created from satellite imagery. A moving-window function in a geographic information system was used to derive landscape-level indices of canopy closure, tree size class, and percent conifer. The model was validated with new data from 468 survey locations. The correct classification rate of 78.6% with the new data was similar to that achieved with the original data set (80.4%). Whereas several fine-scale habitat attributes were significantly correlated with fisher presence, the multivariate model containing only landscape- and regional-scale variables performed as well as one incorporating fine-scale data, suggesting that habitat selection by fishers may be dominated by factors operating at the home-range scale and above. Fisher distribution was strongly associated with landscapes with high levels of tree canopy closure. Regional gradients such as annual precipitation were also significant. At the plot level, the diameter of hardwoods was greater at sites with fisher detections. A comparison of regional fisher distribution with land-management categories suggests that increased emphasis on the protection of biologically productive, low- to mid-elevation forests is important to ensuring the long-term viability of fisher populations.",10.1046/j.1523-1739.1999.98364.x,Wright et al,WOS:000083963100016,"[""Animalia""]","[""Chordata""]","[""Mammalia""]","[""Carnivora""]","[""Pekania pennanti""]","[""Pekania""]"
"Mechanisms influencing the winter distribution of wolverine Gulo gulo luscus ien the southern Columbia Mountains, Canada","To better understand the mechanisms driving the distribution of a threatened carnivore, wolverine Gulo gulo, in the southern Columbia Mountains, we contrasted four hypotheses; climate, food, human disturbance and trapping harvest. We used non-invasive hair snagging methods to examine wolverine occupancy with respect to these factors, collectively and by sex, at a 5 km radius scale around sampling sites and at a larger 10 km radius to evaluate consistency over changes in scale. For all analyses our top models included food and human disturbance. Of the four food items examined; caribou Rangifer tarandus, mountain goat Oreamnos americanus, moose Alces alces and hoary marmot Marmota caligata, wolverine occurrence was most closely related to hoary marmot habitat. With regards to human disturbance, we documented a negative association with forestry road density and a positive association with protected areas. The importance of climate was low compared to the food and disturbance hypotheses. Somewhat surprisingly, recent harvest was positively associated with subsequent wolverine presence. Our top 10 km scale models were similar to the 5 km scale, but with a stronger positive link to caribou distribution. We show that marmot habitat is important to wolverine in winter and suggest that management actions for conservation prioritize factors related to female occurrence, as these were more clearly defined than male. We demonstrate that human disturbance is a major driver of wolverine distribution. Protected areas appear to be providing secure habitat, and reducing road density or mechanized use of roads in winter should be considered for species conservation. A positive spatial relationship with recent harvest, in the context of a heavily harvested population, suggests that harvest data alone may not be useful in detecting population declines.",10.2981/wlb.00480,Wright et al,WOS:000469183500001,"[""Animalia""]","[""Chordata""]","[""Mammalia""]","[""Carnivora""]","[""Gulo gulo""]","[""Gulo""]"
If a tree falls in a forest: implications of forest structure persistence for the Pacific marten (Martes caurina),"A global decline in large trees, largely driven by anthropogenic influences, has potentially dire consequences for cavity-dependent wildlife. For several species of conservation concern in western North America, including Pacific martens (Martes caurina), fishers (Pekania pennanti), and spotted owls (Strix occidentalis), large live and dead trees (snags) with cavities are forest structural elements that are requisite to fulfilling life history requirements. More than a century may be necessary for trees to develop cavities of a suitable size for use by martens, fishers, and owls, yet the relative amount of time that such trees persist as usable prior to senescence is largely unknown, despite the implications for how forests are managed as habitat for these wildlife species. To address this uncertainty, in 2016, we re-located 44 live trees and snags identified as marten rest structures between 2009 and 2012 in the Lassen National Forest, California. Upon re-location, we assessed structure persistence by determining whether structures had changed type (e.g., a live tree that died and transitioned to a snag) or usability (any structure that was degraded to a point where it was no longer usable by a marten). After 5-7 yr, 25% (n = 11) of marten rest structures changed type and 16% (n = 7) appeared to be unusable-a stark contrast compared to a similar study investigating persistence of fisher rest structures, which documented one-third of the change in structure type and no change in usability over roughly twice the return interval (8-12 yr). Our results emphasize the vast disparity between the lengthy period required for trees to become suitable for marten use and the potentially short period for which they may remain usable. We suggest that forest managers consider the importance of these fine-scale forest structural elements when developing broad-scale strategies to reduce fire risk and improve resilience in western North American forests.",10.1002/ecs2.2819,Wright et al,WOS:000483832300016,"[""Animalia""]","[""Chordata""]","[""Mammalia""]","[""Carnivora""]","[""Martes caurina""]","[""Martes""]"
Reductions in the dietary niche of southern sea otters (Enhydra lutris nereis) from the Holocene to the Anthropocene,"The sea otter (Enhydra lutris) is a marine mammal hunted to near extinction during the 1800s. Despite their well-known modern importance as a keystone species, we know little about historical sea otter ecology. Here, we characterize the ecological niche of ancient southern sea otters (E. lutris nereis) using delta C-13 analysis and delta N-15 analysis of bones recovered from archaeological sites spanning ~7,000 to 350 years before present (N = 112 individuals) at five regions along the coast of California. These data are compared with previously published data on modern animals (N = 165) and potential modern prey items. In addition, we analyze the delta N-15 of individual amino acids for 23 individuals to test for differences in sea otter trophic ecology through time. After correcting for tissue-specific and temporal isotopic effects, we employ nonparametric statistics and Bayesian niche models to quantify differences among ancient and modern animals. We find ancient otters occupied a larger isotopic niche than nearly all modern localities; likely reflecting broader habitat and prey use in prefur trade populations. In addition, ancient sea otters at the most southerly sites occupied an isotopic niche that was more than twice as large as ancient otters from northerly regions. This likely reflects greater invertebrate prey diversity in southern California relative to northern California. Thus, we suggest the potential dietary niche of sea otters in southern California could be larger than in central and northern California. At two sites, Ano Nuevo and Monterey Bay, ancient otters had significantly higher delta N-15 values than modern populations. Amino acid delta N-15 data indicated this resulted from shifting baseline isotope values, rather than a change in sea otter trophic ecology. Our results help in better understanding the contemporary ecological role of sea otters and exemplify the strength of combing zooarchaeological and biological information to provide baseline data for conservation efforts.",10.1002/ece3.6114,Wright et al,WOS:000524417200013,"[""Animalia""]","[""Chordata""]","[""Mammalia""]","[""Carnivora""]","[""Enhydra lutris""]","[""Enhydra""]"
Tools for Assessing Climate Impacts on Fish and Wildlife,"Climate change is already affecting many fish and wildlife populations. Managing these populations requires an understanding of the nature, magnitude, and distribution of current and future climate impacts. Scientists and managers have at their disposal a wide array of models for projecting climate impacts that can be used to build such an understanding. Here, we provide a broad overview of the types of models available for forecasting the effects of climate change on key processes that affect fish and wildlife habitat (hydrology, fire, and vegetation), as well as on individual species distributions and populations. We present a framework for how climate-impacts modeling can be used to address management concerns, providing examples of model-based assessments of climate impacts on salmon populations in the Pacific Northwest, fire regimes in the boreal region of Canada, prairies and savannas in the Willamette Valley-Puget Sound Trough-Georgia Basin ecoregion, and marten Martes americana populations in the northeastern United States and southeastern Canada. We also highlight some key limitations of these models and discuss how such limitations should be managed. We conclude with a general discussion of how these models can be integrated into fish and wildlife management.",10.3996/062012-JFWM-055,Wright et al,WOS:000320306700022,"[""Animalia""]","[""Chordata""]","[""Mammalia""]","[""Carnivora""]","[""Martes americana""]","[""Martes""]"
The response of otters to environmental changes imposed by the construction of large dams,"1. The number of dams is progressively increasing, but nonetheless there are few examples of long-term studies involving otters and these structures. 2. This study assessed how Eurasian otter Lutra lutra responded over time to environmental changes imposed by the construction of a large reservoir, the Alqueva Dam (250km(2), SE Portugal). 3. Otter distribution was monitored over four phases (pre-deforestation/flooding, deforestation, flooding, and post-flooding) from 2000 to 2006 in both the flooded and surrounding areas. During each phase, presence was assessed at two resolutions: 25km(2) (76 survey sites in wet and dry seasons) and 1km(2) (39 survey sites, every three months). In addition, otter spraints were collected at eight survey sites in 2000 (pre-dam) and 2006 (post-dam) to assess and compare otter diet with prey availability. 4. Otters were widespread before dam construction (>82.4% positive cells), decreased during deforestation (68.5%), and particularly during the flooding phase (33.3%), recovered during the post-flooding phase, although not at the level recorded before dam construction (61.5-83.3%). Otter diet was dominated by fish and American crayfish Procambarus clarkii during the pre-deforestation/flooding phase (56.7% fish, 35.3% crayfish) and at the end of the post-flooding phase (60.7% fish, 33.2% crayfish). Species richness of fish prey decreased with flooding (16 to 8), as did the ratio of native/non-native fish species (1.7 to 0.3). 5. Changes in the availability of the main ecological requirements of otter were similar to the changes in the observed otter distribution in the flooded area throughout the impact phases, and decreased during deforestation and flooding with some recovery in the post-flooding phase. 6. The results emphasize the importance of long-term monitoring studies that include several post-impact phases, to evaluate species response to impacts. This will allow better planning of mitigation and compensation measures. Copyright (c) 2013 John Wiley & Sons, Ltd.",10.1002/aqc.2379,Wright et al,WOS:000330802700008,"[""Animalia""]","[""Chordata""]","[""Mammalia""]","[""Carnivora""]","[""Lutra lutra""]","[""Lutra""]"
THE OTTER LUTRA-LUTRA IN SOUTHERN ITALY,"During a survey of otters in southern Italy, signs were found at 16 (8.5%) of the 188 sites visited. The River Sele holds a potentially viable population of otters and there was a remnant population on the River Crati, but positive signs on 5 other rivers were restricted to single sites only. The overall position is bleak. Italian rivers were frequently polluted, riparian vegetation is extensively managed or removed, and disturbance is high from the gravel extraction industry, fishing and hunting.",10.1016/0006-3207(83)90054-X,Wright et al,WOS:A1983PY55800001,"[""Animalia""]","[""Chordata""]","[""Mammalia""]","[""Carnivora""]","[""Lutra lutra""]","[""Lutra""]"
Timelines and mechanisms of wildlife population recovery following the Exxon Valdez oil spill,"Research and monitoring activities over the 28 years since the T/V Exxon Valdez ran aground and spilled oil into Prince William Sound, Alaska have led to an improved understanding of how wildlife populations were damaged, as well as the mechanisms and timelines of recovery. A key finding was that for some species, such as harlequin ducks and sea otters, chronic oil spill effects persisted for at least two decades and were a larger influence on population dynamics over the long term than acute effects of the spill. These data also offer insights into population variation resulting from factors other than the oil spill. For example, while many seabirds experienced direct and indirect effects of the spill, population trajectories of some piscivorous birds, including pigeon guillemots and marbled murrelets, were linked to long-term environmental changes independent of spill effects. Another species, killer whales, suffered population declines due to acute spill effects that have not been resolved despite lack of chronic direct effects, representing a novel pathway of long-term injury. The observed variation in mechanisms and timelines of recovery is linked to species specific life history and natural history traits, and thus may be useful for predicting population recovery for other species following other spills.",10.1016/j.dsr2.2017.04.007,Wright et al,WOS:000428005900006,"[""Animalia""]","[""Chordata""]","[""Mammalia""]","[""Carnivora""]","[""Enhydra lutris"", ""Lontra canadensis""]","[""Enhydra""]"
Bartonella spp. Exposure in Northern and Southern Sea Otters in Alaska and California,"Since 2002, an increased number of northern sea otters (Enhydra lutris kenyoni) from southcentral Alaska have been reported to be dying due to endocarditis and/or septicemia with infection by Streptococcus infantarius subsp. coli. Bartonella spp. DNA was also detected in northern sea otters as part of mortality investigations during this unusual mortality event (UME) in Kachemak Bay, Alaska. To evaluate the extent of exposure to Bartonella spp. in sea otters, sera collected from necropsied and live-captured northern sea otters, as well as necropsied southern sea otters (Enhydra lutris nereis) unaffected by the UME, were analyzed using an immunofluorescent antibody assay. Antibodies against Bartonella spp. were detected in sera from 50% of necropsied and 34% of presumed healthy, live-captured northern sea otters and in 16% of necropsied southern sea otters. The majority of sea otters with reactive sera were seropositive for B. washoensis, with antibody titers ranging from 1:64 to 1:256. Bartonella spp. antibodies were especially common in adult northern sea otters, both free-living (49%) and necropsied (62%). Adult stranded northern sea otters that died from infectious causes, such as opportunistic bacterial infections, were 27 times more likely to be Bartonella seropositive than adult stranded northern sea otters that died from noninfectious causes (p<0.001; 95% confidence interval 2.62-269.4). Because Bartonella spp. antibodies were detected in necropsied northern sea otters from southcentral (44%) and southwestern (86%) stocks of Alaska, as well as in necropsied southern sea otters (16%) in southcentral California, we concluded that Bartonella spp. exposure is widely distributed among sea otter populations in the Eastern Pacific, providing context for investigating future disease outbreaks and monitoring of Bartonella infections for sea otter management and conservation.",10.1089/vbz.2014.1612,Wright et al,WOS:000346351600001,"[""Animalia""]","[""Chordata""]","[""Mammalia""]","[""Carnivora""]","[""Enhydra lutris""]","[""Enhydra""]"
Adverse Outcome Pathway and Risks of Anticoagulant Rodenticides to Predatory Wildlife,"Despite a long history of successful use, routine application of some anticoagulant rodenticides (ARs) may be at a crossroad due to new regulatory guidelines intended to mitigate risk. An adverse outcome pathway for ARs was developed to identify information gaps and end points to assess the effectiveness of regulations. This framework describes chemical properties of ARs, established macromolecular interactions by inhibition of vitamin K epoxide reductase, cellular responses including altered dotting factor processing and coagulopathy, organ level effects such as hemorrhage, organism responses with linkages to reduced fitness and mortality, and potential consequences to predator populations. Risk assessments have led to restrictions affecting use of some second-generation ARs (SGARs) in North America. While the European regulatory community highlighted significant or unacceptable risk of ARs to nontarget wildlife, use of SGARs in most EU member states remains authorized due to public health concerns and the absence of safe alternatives. For purposes of conservation and restoration of island habitats, SGARs remain a mainstay for eradication of invasive species. There are significant data gaps related to exposure pathways, comparative species sensitivity, consequences of sublethal effects, potential hazards of greater AR residues in genetically resistant prey, effects of low-level exposure to multiple rodenticides, and quantitative data on the magnitude of nontarget wildlife mortality.",10.1021/es501740n,Wright et al,WOS:000340080600016,"[""Animalia""]","[""Chordata""]","[""Mammalia""]","[""Carnivora""]","[""Mustela nigripes""]","[""Mustela""]"
EFFICACY OF TWO CANINE DISTEMPER VACCINES IN WILD NEARCTIC RIVER OTTERS (LONTRA CANADENSIS),"Canine distemper virus (CDV), a contagious morbillivirus, infects families in the order Carnivora, including Nearctic river otters (Lontra canadensis). As a preventative measure, vaccinations against CDV are frequently given to mustelids in captive environments. The Pennsylvania River Otter Reintroduction Project (PRORP) used wild-caught river otters to evaluate the efficacy and need for vaccinations against CDV as part of any reintroduction project. The objectives of this study were to: 1) evaluate the prevalence of exposure to CDV in wild river otters, 2) determine the immunologic response of river otters (i.e., seroconversion) after vaccination with a single (primary) vaccine dose compared to a second (booster) dose of Galaxy-D (R), a modified live-virus canine distemper (CD) vaccine (MLV CDV), and 3) determine the immunologic response after being vaccinated with a primary vaccination compared to a booster dose of Fervac-D (R), an MLV CDV. River otters were injected subcutaneously in the nape of the neck with their designated vaccine. Timeframes for collection of blood samples and/or injection of booster vaccines varied depending on the parameters of PRORP. Ten of the 22 river otters had positive prevaccination titer levels to CD. Both vaccines, Galaxy-D (R) and Fervac-D (R), produced sufficient seroconversion or rise of titer levels (86% and 57%, respectively) to recommend the use of vaccines in wild river otters. Future studies are recommended to evaluate currently produced CD vaccines. Future research should also focus on the number of days required between administration of primary and booster vaccines to achieve sufficient immune response. If only a primary dose is required, then hard-release reintroduction projects for river otters could be recommended. If primary and booster vaccines are required then soft-release reintroduction projects should be recommended. Soft-release projects should include captive management periods that allow for appropriate vaccination intervals and boosters needed to maximize the probability of protection against CDV.",10.1638/2013-0145R1.1,Wright et al,WOS:000343401200007,"[""Animalia""]","[""Chordata""]","[""Mammalia""]","[""Carnivora""]","[""Lontra canadensis""]","[""Lontra""]"
Lontra longicaudis infected with canine parvovirus and parasitized by Dioctophyma renale,"This study describes a case of parvovirus infection in a river otter (Lontra longicaudis) assisted at the Wildlife Rehabilitation Center and Wildlife Screening Center, Federal University of Pelotas (UFPeI), Rio Grande do Sul state, Brazil. Clinical signs included apathy, dark and fetid diarrhea, and crusted lesions on the palmar pads of the fore and hind limbs. The animal died after undergoing support treatment with antibiotics, anti-inflammatory, and fluid therapy. At necropsy, the intestines were reddened and edematous and the right kidney was diminished by one third of its normal size and covered with whitish, spongy material. A female Dioctophyma renale was found free in the abdominal cavity. Histologically, dilatation of the intestinal crypts and fusion and blunting of the intestinal villi were observed. In addition, moderate, multifocal lymphocytic enteritis with lymphoid depletion in Peyer's patches and mesenteric lymph nodes were present. lmmunohistochemistry with anti-canine parvovirus monoclonal antibody (anti-CPV) was strongly positive in the bone marrow cells and enterocytes of the intestinal crypts, confirming the diagnosis of parvovirus infection. The peritoneum on the right kidney was expanded with a cuboidal cell border, forming multiple papillary projections associated with eggs of D. renale and severe inflammatory infiltrate (giant cells, macrophages, lymphocytes, eosinophils, and plasma cells). Areas of necrosis and mineralization were also observed. Due to fragmentation and degradation of its natural habitat, the otter approached the urban area and was contaminated with the virus, which is hosted and disseminated by domestic animals. Infection with D. renale can be associated with the large population of parasitized domestic animals, which eliminate the helminth eggs through urine, contaminating the environment where the parasite intermediate and paratenic hosts co-inhabit. The diseases of these animals can be a decline factor of wild populations that inhabit the region and are an alert to spillover risk.",10.1590/1678-5150-PVB-5744,Wright et al,WOS:000449559300021,"[""Animalia""]","[""Chordata""]","[""Mammalia""]","[""Carnivora""]","[""Lontra longicaudis""]","[""Lontra""]"
