UT,publication_year,token,normalized_token,exclusion_reason
WOS:000084231600004,2000,TWN,TWN,valid_iso3_without_world_bank_economy
WOS:000085034700006,2000,GUF,GUF,valid_iso3_without_world_bank_economy
WOS:000085036900001,2000,TAN,TAN,unresolved_country_token
WOS:000085539600015,2000,REU,REU,valid_iso3_without_world_bank_economy
WOS:000086118800013,2000,BUL,BUL,unresolved_country_token
WOS:000086153000012,2000,GUF,GUF,valid_iso3_without_world_bank_economy
WOS:000086715100023,2000,FLK,FLK,valid_iso3_without_world_bank_economy
WOS:000086890800008,2000,DEN,DEN,unresolved_country_token
WOS:000087503800051,2000,MAD,MAD,unresolved_country_token
WOS:000088330700001,2000,GUF,GUF,valid_iso3_without_world_bank_economy
WOS:000088576900007,2000,GUF,GUF,valid_iso3_without_world_bank_economy
WOS:000088984500004,2000,TWN,TWN,valid_iso3_without_world_bank_economy
WOS:000165680300018,2000,SGS,SGS,valid_iso3_without_world_bank_economy
WOS:000165680500001,2000,TWN,TWN,valid_iso3_without_world_bank_economy
WOS:000165693700022,2000,FLK,FLK,valid_iso3_without_world_bank_economy
WOS:000166498000004,2000,GUF,GUF,valid_iso3_without_world_bank_economy
WOS:000166531400009,2001,DEN,DEN,unresolved_country_token
WOS:000166678100005,2001,TAN,TAN,unresolved_country_token
WOS:000167524900010,2001,TWN,TWN,valid_iso3_without_world_bank_economy
WOS:000167775900002,2001,TWN,TWN,valid_iso3_without_world_bank_economy
WOS:000168814600002,2001,TWN,TWN,valid_iso3_without_world_bank_economy
WOS:000169869500006,2001,TWN,TWN,valid_iso3_without_world_bank_economy
WOS:000169908200008,2001,YUG,YUG,unresolved_country_token
WOS:000169935500004,2001,TWN,TWN,valid_iso3_without_world_bank_economy
WOS:000170179600039,2001,TAN,TAN,unresolved_country_token
WOS:000170568000007,2001,SHN,SHN,valid_iso3_without_world_bank_economy
WOS:000171451900020,2001,TWN,TWN,valid_iso3_without_world_bank_economy
WOS:000171507700028,2001,DEN,DEN,unresolved_country_token
WOS:000171692900011,2001,TAN,TAN,unresolved_country_token
WOS:000171806100047,2001,TAN,TAN,unresolved_country_token
WOS:000172761100002,2001,TWN,TWN,valid_iso3_without_world_bank_economy
WOS:000173205500009,2001,DEN,DEN,unresolved_country_token
WOS:000173998100005,2001,COK,COK,valid_iso3_without_world_bank_economy
WOS:000174329400008,2002,IOT,IOT,valid_iso3_without_world_bank_economy
WOS:000175099300023,2002,ROM,ROM,unresolved_country_token
WOS:000175225000014,2002,FLK,FLK,valid_iso3_without_world_bank_economy
WOS:000175471100001,2002,TWN,TWN,valid_iso3_without_world_bank_economy
WOS:000176078900008,2002,TWN,TWN,valid_iso3_without_world_bank_economy
WOS:000176268400006,2002,TWN,TWN,valid_iso3_without_world_bank_economy
WOS:000176604900002,2002,TAN,TAN,unresolved_country_token
WOS:000176695800009,2002,TWN,TWN,valid_iso3_without_world_bank_economy
WOS:000176832700016,2002,TAN,TAN,unresolved_country_token
WOS:000176832700018,2002,TAN,TAN,unresolved_country_token
WOS:000177020700005,2002,TWN,TWN,valid_iso3_without_world_bank_economy
WOS:000177616900016,2002,FLK,FLK,valid_iso3_without_world_bank_economy
WOS:000177958400005,2002,TAN,TAN,unresolved_country_token
WOS:000178581200016,2002,TWN,TWN,valid_iso3_without_world_bank_economy
WOS:000179284800008,2002,GUF,GUF,valid_iso3_without_world_bank_economy
WOS:000179284800012,2002,GUF,GUF,valid_iso3_without_world_bank_economy
WOS:000180108400003,2002,TAN,TAN,unresolved_country_token
WOS:000180943000008,2003,BUL,BUL,unresolved_country_token
WOS:000181038100012,2003,TAN,TAN,unresolved_country_token
WOS:000181235400012,2003,TWN,TWN,valid_iso3_without_world_bank_economy
WOS:000182233500005,2002,TWN,TWN,valid_iso3_without_world_bank_economy
WOS:000182292200004,2003,MOR,MOR,unresolved_country_token
WOS:000182495600014,2003,BOT,BOT,unresolved_country_token
WOS:000182606700009,2003,GLP,GLP,valid_iso3_without_world_bank_economy
WOS:000183283400002,2003,TAN,TAN,unresolved_country_token
WOS:000183980200003,2003,PCN,PCN,valid_iso3_without_world_bank_economy
WOS:000184439800006,2003,MAD,MAD,unresolved_country_token
WOS:000184632600006,2003,TWN,TWN,valid_iso3_without_world_bank_economy
WOS:000185536000009,2003,TWN,TWN,valid_iso3_without_world_bank_economy
WOS:000186187200015,2003,TWN,TWN,valid_iso3_without_world_bank_economy
WOS:000186219000013,2003,TAN,TAN,unresolved_country_token
WOS:000186219000027,2003,TAN,TAN,unresolved_country_token
WOS:000186219000041,2003,TAN,TAN,unresolved_country_token
WOS:000186599400022,2003,MAD,MAD,unresolved_country_token
WOS:000186704400018,2003,TWN,TWN,valid_iso3_without_world_bank_economy
WOS:000186977300022,2003,TAN,TAN,unresolved_country_token
WOS:000188644500030,2004,BES,BES,valid_iso3_without_world_bank_economy
WOS:000188644500030,2004,SAB,SAB,unresolved_country_token
WOS:000207799000005,2009,IOT,IOT,valid_iso3_without_world_bank_economy
WOS:000207840800005,2009,TAN,TAN,unresolved_country_token
WOS:000208241000006,2008,TAN,TAN,unresolved_country_token
WOS:000208855500015,2012,TWN,TWN,valid_iso3_without_world_bank_economy
WOS:000208855600019,2012,TWN,TWN,valid_iso3_without_world_bank_economy
WOS:000209432100003,2012,TWN,TWN,valid_iso3_without_world_bank_economy
WOS:000214769500004,2014,TWN,TWN,valid_iso3_without_world_bank_economy
WOS:000214891000003,2011,TAN,TAN,unresolved_country_token
WOS:000218959600005,2013,BUL,BUL,unresolved_country_token
WOS:000219425000046,2009,ROM,ROM,unresolved_country_token
WOS:000220383400005,2004,MAD,MAD,unresolved_country_token
WOS:000220978000067,2004,MAD,MAD,unresolved_country_token
WOS:000221421600013,2004,GUF,GUF,valid_iso3_without_world_bank_economy
WOS:000222143600003,2004,TWN,TWN,valid_iso3_without_world_bank_economy
WOS:000222370700008,2004,TWN,TWN,valid_iso3_without_world_bank_economy
WOS:000222401500038,2004,TWN,TWN,valid_iso3_without_world_bank_economy
WOS:000222853500003,2004,TWN,TWN,valid_iso3_without_world_bank_economy
WOS:000222939900013,2004,TWN,TWN,valid_iso3_without_world_bank_economy
WOS:000223096000016,2004,FLK,FLK,valid_iso3_without_world_bank_economy
WOS:000223744500004,2004,TWN,TWN,valid_iso3_without_world_bank_economy
WOS:000224123300002,2004,GUF,GUF,valid_iso3_without_world_bank_economy
WOS:000224225800009,2004,TWN,TWN,valid_iso3_without_world_bank_economy
WOS:000224879300001,2004,TWN,TWN,valid_iso3_without_world_bank_economy
WOS:000224928800019,2004,TAN,TAN,unresolved_country_token
WOS:000224928800026,2004,TAN,TAN,unresolved_country_token
WOS:000225369100001,2004,UNCK,UNCK,unresolved_country_token
WOS:000225674700004,2005,TWN,TWN,valid_iso3_without_world_bank_economy
WOS:000225825400004,2004,TAN,TAN,unresolved_country_token
WOS:000225970100006,2005,MAD,MAD,unresolved_country_token
WOS:000226205800006,2005,TAN,TAN,unresolved_country_token
WOS:000226263100005,2005,TWN,TWN,valid_iso3_without_world_bank_economy
WOS:000226725500047,2004,AIA,AIA,valid_iso3_without_world_bank_economy
WOS:000226725500047,2004,MSR,MSR,valid_iso3_without_world_bank_economy
WOS:000226951300012,2005,MAD,MAD,unresolved_country_token
WOS:000227336800009,2005,REU,REU,valid_iso3_without_world_bank_economy
WOS:000227608800002,2005,IMPL,IMPL,unresolved_country_token
WOS:000227647600025,2005,BES,BES,valid_iso3_without_world_bank_economy
WOS:000227695600004,2005,TWN,TWN,valid_iso3_without_world_bank_economy
WOS:000228037800012,2005,NEP,NEP,unresolved_country_token
WOS:000228346100019,2005,FLK,FLK,valid_iso3_without_world_bank_economy
WOS:000228428900012,2005,TWN,TWN,valid_iso3_without_world_bank_economy
WOS:000228466900002,2005,MYT,MYT,valid_iso3_without_world_bank_economy
WOS:000228921900011,2005,TAN,TAN,unresolved_country_token
WOS:000228944800017,2005,GUF,GUF,valid_iso3_without_world_bank_economy
WOS:000228944800023,2005,COK,COK,valid_iso3_without_world_bank_economy
WOS:000229011000008,2005,COK,COK,valid_iso3_without_world_bank_economy
WOS:000229056200006,2005,TAN,TAN,unresolved_country_token
WOS:000229191600001,2005,YUG,YUG,unresolved_country_token
WOS:000229419900004,2005,MAD,MAD,unresolved_country_token
WOS:000229534400004,2005,TAN,TAN,unresolved_country_token
WOS:000229534400005,2005,TAN,TAN,unresolved_country_token
WOS:000229573700003,2005,TWN,TWN,valid_iso3_without_world_bank_economy
WOS:000230033300005,2005,TAN,TAN,unresolved_country_token
WOS:000230248700002,2005,FLK,FLK,valid_iso3_without_world_bank_economy
WOS:000231043700002,2005,BES,BES,valid_iso3_without_world_bank_economy
WOS:000231118600017,2005,GUF,GUF,valid_iso3_without_world_bank_economy
WOS:000231186600004,2005,TWN,TWN,valid_iso3_without_world_bank_economy
WOS:000231298500014,2005,TAN,TAN,unresolved_country_token
WOS:000231453200003,2005,TWN,TWN,valid_iso3_without_world_bank_economy
WOS:000231649300021,2005,TWN,TWN,valid_iso3_without_world_bank_economy
WOS:000232921100012,2005,CUR,CUR,unresolved_country_token
WOS:000233001000004,2005,FLK,FLK,valid_iso3_without_world_bank_economy
WOS:000233042000010,2005,TWN,TWN,valid_iso3_without_world_bank_economy
WOS:000233067200043,2005,TAN,TAN,unresolved_country_token
WOS:000233067200045,2005,TAN,TAN,unresolved_country_token
WOS:000233222500004,2005,GUF,GUF,valid_iso3_without_world_bank_economy
WOS:000233381100010,2005,TWN,TWN,valid_iso3_without_world_bank_economy
WOS:000233693000002,2005,HR,HR,unresolved_country_token
WOS:000233733400007,2005,URU,URU,unresolved_country_token
WOS:000234448500007,2005,TAN,TAN,unresolved_country_token
WOS:000234792000037,2006,DEN,DEN,unresolved_country_token
WOS:000235125600002,2005,REU,REU,valid_iso3_without_world_bank_economy
WOS:000235263300014,2006,TWN,TWN,valid_iso3_without_world_bank_economy
WOS:000235376100026,2006,GUF,GUF,valid_iso3_without_world_bank_economy
WOS:000235489200004,2006,BUR,BUR,unresolved_country_token
WOS:000236100800009,2006,TAN,TAN,unresolved_country_token
WOS:000236356800011,2006,TAN,TAN,unresolved_country_token
WOS:000236452300011,2006,Alaotra Basin,ALAOTRABASIN,unresolved_country_token
WOS:000236452300011,2006,Lake Alaotra,LAKEALAOTRA,unresolved_country_token
WOS:000236452300011,2006,locales=[,LOCALES,unresolved_country_token
WOS:000236651400009,2006,TWN,TWN,valid_iso3_without_world_bank_economy
WOS:000236662000004,2006,TWN,TWN,valid_iso3_without_world_bank_economy
WOS:000236766400014,2006,CUR,CUR,unresolved_country_token
WOS:000236991500004,2006,TAN,TAN,unresolved_country_token
WOS:000237011700011,2006,TWN,TWN,valid_iso3_without_world_bank_economy
WOS:000237190200007,2006,TAN,TAN,unresolved_country_token
WOS:000237230500012,2006,TWN,TWN,valid_iso3_without_world_bank_economy
WOS:000237791000004,2006,ROM,ROM,unresolved_country_token
WOS:000238069700013,2006,TAN,TAN,unresolved_country_token
WOS:000238277500017,2006,TWN,TWN,valid_iso3_without_world_bank_economy
WOS:000238453600009,2006,TAN,TAN,unresolved_country_token
WOS:000238946800013,2006,TWN,TWN,valid_iso3_without_world_bank_economy
WOS:000239194200011,2006,TWN,TWN,valid_iso3_without_world_bank_economy
WOS:000239269100004,2006,TAN,TAN,unresolved_country_token
WOS:000239586900003,2006,FLK,FLK,valid_iso3_without_world_bank_economy
WOS:000239855300011,2006,POR,POR,unresolved_country_token
WOS:000240928400023,2006,TWN,TWN,valid_iso3_without_world_bank_economy
WOS:000241222800005,2006,TAN,TAN,unresolved_country_token
WOS:000241310000066,2006,TWN,TWN,valid_iso3_without_world_bank_economy
WOS:000241451500004,2006,TWN,TWN,valid_iso3_without_world_bank_economy
WOS:000242139500002,2006,TAN,TAN,unresolved_country_token
WOS:000242235600006,2006,DEN,DEN,unresolved_country_token
WOS:000242431100014,2006,TWN,TWN,valid_iso3_without_world_bank_economy
WOS:000242494300008,2006,TWN,TWN,valid_iso3_without_world_bank_economy
WOS:000242494300029,2006,MAD,MAD,unresolved_country_token
WOS:000242535900003,2006,TWN,TWN,valid_iso3_without_world_bank_economy
WOS:000242708000006,2006,TWN,TWN,valid_iso3_without_world_bank_economy
WOS:000242724500009,2006,GUF,GUF,valid_iso3_without_world_bank_economy
WOS:000242724500030,2006,MAD,MAD,unresolved_country_token
WOS:000243091800007,2006,GUF,GUF,valid_iso3_without_world_bank_economy
WOS:000243396600001,2007,REU,REU,valid_iso3_without_world_bank_economy
WOS:000243600800015,2007,TWN,TWN,valid_iso3_without_world_bank_economy
WOS:000243828300004,2007,TWN,TWN,valid_iso3_without_world_bank_economy
WOS:000243872700007,2007,TAN,TAN,unresolved_country_token
WOS:000244148800019,2007,GUF,GUF,valid_iso3_without_world_bank_economy
WOS:000244248200009,2006,TAN,TAN,unresolved_country_token
WOS:000244585600017,2007,TWN,TWN,valid_iso3_without_world_bank_economy
WOS:000244819100021,2006,TAN,TAN,unresolved_country_token
WOS:000245169000012,2007,HR,HR,unresolved_country_token
WOS:000246351300009,2007,TKL,TKL,valid_iso3_without_world_bank_economy
WOS:000246369900014,2007,TAN,TAN,unresolved_country_token
WOS:000246843200009,2007,TAN,TAN,unresolved_country_token
WOS:000246905300033,2007,MAD,MAD,unresolved_country_token
WOS:000247228800007,2007,TAN,TAN,unresolved_country_token
WOS:000247398800019,2007,GUF,GUF,valid_iso3_without_world_bank_economy
WOS:000247440700024,2007,MAD,MAD,unresolved_country_token
WOS:000247779400010,2007,GUF,GUF,valid_iso3_without_world_bank_economy
WOS:000249204100007,2007,TAN,TAN,unresolved_country_token
WOS:000249328800011,2007,TWN,TWN,valid_iso3_without_world_bank_economy
WOS:000250297300022,2007,ROM,ROM,unresolved_country_token
WOS:000250555000017,2007,COK,COK,valid_iso3_without_world_bank_economy
WOS:000250587000006,2007,locales [] }?}  }`?  }  }  `  }`  }   }`  }  }  `  `??`  }`  }  0`  }  `  }  `  ???`  }`  ...`  }  `  `  `  `  `  `  ``}  `  not good`  `  `  0`  Sorry`}  `  `  `  `  `  -  `  `  `  `  0`  `  `  `  `  `  `  `  `  `  `  `  `  `  `  `  `  `  `  `  `  `  `  `  `  `  }  `  `  `  `  `  `  `  `  `  `  `  `  `  `  `  `  `  `  `  `  `  `  `  `  `  `  `  `  `  `  `  `  `  `  `  `  `  `  `  `  `  `  `  `  `  `  `  `  `  `  `  `  `  `  `  `  `  `  `  `  `  `  `  `  `  `  `  `  `  `  `  `  `  `  `  `  `  `  `  `  `  `  `  `  `  `  `  `  `  `  `  `  `  `  `  `  `  `  `  `  `  `  `  `  `  `.  This is wrong.  Let's fix.  I will output proper JSON.  The correct: scope,LOCALESNOTGOODSORRYTHISISWRONGLETSFIXIWILLOUTPUTPROPERJSONTHECORRECTSCOPE,unresolved_country_token
WOS:000251239700010,2007,TAN,TAN,unresolved_country_token
WOS:000251239700011,2007,TAN,TAN,unresolved_country_token
WOS:000251241900006,2007,TWN,TWN,valid_iso3_without_world_bank_economy
WOS:000251435400063,2007,TWN,TWN,valid_iso3_without_world_bank_economy
WOS:000251629000006,2007,TWN,TWN,valid_iso3_without_world_bank_economy
WOS:000251782800007,2008,TOG,TOG,unresolved_country_token
WOS:000251791800008,2007,TAN,TAN,unresolved_country_token
WOS:000251966700002,2007,TWN,TWN,valid_iso3_without_world_bank_economy
WOS:000251979900009,2007,GUF,GUF,valid_iso3_without_world_bank_economy
WOS:000252631500001,2007,REU,REU,valid_iso3_without_world_bank_economy
WOS:000252768500006,2008,TWN,TWN,valid_iso3_without_world_bank_economy
WOS:000252831800028,2008,TWN,TWN,valid_iso3_without_world_bank_economy
WOS:000253111800013,2008,TWN,TWN,valid_iso3_without_world_bank_economy
WOS:000253679300002,2007,SGS,SGS,valid_iso3_without_world_bank_economy
WOS:000253732400005,2008,TAN,TAN,unresolved_country_token
WOS:000254242400001,2008,TAN,TAN,unresolved_country_token
WOS:000254798800009,2008,TWN,TWN,valid_iso3_without_world_bank_economy
WOS:000255058600013,2008,TAN,TAN,unresolved_country_token
WOS:000255233900002,2008,TWN,TWN,valid_iso3_without_world_bank_economy
WOS:000255270200001,2008,TAN,TAN,unresolved_country_token
WOS:000255306200002,2008,GLP,GLP,valid_iso3_without_world_bank_economy
WOS:000255376700007,2007,MAD,MAD,unresolved_country_token
WOS:000255538600024,2008,TWN,TWN,valid_iso3_without_world_bank_economy
WOS:000255627200015,2008,ROM,ROM,unresolved_country_token
WOS:000256127900017,2008,MAD,MAD,unresolved_country_token
WOS:000256259900002,2008,TAN,TAN,unresolved_country_token
WOS:000257185000041,2008,TWN,TWN,valid_iso3_without_world_bank_economy
WOS:000257497300029,2008,TAN,TAN,unresolved_country_token
WOS:000257781300005,2008,TWN,TWN,valid_iso3_without_world_bank_economy
WOS:000257786800011,2008,TAN,TAN,unresolved_country_token
WOS:000258017400028,2008,ROM,ROM,unresolved_country_token
WOS:000258327200003,2008,DEN,DEN,unresolved_country_token
WOS:000258750600011,2008,TWN,TWN,valid_iso3_without_world_bank_economy
WOS:000259157900009,2008,TWN,TWN,valid_iso3_without_world_bank_economy
WOS:000259173800003,2008,NIU,NIU,valid_iso3_without_world_bank_economy
WOS:000259277200006,2008,TAN,TAN,unresolved_country_token
WOS:000259277200018,2008,TAN,TAN,unresolved_country_token
WOS:000259301200010,2008,TAN,TAN,unresolved_country_token
WOS:000259721500014,2008,TAN,TAN,unresolved_country_token
WOS:000259948500010,2008,TWN,TWN,valid_iso3_without_world_bank_economy
WOS:000260132400016,2008,TWN,TWN,valid_iso3_without_world_bank_economy
WOS:000260561600008,2008,GUF,GUF,valid_iso3_without_world_bank_economy
WOS:000260566800013,2008,TAN,TAN,unresolved_country_token
WOS:000260762400009,2008,GUF,GUF,valid_iso3_without_world_bank_economy
WOS:000260766600006,2008,TWN,TWN,valid_iso3_without_world_bank_economy
WOS:000261082600007,2008,TWN,TWN,valid_iso3_without_world_bank_economy
WOS:000261243500012,2008,TAN,TAN,unresolved_country_token
WOS:000261395700035,2008,TAN,TAN,unresolved_country_token
WOS:000261433300001,2008,GUF,GUF,valid_iso3_without_world_bank_economy
WOS:000261941800004,2009,TAN,TAN,unresolved_country_token
WOS:000261962300008,2009,MAD,MAD,unresolved_country_token
WOS:000262292000002,2008,GUF,GUF,valid_iso3_without_world_bank_economy
WOS:000262392900009,2009,TWN,TWN,valid_iso3_without_world_bank_economy
WOS:000262395000008,2008,TAN,TAN,unresolved_country_token
WOS:000262465500011,2009,MAD,MAD,unresolved_country_token
WOS:000262684500007,2009,TWN,TWN,valid_iso3_without_world_bank_economy
WOS:000262782400012,2009,TAN,TAN,unresolved_country_token
WOS:000262963500014,2009,TAN,TAN,unresolved_country_token
WOS:000263059400003,2009,REU,REU,valid_iso3_without_world_bank_economy
WOS:000263134600006,2009,GUF,GUF,valid_iso3_without_world_bank_economy
WOS:000263348800007,2008,TWN,TWN,valid_iso3_without_world_bank_economy
WOS:000263395500017,2009,POR,POR,unresolved_country_token
WOS:000263491400005,2009,TWN,TWN,valid_iso3_without_world_bank_economy
WOS:000263521300007,2009,TWN,TWN,valid_iso3_without_world_bank_economy
WOS:000263672200012,2009,TWN,TWN,valid_iso3_without_world_bank_economy
WOS:000263830400001,2009,ROM,ROM,unresolved_country_token
WOS:000263865100002,2009,DEN,DEN,unresolved_country_token
WOS:000263914100007,2009,ATA,ATA,valid_iso3_without_world_bank_economy
WOS:000263914100007,2009,FLK,FLK,valid_iso3_without_world_bank_economy
WOS:000264357100002,2009,TWN,TWN,valid_iso3_without_world_bank_economy
WOS:000264369700003,2009,TWN,TWN,valid_iso3_without_world_bank_economy
WOS:000264437400003,2008,TAN,TAN,unresolved_country_token
WOS:000264564700001,2009,TWN,TWN,valid_iso3_without_world_bank_economy
WOS:000264647500027,2009,TWN,TWN,valid_iso3_without_world_bank_economy
WOS:000264652900016,2009,POR,POR,unresolved_country_token
WOS:000264655400007,2009,RO,RO,unresolved_country_token
WOS:000264854800003,2009,TWN,TWN,valid_iso3_without_world_bank_economy
WOS:000265011300004,2009,TAN,TAN,unresolved_country_token
WOS:000265520300008,2009,TWN,TWN,valid_iso3_without_world_bank_economy
WOS:000265716400001,2009,DEN,DEN,unresolved_country_token
WOS:000265826700001,2009,SLO,SLO,unresolved_country_token
WOS:000265969000006,2009,AIA,AIA,valid_iso3_without_world_bank_economy
WOS:000266087700005,2009,DEN,DEN,unresolved_country_token
WOS:000266156700001,2009,GUF,GUF,valid_iso3_without_world_bank_economy
WOS:000266293400010,2009,TWN,TWN,valid_iso3_without_world_bank_economy
WOS:000266446400021,2009,TWN,TWN,valid_iso3_without_world_bank_economy
WOS:000266782900011,2009,CAM,CAM,unresolved_country_token
WOS:000266810700005,2009,TWN,TWN,valid_iso3_without_world_bank_economy
WOS:000267029700001,2009,MAD,MAD,unresolved_country_token
WOS:000267056400001,2009,TAN,TAN,unresolved_country_token
WOS:000267104000060,2009,TWN,TWN,valid_iso3_without_world_bank_economy
WOS:000267373500003,2009,NEP,NEP,unresolved_country_token
WOS:000267409300023,2009,ASC,ASC,unresolved_country_token
WOS:000267409300027,2009,SOL,SOL,unresolved_country_token
WOS:000267604900012,2009,TWN,TWN,valid_iso3_without_world_bank_economy
WOS:000267719200003,2009,DEN,DEN,unresolved_country_token
WOS:000267810400006,2009,TWN,TWN,valid_iso3_without_world_bank_economy
WOS:000268614800002,2009,TWN,TWN,valid_iso3_without_world_bank_economy
WOS:000268681600014,2009,TWN,TWN,valid_iso3_without_world_bank_economy
WOS:000268970300019,2009,MAD,MAD,unresolved_country_token
WOS:000269189600015,2009,TWN,TWN,valid_iso3_without_world_bank_economy
WOS:000269225300012,2009,TWN,TWN,valid_iso3_without_world_bank_economy
WOS:000269577800002,2009,GUF,GUF,valid_iso3_without_world_bank_economy
WOS:000269682400004,2009,TWN,TWN,valid_iso3_without_world_bank_economy
WOS:000269811500049,2009,ROM,ROM,unresolved_country_token
WOS:000269989500007,2009,TWN,TWN,valid_iso3_without_world_bank_economy
WOS:000270488600015,2009,GUF,GUF,valid_iso3_without_world_bank_economy
WOS:000271002400007,2009,MAD,MAD,unresolved_country_token
WOS:000271625000019,2009,CAM,CAM,unresolved_country_token
WOS:000271669900006,2009,TWN,TWN,valid_iso3_without_world_bank_economy
WOS:000271670200027,2009,TWN,TWN,valid_iso3_without_world_bank_economy
WOS:000271770400018,2010,GUF,GUF,valid_iso3_without_world_bank_economy
WOS:000271963900004,2009,TAN,TAN,unresolved_country_token
WOS:000272214300002,2010,NEP,NEP,unresolved_country_token
WOS:000272367900009,2009,TWN,TWN,valid_iso3_without_world_bank_economy
WOS:000272850300007,2010,MAD,MAD,unresolved_country_token
WOS:000273177600001,2009,CAM,CAM,unresolved_country_token
WOS:000273581200003,2010,TWN,TWN,valid_iso3_without_world_bank_economy
WOS:000273827000006,2010,TAN,TAN,unresolved_country_token
WOS:000273984000004,2010,TWN,TWN,valid_iso3_without_world_bank_economy
WOS:000274199800022,2010,TAN,TAN,unresolved_country_token
WOS:000274365000029,2010,CRO,CRO,unresolved_country_token
WOS:000274378000011,2010,TWN,TWN,valid_iso3_without_world_bank_economy
WOS:000274761000026,2010,SGS,SGS,valid_iso3_without_world_bank_economy
WOS:000275247500005,2010,TWN,TWN,valid_iso3_without_world_bank_economy
WOS:000275342300007,2010,GUF,GUF,valid_iso3_without_world_bank_economy
WOS:000275353100019,2010,BUR,BUR,unresolved_country_token
WOS:000275770700011,2010,TWN,TWN,valid_iso3_without_world_bank_economy
WOS:000276322600009,2010,MAD,MAD,unresolved_country_token
WOS:000277162100003,2010,MAD,MAD,unresolved_country_token
WOS:000277368600004,2010,GUF,GUF,valid_iso3_without_world_bank_economy
WOS:000277716500005,2010,TAN,TAN,unresolved_country_token
WOS:000277720100011,2010,TWN,TWN,valid_iso3_without_world_bank_economy
WOS:000277808700005,2010,MAD,MAD,unresolved_country_token
WOS:000277951400023,2010,TWN,TWN,valid_iso3_without_world_bank_economy
WOS:000278110900006,2010,COK,COK,valid_iso3_without_world_bank_economy
WOS:000278120500010,2010,TWN,TWN,valid_iso3_without_world_bank_economy
WOS:000278134000006,2010,TWN,TWN,valid_iso3_without_world_bank_economy
WOS:000278162700009,2010,TWN,TWN,valid_iso3_without_world_bank_economy
WOS:000278427700012,2010,RO,RO,unresolved_country_token
WOS:000278641500006,2010,TWN,TWN,valid_iso3_without_world_bank_economy
WOS:000278943900019,2010,NEP,NEP,unresolved_country_token
WOS:000278972700005,2010,TWN,TWN,valid_iso3_without_world_bank_economy
WOS:000279097800010,2010,TWN,TWN,valid_iso3_without_world_bank_economy
WOS:000279129100046,2010,NGR,NGR,unresolved_country_token
WOS:000279129300011,2010,TWN,TWN,valid_iso3_without_world_bank_economy
WOS:000279413800004,2010,MAD,MAD,unresolved_country_token
WOS:000279773200022,2010,TWN,TWN,valid_iso3_without_world_bank_economy
WOS:000279807100006,2010,TWN,TWN,valid_iso3_without_world_bank_economy
WOS:000280006100004,2010,TWN,TWN,valid_iso3_without_world_bank_economy
WOS:000280540300005,2010,CAM,CAM,unresolved_country_token
WOS:000280640500013,2010,TWN,TWN,valid_iso3_without_world_bank_economy
WOS:000281597600008,2010,TWN,TWN,valid_iso3_without_world_bank_economy
WOS:000281763400006,2010,TAN,TAN,unresolved_country_token
WOS:000282290500009,2010,TWN,TWN,valid_iso3_without_world_bank_economy
WOS:000282742800004,2010,TWN,TWN,valid_iso3_without_world_bank_economy
WOS:000282824300008,2010,TAN,TAN,unresolved_country_token
WOS:000283045600001,2010,TWN,TWN,valid_iso3_without_world_bank_economy
WOS:000283115200008,2010,TWN,TWN,valid_iso3_without_world_bank_economy
WOS:000283763300004,2010,TWN,TWN,valid_iso3_without_world_bank_economy
WOS:000283899500016,2010,POR,POR,unresolved_country_token
WOS:000284038500025,2010,TWN,TWN,valid_iso3_without_world_bank_economy
WOS:000284118400005,2010,TAN,TAN,unresolved_country_token
WOS:000284355400004,2010,TWN,TWN,valid_iso3_without_world_bank_economy
WOS:000284734300018,2010,Sey,SEY,unresolved_country_token
WOS:000284869000013,2010,TWN,TWN,valid_iso3_without_world_bank_economy
WOS:000285315900007,2010,GUA,GUA,unresolved_country_token
WOS:000285966500014,2010,GUF,GUF,valid_iso3_without_world_bank_economy
WOS:000286390800018,2011,DEN,DEN,unresolved_country_token
WOS:000286471200004,2010,MAD,MAD,unresolved_country_token
WOS:000286957800017,2011,REU,REU,valid_iso3_without_world_bank_economy
WOS:000287245000008,2011,TWN,TWN,valid_iso3_without_world_bank_economy
WOS:000287886700001,2011,TWN,TWN,valid_iso3_without_world_bank_economy
WOS:000287893600003,2011,TAN,TAN,unresolved_country_token
WOS:000288682900009,2010,TAN,TAN,unresolved_country_token
WOS:000288837000010,2011,TWN,TWN,valid_iso3_without_world_bank_economy
WOS:000289005000008,2011,NEP,NEP,unresolved_country_token
WOS:000289641400003,2011,BES,BES,valid_iso3_without_world_bank_economy
WOS:000289728200010,2011,TAN,TAN,unresolved_country_token
WOS:000289820700005,2011,DEN,DEN,unresolved_country_token
WOS:000289876800011,2011,locales=[,LOCALES,unresolved_country_token
WOS:000290171400008,2011,TWN,TWN,valid_iso3_without_world_bank_economy
WOS:000290839900030,2011,GLP,GLP,valid_iso3_without_world_bank_economy
WOS:000290921300010,2011,ROM,ROM,unresolved_country_token
WOS:000291358100004,2011,MAD,MAD,unresolved_country_token
WOS:000291654000015,2011,FLK,FLK,valid_iso3_without_world_bank_economy
WOS:000292375500005,2011,AIA,AIA,valid_iso3_without_world_bank_economy
WOS:000292627300018,2011,TOG,TOG,unresolved_country_token
WOS:000292635200042,2011,TAN,TAN,unresolved_country_token
WOS:000293138400003,2011,TAN,TAN,unresolved_country_token
WOS:000293186900003,2011,TWN,TWN,valid_iso3_without_world_bank_economy
WOS:000293257000006,2011,TWN,TWN,valid_iso3_without_world_bank_economy
WOS:000293811200003,2011,TAN,TAN,unresolved_country_token
WOS:000294092700052,2011,TWN,TWN,valid_iso3_without_world_bank_economy
WOS:000294180600002,2011,TWN,TWN,valid_iso3_without_world_bank_economy
WOS:000294883100001,2011,BES,BES,valid_iso3_without_world_bank_economy
WOS:000295419900005,2011,TAN,TAN,unresolved_country_token
WOS:000295544400004,2011,TWN,TWN,valid_iso3_without_world_bank_economy
WOS:000295577300021,2011,TWN,TWN,valid_iso3_without_world_bank_economy
WOS:000295676100017,2011,NEP,NEP,unresolved_country_token
WOS:000295720400003,2011,TAN,TAN,unresolved_country_token
WOS:000295907300020,2011,ROM,ROM,unresolved_country_token
WOS:000295940200016,2011,ROM,ROM,unresolved_country_token
WOS:000295976000046,2011,TAN,TAN,unresolved_country_token
WOS:000296003300026,2012,MAD,MAD,unresolved_country_token
WOS:000296348000011,2011,MAU,MAU,unresolved_country_token
WOS:000296671700011,2011,ALG,ALG,unresolved_country_token
WOS:000296894900012,2011,MAD,MAD,unresolved_country_token
WOS:000296894900014,2011,TWN,TWN,valid_iso3_without_world_bank_economy
WOS:000297202900013,2011,FLK,FLK,valid_iso3_without_world_bank_economy
WOS:000297361100025,2011,BUL,BUL,unresolved_country_token
WOS:000297512900001,2011,TWN,TWN,valid_iso3_without_world_bank_economy
WOS:000297605800014,2011,TWN,TWN,valid_iso3_without_world_bank_economy
WOS:000297936700009,2011,TWN,TWN,valid_iso3_without_world_bank_economy
WOS:000298123500015,2011,MAD,MAD,unresolved_country_token
WOS:000298203600007,2011,TWN,TWN,valid_iso3_without_world_bank_economy
WOS:000298219300028,2012,TWN,TWN,valid_iso3_without_world_bank_economy
WOS:000298302500007,2011,REU,REU,valid_iso3_without_world_bank_economy
WOS:000298376000032,2011,TWN,TWN,valid_iso3_without_world_bank_economy
WOS:000298521500038,2011,CAM,CAM,unresolved_country_token
WOS:000298873300007,2011,BES,BES,valid_iso3_without_world_bank_economy
WOS:000298918800003,2012,TWN,TWN,valid_iso3_without_world_bank_economy
WOS:000298959500002,2011,AIA,AIA,valid_iso3_without_world_bank_economy
WOS:000299019400012,2011,TWN,TWN,valid_iso3_without_world_bank_economy
WOS:000299426700002,2011,TAN,TAN,unresolved_country_token
WOS:000299444600004,2012,TWN,TWN,valid_iso3_without_world_bank_economy
WOS:000299516200012,2012,SGS,SGS,valid_iso3_without_world_bank_economy
WOS:000299959100011,2012,DEN,DEN,unresolved_country_token
WOS:000300201100008,2012,TWN,TWN,valid_iso3_without_world_bank_economy
WOS:000300903900011,2011,TAN,TAN,unresolved_country_token
WOS:000300979800002,2012,TWN,TWN,valid_iso3_without_world_bank_economy
WOS:000301051400007,2012,DEN,DEN,unresolved_country_token
WOS:000301051400008,2012,TWN,TWN,valid_iso3_without_world_bank_economy
WOS:000301223500003,2012,TWN,TWN,valid_iso3_without_world_bank_economy
WOS:000301355700020,2012,TAN,TAN,unresolved_country_token
WOS:000301875600021,2012,TAN,TAN,unresolved_country_token
WOS:000301991200012,2012,TWN,TWN,valid_iso3_without_world_bank_economy
WOS:000301998000014,2012,ROM,ROM,unresolved_country_token
WOS:000302042700010,2012,TWN,TWN,valid_iso3_without_world_bank_economy
WOS:000302339300013,2012,TWN,TWN,valid_iso3_without_world_bank_economy
WOS:000302972700030,2012,TAN,TAN,unresolved_country_token
WOS:000302986800010,2012,LIT,LIT,unresolved_country_token
WOS:000303243200003,2012,TWN,TWN,valid_iso3_without_world_bank_economy
WOS:000304589200036,2012,TWN,TWN,valid_iso3_without_world_bank_economy
WOS:000304783000017,2012,TAN,TAN,unresolved_country_token
WOS:000305259400004,2012,TWN,TWN,valid_iso3_without_world_bank_economy
WOS:000305343900005,2012,IOT,IOT,valid_iso3_without_world_bank_economy
WOS:000305377800023,2012,MAD,MAD,unresolved_country_token
WOS:000305695100001,2012,TWN,TWN,valid_iso3_without_world_bank_economy
WOS:000305723100003,2012,TWN,TWN,valid_iso3_without_world_bank_economy
WOS:000305808900012,2012,TWN,TWN,valid_iso3_without_world_bank_economy
WOS:000305860200014,2012,GUF,GUF,valid_iso3_without_world_bank_economy
WOS:000306032700020,2012,TWN,TWN,valid_iso3_without_world_bank_economy
WOS:000306298500008,2012,TWN,TWN,valid_iso3_without_world_bank_economy
WOS:000306806600007,2012,POR,POR,unresolved_country_token
WOS:000306879200002,2012,TWN,TWN,valid_iso3_without_world_bank_economy
WOS:000307023700005,2012,TWN,TWN,valid_iso3_without_world_bank_economy
WOS:000307088200019,2012,MAD,MAD,unresolved_country_token
WOS:000307181500020,2012,MAD,MAD,unresolved_country_token
WOS:000307332300038,2012,TWN,TWN,valid_iso3_without_world_bank_economy
WOS:000308206500066,2012,TWN,TWN,valid_iso3_without_world_bank_economy
WOS:000308357800015,2012,TWN,TWN,valid_iso3_without_world_bank_economy
WOS:000308423100030,2012,TWN,TWN,valid_iso3_without_world_bank_economy
WOS:000308680500009,2012,TWN,TWN,valid_iso3_without_world_bank_economy
WOS:000309375900012,2012,NEP,NEP,unresolved_country_token
WOS:000309437100009,2012,TWN,TWN,valid_iso3_without_world_bank_economy
WOS:000309702500007,2013,TWN,TWN,valid_iso3_without_world_bank_economy
WOS:000310396100008,2012,POR,POR,unresolved_country_token
WOS:000310432100003,2012,TAN,TAN,unresolved_country_token
WOS:000311015300001,2012,UNCR,UNCR,unresolved_country_token
WOS:000311059900065,2013,URU,URU,unresolved_country_token
WOS:000311151900189,2012,BUR,BUR,unresolved_country_token
WOS:000311311700016,2012,CGO,CGO,unresolved_country_token
WOS:000311472900005,2012,TAN,TAN,unresolved_country_token
WOS:000311676000004,2012,TWN,TWN,valid_iso3_without_world_bank_economy
WOS:000311676000005,2012,TWN,TWN,valid_iso3_without_world_bank_economy
WOS:000311967600005,2012,TWN,TWN,valid_iso3_without_world_bank_economy
WOS:000312883500010,2013,TWN,TWN,valid_iso3_without_world_bank_economy
WOS:000312993900004,2013,GUF,GUF,valid_iso3_without_world_bank_economy
WOS:000313009300014,2012,TAN,TAN,unresolved_country_token
WOS:000313410700001,2013,TWN,TWN,valid_iso3_without_world_bank_economy
WOS:000313732900003,2013,TWN,TWN,valid_iso3_without_world_bank_economy
WOS:000314137300030,2012,BUL,BUL,unresolved_country_token
WOS:000314300800002,2013,CAM,CAM,unresolved_country_token
WOS:000314371700007,2013,URU,URU,unresolved_country_token
WOS:000314464400005,2012,TAN,TAN,unresolved_country_token
WOS:000314464400006,2012,TAN,TAN,unresolved_country_token
WOS:000314514700013,2012,TWN,TWN,valid_iso3_without_world_bank_economy
WOS:000315001000051,2013,TWN,TWN,valid_iso3_without_world_bank_economy
WOS:000315937300021,2013,TWN,TWN,valid_iso3_without_world_bank_economy
WOS:000316014700002,2013,TWN,TWN,valid_iso3_without_world_bank_economy
WOS:000316286700017,2013,TAN,TAN,unresolved_country_token
WOS:000316888900006,2013,TWN,TWN,valid_iso3_without_world_bank_economy
WOS:000317010600030,2013,TWN,TWN,valid_iso3_without_world_bank_economy
WOS:000317331500022,2013,TWN,TWN,valid_iso3_without_world_bank_economy
WOS:000317456100001,2013,TWN,TWN,valid_iso3_without_world_bank_economy
WOS:000317456100019,2013,TWN,TWN,valid_iso3_without_world_bank_economy
WOS:000317722700015,2013,TWN,TWN,valid_iso3_without_world_bank_economy
WOS:000318840100114,2013,TWN,TWN,valid_iso3_without_world_bank_economy
WOS:000318893800005,2013,MAD,MAD,unresolved_country_token
WOS:000319126200003,2013,SHN,SHN,valid_iso3_without_world_bank_economy
WOS:000319747800011,2013,TWN,TWN,valid_iso3_without_world_bank_economy
WOS:000319753600024,2013,TWN,TWN,valid_iso3_without_world_bank_economy
WOS:000319891900007,2013,TWN,TWN,valid_iso3_without_world_bank_economy
WOS:000319903100012,2013,GUA,GUA,unresolved_country_token
WOS:000320274400003,2013,DEN,DEN,unresolved_country_token
WOS:000320684700003,2013,COK,COK,valid_iso3_without_world_bank_economy
WOS:000320745500014,2013,TWN,TWN,valid_iso3_without_world_bank_economy
WOS:000320747600001,2013,TAN,TAN,unresolved_country_token
WOS:000320840500011,2013,TWN,TWN,valid_iso3_without_world_bank_economy
WOS:000320994600004,2013,KOS,KOS,unresolved_country_token
WOS:000321813500015,2013,KOS,KOS,unresolved_country_token
WOS:000322431800010,2013,TWN,TWN,valid_iso3_without_world_bank_economy
WOS:000322874500017,2013,MAD,MAD,unresolved_country_token
WOS:000323086800007,2013,TAN,TAN,unresolved_country_token
WOS:000323309300006,2013,ROM,ROM,unresolved_country_token
WOS:000323610200033,2013,TWN,TWN,valid_iso3_without_world_bank_economy
WOS:000323701200016,2013,TAN,TAN,unresolved_country_token
WOS:000323733800106,2013,CAM,CAM,unresolved_country_token
WOS:000324146200011,2013,TAN,TAN,unresolved_country_token
WOS:000324356700007,2013,TWN,TWN,valid_iso3_without_world_bank_economy
WOS:000324695900021,2013,TAN,TAN,unresolved_country_token
WOS:000324695900042,2013,TWN,TWN,valid_iso3_without_world_bank_economy
WOS:000324930600012,2013,TAN,TAN,unresolved_country_token
WOS:000324932600011,2013,TWN,TWN,valid_iso3_without_world_bank_economy
WOS:000325803000014,2013,TWN,TWN,valid_iso3_without_world_bank_economy
WOS:000325831200128,2013,TWN,TWN,valid_iso3_without_world_bank_economy
WOS:000326070300003,2013,TWN,TWN,valid_iso3_without_world_bank_economy
WOS:000326127800028,2013,KOS,KOS,unresolved_country_token
WOS:000326996800034,2013,TWN,TWN,valid_iso3_without_world_bank_economy
WOS:000327352400004,2013,NIU,NIU,valid_iso3_without_world_bank_economy
WOS:000327591600014,2013,NEP,NEP,unresolved_country_token
WOS:000327760700002,2013,TWN,TWN,valid_iso3_without_world_bank_economy
WOS:000327760700007,2013,BES,BES,valid_iso3_without_world_bank_economy
WOS:000327760700007,2013,CUR,CUR,unresolved_country_token
WOS:000328487200020,2013,TWN,TWN,valid_iso3_without_world_bank_economy
WOS:000328523900029,2013,ROM,ROM,unresolved_country_token
WOS:000328803000004,2013,TWN,TWN,valid_iso3_without_world_bank_economy
WOS:000329209700023,2013,MAD,MAD,unresolved_country_token
WOS:000329460100084,2014,TAN,TAN,unresolved_country_token
WOS:000329536400026,2014,TWN,TWN,valid_iso3_without_world_bank_economy
WOS:000329769300002,2013,NEP,NEP,unresolved_country_token
WOS:000330965000015,2014,TWN,TWN,valid_iso3_without_world_bank_economy
WOS:000331023100004,2014,TWN,TWN,valid_iso3_without_world_bank_economy
WOS:000331224000003,2014,ROM,ROM,unresolved_country_token
WOS:000331456400028,2014,TWN,TWN,valid_iso3_without_world_bank_economy
WOS:000331706700007,2014,TWN,TWN,valid_iso3_without_world_bank_economy
WOS:000332349600003,2014,DEN,DEN,unresolved_country_token
WOS:000332383100015,2014,ESH,ESH,valid_iso3_without_world_bank_economy
WOS:000332390800008,2014,TAN,TAN,unresolved_country_token
WOS:000332739300010,2014,TAN,TAN,unresolved_country_token
WOS:000333459900027,2014,FLK,FLK,valid_iso3_without_world_bank_economy
WOS:000333499800029,2014,COK,COK,valid_iso3_without_world_bank_economy
WOS:000333801200023,2014,TWN,TWN,valid_iso3_without_world_bank_economy
WOS:000333801200047,2014,TWN,TWN,valid_iso3_without_world_bank_economy
WOS:000334014300042,2013,TWN,TWN,valid_iso3_without_world_bank_economy
WOS:000335298200087,2014,TWN,TWN,valid_iso3_without_world_bank_economy
WOS:000335490200001,2014,MAD,MAD,unresolved_country_token
WOS:000336086000002,2014,TAN,TAN,unresolved_country_token
WOS:000336093500007,2014,TWN,TWN,valid_iso3_without_world_bank_economy
WOS:000336602600005,2014,FLK,FLK,valid_iso3_without_world_bank_economy
WOS:000336830800006,2014,CRO,CRO,unresolved_country_token
WOS:000336863900043,2014,TWN,TWN,valid_iso3_without_world_bank_economy
WOS:000337035000003,2014,TWN,TWN,valid_iso3_without_world_bank_economy
WOS:000337078400007,2014,TWN,TWN,valid_iso3_without_world_bank_economy
WOS:000337660300005,2014,TAN,TAN,unresolved_country_token
WOS:000337855000003,2014,TWN,TWN,valid_iso3_without_world_bank_economy
WOS:000337973100007,2014,TWN,TWN,valid_iso3_without_world_bank_economy
WOS:000338003100010,2014,TWN,TWN,valid_iso3_without_world_bank_economy
WOS:000338237500003,2014,NGR,NGR,unresolved_country_token
WOS:000338600800026,2014,TAN,TAN,unresolved_country_token
WOS:000338601900027,2014,BUL,BUL,unresolved_country_token
WOS:000339039400002,2014,TWN,TWN,valid_iso3_without_world_bank_economy
WOS:000339362500010,2014,ROM,ROM,unresolved_country_token
WOS:000339494900006,2014,MAD,MAD,unresolved_country_token
WOS:000339799700013,2014,TWN,TWN,valid_iso3_without_world_bank_economy
WOS:000339927500012,2014,TWN,TWN,valid_iso3_without_world_bank_economy
WOS:000341471000007,2014,TWN,TWN,valid_iso3_without_world_bank_economy
WOS:000341540300010,2014,TWN,TWN,valid_iso3_without_world_bank_economy
WOS:000341556100044,2014,TWN,TWN,valid_iso3_without_world_bank_economy
WOS:000341556100047,2014,TWN,TWN,valid_iso3_without_world_bank_economy
WOS:000342219200019,2014,TAN,TAN,unresolved_country_token
WOS:000342427700015,2014,TWN,TWN,valid_iso3_without_world_bank_economy
WOS:000342876200016,2014,ROM,ROM,unresolved_country_token
WOS:000343613100069,2014,ROM,ROM,unresolved_country_token
WOS:000343629400025,2014,MAD,MAD,unresolved_country_token
WOS:000343641700009,2014,MAD,MAD,unresolved_country_token
WOS:000343865300007,2014,TAN,TAN,unresolved_country_token
WOS:000344423000017,2014,TAN,TAN,unresolved_country_token
WOS:000344458000017,2014,GUF,GUF,valid_iso3_without_world_bank_economy
WOS:000344606400008,2015,GUF,GUF,valid_iso3_without_world_bank_economy
WOS:000345496200003,2014,MAD,MAD,unresolved_country_token
WOS:000345532000027,2014,TWN,TWN,valid_iso3_without_world_bank_economy
WOS:000345625400004,2015,TWN,TWN,valid_iso3_without_world_bank_economy
WOS:000345730800045,2015,TWN,TWN,valid_iso3_without_world_bank_economy
WOS:000345997000006,2014,TWN,TWN,valid_iso3_without_world_bank_economy
WOS:000346425900006,2014,TWN,TWN,valid_iso3_without_world_bank_economy
WOS:000347161400033,2014,ROM,ROM,unresolved_country_token
WOS:000347270300010,2014,TWN,TWN,valid_iso3_without_world_bank_economy
WOS:000347317900001,2014,TWN,TWN,valid_iso3_without_world_bank_economy
WOS:000347462900004,2015,MYT,MYT,valid_iso3_without_world_bank_economy
WOS:000347494700069,2014,BES,BES,valid_iso3_without_world_bank_economy
WOS:000347526800040,2015,MSR,MSR,valid_iso3_without_world_bank_economy
WOS:000347569200002,2014,TWN,TWN,valid_iso3_without_world_bank_economy
WOS:000347576800020,2015,COK,COK,valid_iso3_without_world_bank_economy
WOS:000347740000019,2015,TWN,TWN,valid_iso3_without_world_bank_economy
WOS:000347768800038,2014,TWN,TWN,valid_iso3_without_world_bank_economy
WOS:000347933400006,2014,TAN,TAN,unresolved_country_token
WOS:000348732100061,2015,TWN,TWN,valid_iso3_without_world_bank_economy
WOS:000349012200017,2015,TWN,TWN,valid_iso3_without_world_bank_economy
WOS:000349193000002,2015,TAN,TAN,unresolved_country_token
WOS:000349501400002,2015,IOT,IOT,valid_iso3_without_world_bank_economy
WOS:000349737000015,2015,TWN,TWN,valid_iso3_without_world_bank_economy
WOS:000349762600001,2015,TWN,TWN,valid_iso3_without_world_bank_economy
WOS:000349912400006,2015,TWN,TWN,valid_iso3_without_world_bank_economy
WOS:000350087900009,2015,TWN,TWN,valid_iso3_without_world_bank_economy
WOS:000350168700065,2015,TAN,TAN,unresolved_country_token
WOS:000350918600030,2015,TWN,TWN,valid_iso3_without_world_bank_economy
WOS:000350980800015,2015,MAD,MAD,unresolved_country_token
WOS:000351286300002,2015,TAN,TAN,unresolved_country_token
WOS:000351286300007,2015,TAN,TAN,unresolved_country_token
WOS:000351795200019,2015,POR,POR,unresolved_country_token
WOS:000351797300022,2015,NEP,NEP,unresolved_country_token
WOS:000351803300003,2015,TAN,TAN,unresolved_country_token
WOS:000351963100021,2015,TWN,TWN,valid_iso3_without_world_bank_economy
WOS:000351977100015,2015,URU,URU,unresolved_country_token
WOS:000352111400006,2015,BUL,BUL,unresolved_country_token
WOS:000352327900035,2015,ZRB,ZRB,unresolved_country_token
WOS:000352466500006,2014,BUL,BUL,unresolved_country_token
WOS:000352466500014,2014,BUL,BUL,unresolved_country_token
WOS:000352466500017,2014,BUL,BUL,unresolved_country_token
WOS:000352628600018,2015,TWN,TWN,valid_iso3_without_world_bank_economy
WOS:000353007200005,2015,GUF,GUF,valid_iso3_without_world_bank_economy
WOS:000353453300005,2015,TAN,TAN,unresolved_country_token
WOS:000353715100020,2015,TWN,TWN,valid_iso3_without_world_bank_economy
WOS:000354151700014,2015,TWN,TWN,valid_iso3_without_world_bank_economy
WOS:000354486800060,2015,TWN,TWN,valid_iso3_without_world_bank_economy
WOS:000354489000003,2015,TWN,TWN,valid_iso3_without_world_bank_economy
WOS:000355353200012,2015,TWN,TWN,valid_iso3_without_world_bank_economy
WOS:000355364200001,2015,TAN,TAN,unresolved_country_token
WOS:000355367900004,2015,TAN,TAN,unresolved_country_token
WOS:000355473500003,2015,TWN,TWN,valid_iso3_without_world_bank_economy
WOS:000355607100009,2015,TWN,TWN,valid_iso3_without_world_bank_economy
WOS:000355758100012,2015,ROM,ROM,unresolved_country_token
WOS:000355963900003,2015,CRO,CRO,unresolved_country_token
WOS:000356567400003,2015,MAD,MAD,unresolved_country_token
WOS:000356616300006,2015,DEN,DEN,unresolved_country_token
WOS:000356794100001,2015,GUF,GUF,valid_iso3_without_world_bank_economy
WOS:000357137000003,2015,WLF,WLF,valid_iso3_without_world_bank_economy
WOS:000357147400008,2015,GUF,GUF,valid_iso3_without_world_bank_economy
WOS:000357596900022,2015,MAD,MAD,unresolved_country_token
WOS:000357719400015,2014,MOR,MOR,unresolved_country_token
WOS:000357752600005,2015,TAN,TAN,unresolved_country_token
WOS:000357902500008,2015,ROM,ROM,unresolved_country_token
WOS:000358197600049,2015,ESH,ESH,valid_iso3_without_world_bank_economy
WOS:000358303500016,2015,MAD,MAD,unresolved_country_token
WOS:000358597100026,2015,MAD,MAD,unresolved_country_token
WOS:000358611500005,2015,BES,BES,valid_iso3_without_world_bank_economy
WOS:000359032900022,2015,TWN,TWN,valid_iso3_without_world_bank_economy
WOS:000360397200011,2015,GLP,GLP,valid_iso3_without_world_bank_economy
WOS:000360417800025,2015,POR,POR,unresolved_country_token
WOS:000360417800056,2015,TWN,TWN,valid_iso3_without_world_bank_economy
WOS:000360673200010,2015,ROM,ROM,unresolved_country_token
WOS:000361181900013,2015,FLK,FLK,valid_iso3_without_world_bank_economy
WOS:000361531100002,2015,TAN,TAN,unresolved_country_token
WOS:000362533800008,2015,MAD,MAD,unresolved_country_token
WOS:000362614900001,2015,ROM,ROM,unresolved_country_token
WOS:000362853600026,2015,FLK,FLK,valid_iso3_without_world_bank_economy
WOS:000363425000002,2015,GUF,GUF,valid_iso3_without_world_bank_economy
WOS:000364434200013,2015,ROM,ROM,unresolved_country_token
WOS:000364436700032,2015,TWN,TWN,valid_iso3_without_world_bank_economy
WOS:000365019300010,2015,MSR,MSR,valid_iso3_without_world_bank_economy
WOS:000365718900001,2015,REU,REU,valid_iso3_without_world_bank_economy
WOS:000365981100006,2015,TWN,TWN,valid_iso3_without_world_bank_economy
WOS:000366136700005,2015,LIB,LIB,unresolved_country_token
WOS:000367102300009,2016,TWN,TWN,valid_iso3_without_world_bank_economy
WOS:000367107600011,2015,TWN,TWN,valid_iso3_without_world_bank_economy
WOS:000367119100014,2015,TWN,TWN,valid_iso3_without_world_bank_economy
WOS:000367149700003,2015,TAN,TAN,unresolved_country_token
WOS:000367383000006,2015,TAN,TAN,unresolved_country_token
WOS:000368022900013,2016,BUL,BUL,unresolved_country_token
WOS:000368045000022,2016,TWN,TWN,valid_iso3_without_world_bank_economy
WOS:000368210100011,2015,ROM,ROM,unresolved_country_token
WOS:000368276600006,2015,TWN,TWN,valid_iso3_without_world_bank_economy
WOS:000368472400011,2015,TAN,TAN,unresolved_country_token
WOS:000368655300087,2016,TWN,TWN,valid_iso3_without_world_bank_economy
WOS:000368962400015,2016,MAD,MAD,unresolved_country_token
WOS:000369162300009,2016,UNCR,UNCR,unresolved_country_token
WOS:000369162300021,2016,UCH,UCH,unresolved_country_token
WOS:000370005000014,2016,CCK,CCK,valid_iso3_without_world_bank_economy
WOS:000370066000017,2016,TWN,TWN,valid_iso3_without_world_bank_economy
WOS:000370108900034,2016,MAD,MAD,unresolved_country_token
WOS:000371654900007,2016,MAD,MAD,unresolved_country_token
WOS:000371898800042,2016,MAD,MAD,unresolved_country_token
WOS:000373241300032,2016,TWN,TWN,valid_iso3_without_world_bank_economy
WOS:000373474500002,2016,TWN,TWN,valid_iso3_without_world_bank_economy
WOS:000373927200009,2016,KOS,KOS,unresolved_country_token
WOS:000373990500011,2015,TWN,TWN,valid_iso3_without_world_bank_economy
WOS:000374249300016,2016,TWN,TWN,valid_iso3_without_world_bank_economy
WOS:000374687500005,2016,MAD,MAD,unresolved_country_token
WOS:000374841800008,2016,TAN,TAN,unresolved_country_token
WOS:000375466700015,2016,TAN,TAN,unresolved_country_token
WOS:000375746800023,2016,TAN,TAN,unresolved_country_token
WOS:000375965600014,2016,GUF,GUF,valid_iso3_without_world_bank_economy
WOS:000376030100077,2016,KOS,KOS,unresolved_country_token
WOS:000376741100015,2016,TWN,TWN,valid_iso3_without_world_bank_economy
WOS:000376798800008,2016,TAN,TAN,unresolved_country_token
WOS:000377023400013,2016,TWN,TWN,valid_iso3_without_world_bank_economy
WOS:000377564000001,2016,ROM,ROM,unresolved_country_token
WOS:000378100200001,2016,CAM,CAM,unresolved_country_token
WOS:000378474400006,2016,TAN,TAN,unresolved_country_token
WOS:000378840300012,2016,TAN,TAN,unresolved_country_token
WOS:000378840300056,2016,ROM,ROM,unresolved_country_token
WOS:000378936200005,2016,TWN,TWN,valid_iso3_without_world_bank_economy
WOS:000379014900009,2016,MAD,MAD,unresolved_country_token
WOS:000379947700005,2016,TAN,TAN,unresolved_country_token
WOS:000380019800005,2016,TWN,TWN,valid_iso3_without_world_bank_economy
WOS:000380234600014,2016,BAN,BAN,unresolved_country_token
WOS:000380365500002,2016,COK,COK,valid_iso3_without_world_bank_economy
WOS:000380417800050,2016,TWN,TWN,valid_iso3_without_world_bank_economy
WOS:000380419000001,2016,locales,LOCALES,unresolved_country_token
WOS:000380760400063,2016,TWN,TWN,valid_iso3_without_world_bank_economy
WOS:000380867200010,2016,TAN,TAN,unresolved_country_token
WOS:000381274100018,2016,ROM,ROM,unresolved_country_token
WOS:000381471100054,2016,TWN,TWN,valid_iso3_without_world_bank_economy
WOS:000381650200079,2016,TAN,TAN,unresolved_country_token
WOS:000381899300020,2016,ROM,ROM,unresolved_country_token
WOS:000382258600086,2016,TWN,TWN,valid_iso3_without_world_bank_economy
WOS:000382769000013,2016,TAN,TAN,unresolved_country_token
WOS:000382769000016,2016,TAN,TAN,unresolved_country_token
WOS:000382769000022,2016,TAN,TAN,unresolved_country_token
WOS:000383533300004,2016,FLK,FLK,valid_iso3_without_world_bank_economy
WOS:000383892100025,2016,TAN,TAN,unresolved_country_token
WOS:000384392800012,2016,POR,POR,unresolved_country_token
WOS:000385323700001,2016,TWN,TWN,valid_iso3_without_world_bank_economy
WOS:000385566200005,2016,MYA,MYA,unresolved_country_token
WOS:000385910400010,2016,ROM,ROM,unresolved_country_token
WOS:000386402200009,2016,TWN,TWN,valid_iso3_without_world_bank_economy
WOS:000386402200034,2016,TWN,TWN,valid_iso3_without_world_bank_economy
WOS:000386933300019,2016,TWN,TWN,valid_iso3_without_world_bank_economy
WOS:000387807200079,2016,TWN,TWN,valid_iso3_without_world_bank_economy
WOS:000388182900005,2016,TAN,TAN,unresolved_country_token
WOS:000388353400003,2016,GUF,GUF,valid_iso3_without_world_bank_economy
WOS:000388581500001,2016,TWN,TWN,valid_iso3_without_world_bank_economy
WOS:000388780600021,2017,FLK,FLK,valid_iso3_without_world_bank_economy
WOS:000388868700016,2016,TWN,TWN,valid_iso3_without_world_bank_economy
WOS:000389046900040,2016,TWN,TWN,valid_iso3_without_world_bank_economy
WOS:000389088400001,2016,MAD,MAD,unresolved_country_token
WOS:000389090100143,2017,BES,BES,valid_iso3_without_world_bank_economy
WOS:000389316200017,2016,TWN,TWN,valid_iso3_without_world_bank_economy
WOS:000390015100006,2016,MAD,MAD,unresolved_country_token
WOS:000390126200004,2017,TAN,TAN,unresolved_country_token
WOS:000390404200002,2016,IOT,IOT,valid_iso3_without_world_bank_economy
WOS:000390494100013,2016,TWN,TWN,valid_iso3_without_world_bank_economy
WOS:000390874100002,2017,MAD,MAD,unresolved_country_token
WOS:000391418600008,2016,TWN,TWN,valid_iso3_without_world_bank_economy
WOS:000391807900006,2016,TAN,TAN,unresolved_country_token
WOS:000391854400011,2016,TAN,TAN,unresolved_country_token
WOS:000392790500013,2017,TAN,TAN,unresolved_country_token
WOS:000392816800002,2016,MAD,MAD,unresolved_country_token
WOS:000392886700030,2017,ROM,ROM,unresolved_country_token
WOS:000393931700015,2017,TAN,TAN,unresolved_country_token
WOS:000395227500005,2017,TWN,TWN,valid_iso3_without_world_bank_economy
WOS:000395577800001,2017,ESH,ESH,valid_iso3_without_world_bank_economy
WOS:000396161200116,2017,TWN,TWN,valid_iso3_without_world_bank_economy
WOS:000396844200001,2017,TAN,TAN,unresolved_country_token
WOS:000396906100009,2017,TWN,TWN,valid_iso3_without_world_bank_economy
WOS:000397027300007,2017,MAD,MAD,unresolved_country_token
WOS:000397072300018,2017,BUL,BUL,unresolved_country_token
WOS:000397162200041,2017,TWN,TWN,valid_iso3_without_world_bank_economy
WOS:000397164600001,2017,TWN,TWN,valid_iso3_without_world_bank_economy
WOS:000397341600002,2017,TAN,TAN,unresolved_country_token
WOS:000397550100021,2017,MAD,MAD,unresolved_country_token
WOS:000397714100001,2017,TAN,TAN,unresolved_country_token
WOS:000398099100022,2017,TWN,TWN,valid_iso3_without_world_bank_economy
WOS:000398678800008,2017,TWN,TWN,valid_iso3_without_world_bank_economy
WOS:000399050400006,2017,TAN,TAN,unresolved_country_token
WOS:000399241800004,2017,TWN,TWN,valid_iso3_without_world_bank_economy
WOS:000399375800056,2017,BAN,BAN,unresolved_country_token
WOS:000399507600032,2017,TWN,TWN,valid_iso3_without_world_bank_economy
WOS:000399518400002,2017,BES,BES,valid_iso3_without_world_bank_economy
WOS:000399617200053,2016,TWN,TWN,valid_iso3_without_world_bank_economy
WOS:000399817400008,2017,TWN,TWN,valid_iso3_without_world_bank_economy
WOS:000400166400006,2017,TWN,TWN,valid_iso3_without_world_bank_economy
WOS:000400859200003,2017,Not Applied,NOTAPPLIED,unresolved_country_token
WOS:000401010900012,2017,locales [,LOCALES,unresolved_country_token
WOS:000401010900012,2017,Mont Saint-Hilaire Biosphere Reserve,MONTSAINTHILAIREBIOSPHERERESERVE,unresolved_country_token
WOS:000401202000011,2017,MAD,MAD,unresolved_country_token
WOS:000401209000002,2017,UAE,UAE,unresolved_country_token
WOS:000401487700046,2017,TWN,TWN,valid_iso3_without_world_bank_economy
WOS:000401898100008,2017,ROM,ROM,unresolved_country_token
WOS:000401910900001,2017,TWN,TWN,valid_iso3_without_world_bank_economy
WOS:000402091500001,2017,TAN,TAN,unresolved_country_token
WOS:000403250900026,2017,GUF,GUF,valid_iso3_without_world_bank_economy
WOS:000403273000017,2017,Untitled,UNTITLED,unresolved_country_token
WOS:000404133200133,2017,TWN,TWN,valid_iso3_without_world_bank_economy
WOS:000404487300006,2017,TWN,TWN,valid_iso3_without_world_bank_economy
WOS:000404504000117,2017,TWN,TWN,valid_iso3_without_world_bank_economy
WOS:000404970900073,2017,TWN,TWN,valid_iso3_without_world_bank_economy
WOS:000405110400014,2017,TAN,TAN,unresolved_country_token
WOS:000405190600011,2017,TAN,TAN,unresolved_country_token
WOS:000405542500025,2017,BUL,BUL,unresolved_country_token
WOS:000405590400008,2017,locales [,LOCALES,unresolved_country_token
WOS:000405831300010,2017,ROM,ROM,unresolved_country_token
WOS:000405831300013,2017,ROM,ROM,unresolved_country_token
WOS:000405881100009,2017,TAN,TAN,unresolved_country_token
WOS:000406294900108,2017,POR,POR,unresolved_country_token
WOS:000406694400002,2017,TWN,TWN,valid_iso3_without_world_bank_economy
WOS:000407149600006,2017,GLP,GLP,valid_iso3_without_world_bank_economy
WOS:000407149600006,2017,MTQ,MTQ,valid_iso3_without_world_bank_economy
WOS:000407278400032,2017,DEN,DEN,unresolved_country_token
WOS:000407750900026,2017,BAN,BAN,unresolved_country_token
WOS:000407996400021,2017,TWN,TWN,valid_iso3_without_world_bank_economy
WOS:000408365000039,2017,TAN,TAN,unresolved_country_token
WOS:000409467200072,2017,BUR,BUR,unresolved_country_token
WOS:000410841000005,2017,TAN,TAN,unresolved_country_token
WOS:000411621200021,2017,TAN,TAN,unresolved_country_token
WOS:000411900300011,2017,SRI,SRI,unresolved_country_token
WOS:000412090500025,2017,ROM,ROM,unresolved_country_token
WOS:000412787100028,2017,TWN,TWN,valid_iso3_without_world_bank_economy
WOS:000412845100003,2017,GUF,GUF,valid_iso3_without_world_bank_economy
WOS:000413233000003,2017,ROM,ROM,unresolved_country_token
WOS:000413275900004,2016,CAM,CAM,unresolved_country_token
WOS:000413313700135,2018,TWN,TWN,valid_iso3_without_world_bank_economy
WOS:000413354400017,2017,TAN,TAN,unresolved_country_token
WOS:000413545900007,2017,AIA,AIA,valid_iso3_without_world_bank_economy
WOS:000413545900007,2017,BES,BES,valid_iso3_without_world_bank_economy
WOS:000413902500002,2017,TWN,TWN,valid_iso3_without_world_bank_economy
WOS:000414626400025,2017,TAN,TAN,unresolved_country_token
WOS:000414799700006,2017,TAN,TAN,unresolved_country_token
WOS:000414878500006,2017,BES,BES,valid_iso3_without_world_bank_economy
WOS:000414881000096,2017,SOL,SOL,unresolved_country_token
WOS:000415000900001,2017,ROM,ROM,unresolved_country_token
WOS:000415391200025,2017,BES,BES,valid_iso3_without_world_bank_economy
WOS:000415404900012,2014,TWN,TWN,valid_iso3_without_world_bank_economy
WOS:000415638000018,2017,TWN,TWN,valid_iso3_without_world_bank_economy
WOS:000415846200009,2018,TWN,TWN,valid_iso3_without_world_bank_economy
WOS:000416220000046,2015,TWN,TWN,valid_iso3_without_world_bank_economy
WOS:000416220000075,2015,BES,BES,valid_iso3_without_world_bank_economy
WOS:000416361400072,2015,ROM,ROM,unresolved_country_token
WOS:000416368100012,2009,ROM,ROM,unresolved_country_token
WOS:000416368100022,2009,ROM,ROM,unresolved_country_token
WOS:000416435500011,2017,FLK,FLK,valid_iso3_without_world_bank_economy
WOS:000416588000005,2017,BES,BES,valid_iso3_without_world_bank_economy
WOS:000416648100011,2018,TWN,TWN,valid_iso3_without_world_bank_economy
WOS:000417181800002,2016,ROM,ROM,unresolved_country_token
WOS:000417181800025,2016,KOS,KOS,unresolved_country_token
WOS:000417353700008,2017,TWN,TWN,valid_iso3_without_world_bank_economy
WOS:000417724800006,2017,TAN,TAN,unresolved_country_token
WOS:000417964500025,2017,TWN,TWN,valid_iso3_without_world_bank_economy
WOS:000418309100030,2017,TWN,TWN,valid_iso3_without_world_bank_economy
WOS:000418470600012,2017,ROM,ROM,unresolved_country_token
WOS:000418727000052,2017,TAN,TAN,unresolved_country_token
WOS:000419076600003,2018,MTQ,MTQ,valid_iso3_without_world_bank_economy
WOS:000419339800003,2018,MAD,MAD,unresolved_country_token
WOS:000422703000015,2017,BUL,BUL,unresolved_country_token
WOS:000423423200002,2017,TAN,TAN,unresolved_country_token
WOS:000423888200002,2018,TAN,TAN,unresolved_country_token
WOS:000423890700074,2018,TWN,TWN,valid_iso3_without_world_bank_economy
WOS:000424073400014,2018,TWN,TWN,valid_iso3_without_world_bank_economy
WOS:000424121200064,2018,TAN,TAN,unresolved_country_token
WOS:000424454000001,2018,GUF,GUF,valid_iso3_without_world_bank_economy
WOS:000424716800021,2018,TWN,TWN,valid_iso3_without_world_bank_economy
WOS:000425082600071,2018,TWN,TWN,valid_iso3_without_world_bank_economy
WOS:000425190000012,2018,TWN,TWN,valid_iso3_without_world_bank_economy
WOS:000426355300022,2017,AIA,AIA,valid_iso3_without_world_bank_economy
WOS:000426355300022,2017,BES,BES,valid_iso3_without_world_bank_economy
WOS:000427398200075,2018,BUL,BUL,unresolved_country_token
WOS:000428999200032,2018,TWN,TWN,valid_iso3_without_world_bank_economy
WOS:000429158700002,2018,TWN,TWN,valid_iso3_without_world_bank_economy
WOS:000430319400012,2018,TWN,TWN,valid_iso3_without_world_bank_economy
WOS:000430760800013,2018,TAN,TAN,unresolved_country_token
WOS:000430895300054,2018,UNKL,UNKL,unresolved_country_token
WOS:000431603700001,2018,TWN,TWN,valid_iso3_without_world_bank_economy
WOS:000432442200009,2018,MAD,MAD,unresolved_country_token
WOS:000432497700003,2018,TAN,TAN,unresolved_country_token
WOS:000432551900017,2018,DEN,DEN,unresolved_country_token
WOS:000433197400001,2018,TWN,TWN,valid_iso3_without_world_bank_economy
WOS:000434005000007,2018,TAN,TAN,unresolved_country_token
WOS:000434092700001,2018,TWN,TWN,valid_iso3_without_world_bank_economy
WOS:000434427800001,2018,TAN,TAN,unresolved_country_token
WOS:000434516400001,2018,REU,REU,valid_iso3_without_world_bank_economy
WOS:000434745900020,2018,MAD,MAD,unresolved_country_token
WOS:000434970200041,2018,TAN,TAN,unresolved_country_token
WOS:000435029500006,2018,CAM,CAM,unresolved_country_token
WOS:000435138900014,2018,TWN,TWN,valid_iso3_without_world_bank_economy
WOS:000435196700065,2018,TAN,TAN,unresolved_country_token
WOS:000435197300099,2018,TWN,TWN,valid_iso3_without_world_bank_economy
WOS:000435509800012,2018,MAD,MAD,unresolved_country_token
WOS:000435676800004,2015,TWN,TWN,valid_iso3_without_world_bank_economy
WOS:000435810800016,2018,TWN,TWN,valid_iso3_without_world_bank_economy
WOS:000435930100021,2018,TWN,TWN,valid_iso3_without_world_bank_economy
WOS:000436224700028,2018,TAN,TAN,unresolved_country_token
WOS:000436491700009,2018,TAN,TAN,unresolved_country_token
WOS:000436556500005,2018,TAN,TAN,unresolved_country_token
WOS:000436605400152,2018,TWN,TWN,valid_iso3_without_world_bank_economy
WOS:000437343100008,2016,TWN,TWN,valid_iso3_without_world_bank_economy
WOS:000437383600015,2018,MAD,MAD,unresolved_country_token
WOS:000438353300009,2018,GUF,GUF,valid_iso3_without_world_bank_economy
WOS:000438780700009,2018,MAD,MAD,unresolved_country_token
WOS:000439428500005,2018,TAN,TAN,unresolved_country_token
WOS:000440287200002,2018,COK,COK,valid_iso3_without_world_bank_economy
WOS:000440287200002,2018,REU,REU,valid_iso3_without_world_bank_economy
WOS:000440546800002,2018,TWN,TWN,valid_iso3_without_world_bank_economy
WOS:000440744000001,2018,ROM,ROM,unresolved_country_token
WOS:000440947600219,2018,TWN,TWN,valid_iso3_without_world_bank_economy
WOS:000441116900001,2018,TAN,TAN,unresolved_country_token
WOS:000442595300017,2018,TAN,TAN,unresolved_country_token
WOS:000443168200100,2018,TWN,TWN,valid_iso3_without_world_bank_economy
WOS:000443850600007,2018,MAD,MAD,unresolved_country_token
WOS:000444724500004,2018,GUF,GUF,valid_iso3_without_world_bank_economy
WOS:000444793600021,2018,MAD,MAD,unresolved_country_token
WOS:000445139900010,2017,TAN,TAN,unresolved_country_token
WOS:000445139900012,2017,TAN,TAN,unresolved_country_token
WOS:000445612500055,2018,COK,COK,valid_iso3_without_world_bank_economy
WOS:000446130400013,2018,TAN,TAN,unresolved_country_token
WOS:000446471600009,2018,MAD,MAD,unresolved_country_token
WOS:000446767700117,2018,TWN,TWN,valid_iso3_without_world_bank_economy
WOS:000446807800018,2018,BUL,BUL,unresolved_country_token
WOS:000446921100046,2018,TAN,TAN,unresolved_country_token
WOS:000447108300022,2018,TWN,TWN,valid_iso3_without_world_bank_economy
WOS:000447116800010,2018,TAN,TAN,unresolved_country_token
WOS:000447116800022,2018,TAN,TAN,unresolved_country_token
WOS:000447234700002,2017,CAM,CAM,unresolved_country_token
WOS:000447310700012,2018,TWN,TWN,valid_iso3_without_world_bank_economy
WOS:000447600600013,2018,FLK,FLK,valid_iso3_without_world_bank_economy
WOS:000448094200055,2018,BES,BES,valid_iso3_without_world_bank_economy
WOS:000448818100170,2018,TWN,TWN,valid_iso3_without_world_bank_economy
WOS:000449137300050,2018,GUF,GUF,valid_iso3_without_world_bank_economy
WOS:000449379500015,2018,TAN,TAN,unresolved_country_token
WOS:000449896300030,2018,TAN,TAN,unresolved_country_token
WOS:000450382900011,2018,TWN,TWN,valid_iso3_without_world_bank_economy
WOS:000450382900014,2018,TWN,TWN,valid_iso3_without_world_bank_economy
WOS:000450551600070,2019,TWN,TWN,valid_iso3_without_world_bank_economy
WOS:000451826900009,2018,ROM,ROM,unresolved_country_token
WOS:000452084700029,2018,TWN,TWN,valid_iso3_without_world_bank_economy
WOS:000452692600096,2018,TWN,TWN,valid_iso3_without_world_bank_economy
WOS:000452940700017,2019,TWN,TWN,valid_iso3_without_world_bank_economy
WOS:000453848100005,2017,MAD,MAD,unresolved_country_token
WOS:000454107200071,2018,COK,COK,valid_iso3_without_world_bank_economy
WOS:000454107200071,2018,NIU,NIU,valid_iso3_without_world_bank_economy
WOS:000454107200071,2018,PCN,PCN,valid_iso3_without_world_bank_economy
WOS:000454644400012,2018,locales [,LOCALES,unresolved_country_token
WOS:000454776800007,2019,TWN,TWN,valid_iso3_without_world_bank_economy
WOS:000454777600002,2019,SHN,SHN,valid_iso3_without_world_bank_economy
WOS:000455338100142,2018,TAN,TAN,unresolved_country_token
WOS:000456212400008,2019,TWN,TWN,valid_iso3_without_world_bank_economy
WOS:000456226600100,2019,TWN,TWN,valid_iso3_without_world_bank_economy
WOS:000457129900209,2019,TAN,TAN,unresolved_country_token
WOS:000457283800014,2016,TAN,TAN,unresolved_country_token
WOS:000457358000243,2016,BES,BES,valid_iso3_without_world_bank_economy
WOS:000457407400014,2019,TAN,TAN,unresolved_country_token
WOS:000457690600275,2017,FLK,FLK,valid_iso3_without_world_bank_economy
WOS:000457874000001,2019,TWN,TWN,valid_iso3_without_world_bank_economy
WOS:000458369200001,2019,MAD,MAD,unresolved_country_token
WOS:000458454100011,2018,TWN,TWN,valid_iso3_without_world_bank_economy
WOS:000458577300005,2017,UAE,UAE,unresolved_country_token
WOS:000458580200024,2018,TAN,TAN,unresolved_country_token
WOS:000458910800007,2019,TWN,TWN,valid_iso3_without_world_bank_economy
WOS:000458939000015,2019,FLK,FLK,valid_iso3_without_world_bank_economy
WOS:000459070600005,2019,BES,BES,valid_iso3_without_world_bank_economy
WOS:000459112100101,2019,TWN,TWN,valid_iso3_without_world_bank_economy
WOS:000459163900010,2019,ROM,ROM,unresolved_country_token
WOS:000459429800015,2019,TAN,TAN,unresolved_country_token
WOS:000459518700005,2019,TWN,TWN,valid_iso3_without_world_bank_economy
WOS:000459735100139,2019,TAN,TAN,unresolved_country_token
WOS:000459944700001,2018,ROM,ROM,unresolved_country_token
WOS:000460381600007,2019,TAN,TAN,unresolved_country_token
WOS:000460640900017,2019,TAN,TAN,unresolved_country_token
WOS:000460827200003,2019,TAN,TAN,unresolved_country_token
WOS:000461016200007,2019,TWN,TWN,valid_iso3_without_world_bank_economy
WOS:000461372400005,2019,TAN,TAN,unresolved_country_token
WOS:000462664200080,2019,TWN,TWN,valid_iso3_without_world_bank_economy
WOS:000463040300004,2019,CAM,CAM,unresolved_country_token
WOS:000463384900045,2019,TAN,TAN,unresolved_country_token
WOS:000464385400004,2019,TWN,TWN,valid_iso3_without_world_bank_economy
WOS:000465580100020,2018,SLO,SLO,unresolved_country_token
WOS:000466339400011,2019,TWN,TWN,valid_iso3_without_world_bank_economy
WOS:000466551600324,2019,MAD,MAD,unresolved_country_token
WOS:000467373000053,2019,MAD,MAD,unresolved_country_token
WOS:000467513300007,2019,BLM,BLM,valid_iso3_without_world_bank_economy
WOS:000467774800002,2019,MAL,MAL,unresolved_country_token
WOS:000468188300041,2019,KOS,KOS,unresolved_country_token
WOS:000468842100004,2019,TWN,TWN,valid_iso3_without_world_bank_economy
WOS:000469155100014,2019,SHN,SHN,valid_iso3_without_world_bank_economy
WOS:000469992200001,2019,ROM,ROM,unresolved_country_token
WOS:000470934800015,2019,TWN,TWN,valid_iso3_without_world_bank_economy
WOS:000471234500001,2019,TAN,TAN,unresolved_country_token
WOS:000471735000012,2019,ROM,ROM,unresolved_country_token
WOS:000471830200015,2019,SUD,SUD,unresolved_country_token
WOS:000472132900163,2019,TAN,TAN,unresolved_country_token
WOS:000472346100001,2019,TAN,TAN,unresolved_country_token
WOS:000472696400009,2019,MAD,MAD,unresolved_country_token
WOS:000473377000007,2019,TWN,TWN,valid_iso3_without_world_bank_economy
WOS:000473486300001,2019,BES,BES,valid_iso3_without_world_bank_economy
WOS:000473486300001,2019,GLP,GLP,valid_iso3_without_world_bank_economy
WOS:000473486300001,2019,MTQ,MTQ,valid_iso3_without_world_bank_economy
WOS:000473986000001,2021,ROM,ROM,unresolved_country_token
WOS:000474230900037,2019,TWN,TWN,valid_iso3_without_world_bank_economy
WOS:000474483200001,2019,TAN,TAN,unresolved_country_token
WOS:000475468600001,2019,GUF,GUF,valid_iso3_without_world_bank_economy
WOS:000476048000001,2019,GUF,GUF,valid_iso3_without_world_bank_economy
WOS:000476608600004,2019,GUF,GUF,valid_iso3_without_world_bank_economy
WOS:000477283000001,2020,TAN,TAN,unresolved_country_token
WOS:000478601300003,2019,FLK,FLK,valid_iso3_without_world_bank_economy
WOS:000478601300003,2019,SGS,SGS,valid_iso3_without_world_bank_economy
WOS:000478601300003,2019,TWN,TWN,valid_iso3_without_world_bank_economy
WOS:000478611700003,2019,TWN,TWN,valid_iso3_without_world_bank_economy
WOS:000478743000013,2019,TAN,TAN,unresolved_country_token
WOS:000479145700009,2018,GUF,GUF,valid_iso3_without_world_bank_economy
WOS:000480316300067,2019,TWN,TWN,valid_iso3_without_world_bank_economy
WOS:000480344100010,2019,CAM,CAM,unresolved_country_token
WOS:000482032400006,2019,FIJ,FIJ,unresolved_country_token
WOS:000482442800094,2019,AIA,AIA,valid_iso3_without_world_bank_economy
WOS:000482885300010,2019,PCN,PCN,valid_iso3_without_world_bank_economy
WOS:000482885300010,2019,TWN,TWN,valid_iso3_without_world_bank_economy
WOS:000483007300004,2019,BUL,BUL,unresolved_country_token
WOS:000484391200148,2019,TAN,TAN,unresolved_country_token
WOS:000485160200004,2015,NGR,NGR,unresolved_country_token
WOS:000485522500001,2020,TAN,TAN,unresolved_country_token
WOS:000486302400037,2019,TWN,TWN,valid_iso3_without_world_bank_economy
WOS:000486874300108,2019,CAM,CAM,unresolved_country_token
WOS:000487177300021,2019,TAN,TAN,unresolved_country_token
WOS:000487567000045,2019,OMA,OMA,unresolved_country_token
WOS:000488314700035,2019,TWN,TWN,valid_iso3_without_world_bank_economy
WOS:000488929900015,2019,MAD,MAD,unresolved_country_token
WOS:000490121400008,2019,TWN,TWN,valid_iso3_without_world_bank_economy
WOS:000490242000001,2019,TAN,TAN,unresolved_country_token
WOS:000491288000005,2019,TAN,TAN,unresolved_country_token
WOS:000494331500003,2019,CHR,CHR,unresolved_country_token
WOS:000494894500025,2019,TAN,TAN,unresolved_country_token
WOS:000497885800009,2020,ROM,ROM,unresolved_country_token
WOS:000497955300003,2019,TAN,TAN,unresolved_country_token
WOS:000497992700049,2019,ROM,ROM,unresolved_country_token
WOS:000498398900325,2019,TWN,TWN,valid_iso3_without_world_bank_economy
WOS:000498753700007,2019,TWN,TWN,valid_iso3_without_world_bank_economy
WOS:000499626600001,2020,TWN,TWN,valid_iso3_without_world_bank_economy
WOS:000500088700019,2019,ROM,ROM,unresolved_country_token
WOS:000500624600001,2020,TWN,TWN,valid_iso3_without_world_bank_economy
WOS:000501752000001,2019,TWN,TWN,valid_iso3_without_world_bank_economy
WOS:000502055700001,2020,TWN,TWN,valid_iso3_without_world_bank_economy
WOS:000502284000001,2019,NEP,NEP,unresolved_country_token
WOS:000504009600099,2019,TWN,TWN,valid_iso3_without_world_bank_economy
WOS:000504763000001,2019,COK,COK,valid_iso3_without_world_bank_economy
WOS:000505180300003,2019,BUL,BUL,unresolved_country_token
WOS:000505227100003,2019,TAN,TAN,unresolved_country_token
WOS:000505234100001,2019,TWN,TWN,valid_iso3_without_world_bank_economy
WOS:000505611300011,2019,ROM,ROM,unresolved_country_token
WOS:000505769200001,2019,TWN,TWN,valid_iso3_without_world_bank_economy
WOS:000506007600001,2020,TAN,TAN,unresolved_country_token
WOS:000507273700002,2019,TWN,TWN,valid_iso3_without_world_bank_economy
WOS:000508087400024,2020,MAD,MAD,unresolved_country_token
WOS:000508186400151,2019,ROM,ROM,unresolved_country_token
WOS:000508647800001,2020,TWN,TWN,valid_iso3_without_world_bank_economy
WOS:000509611200140,2020,POR,POR,unresolved_country_token
WOS:000509791200012,2020,TWN,TWN,valid_iso3_without_world_bank_economy
WOS:000510284800002,2020,TWN,TWN,valid_iso3_without_world_bank_economy
WOS:000510778200001,2020,CAM,CAM,unresolved_country_token
WOS:000510992300001,2020,TAN,TAN,unresolved_country_token
WOS:000511854300007,2019,TAN,TAN,unresolved_country_token
WOS:000511975400010,2019,MAD,MAD,unresolved_country_token
WOS:000512337200006,2020,MAD,MAD,unresolved_country_token
WOS:000512561700001,2019,ROM,ROM,unresolved_country_token
WOS:000514466500001,2020,GUF,GUF,valid_iso3_without_world_bank_economy
WOS:000514537900006,2019,NEP,NEP,unresolved_country_token
WOS:000515569800029,2020,ROM,ROM,unresolved_country_token
WOS:000515861200002,2020,TWN,TWN,valid_iso3_without_world_bank_economy
WOS:000517970800048,2020,DEN,DEN,unresolved_country_token
WOS:000518581000005,2019,BES,BES,valid_iso3_without_world_bank_economy
WOS:000518912100009,2020,TAN,TAN,unresolved_country_token
WOS:000519104300015,2020,TWN,TWN,valid_iso3_without_world_bank_economy
WOS:000519236600112,2020,TAN,TAN,unresolved_country_token
WOS:000519655100023,2020,TWN,TWN,valid_iso3_without_world_bank_economy
WOS:000519785400001,2020,TWN,TWN,valid_iso3_without_world_bank_economy
WOS:000521052400002,2020,TWN,TWN,valid_iso3_without_world_bank_economy
WOS:000521237300001,2020,TWN,TWN,valid_iso3_without_world_bank_economy
WOS:000524149700016,2020,GUF,GUF,valid_iso3_without_world_bank_economy
WOS:000524340800002,2020,TAN,TAN,unresolved_country_token
WOS:000524457500013,2020,locales:[,LOCALES,unresolved_country_token
WOS:000524457500013,2020,]}  }  The above is invalid. Wait. Need proper JSON. Let's redo cleanly. We should set regions [,THEABOVEISINVALIDWAITNEEDPROPERJSONLETSREDOCLEANLYWESHOULDSETREGIONS,unresolved_country_token
WOS:000524479100042,2020,TWN,TWN,valid_iso3_without_world_bank_economy
WOS:000524674500001,2020,KOS,KOS,unresolved_country_token
WOS:000525046300001,2020,SHN,SHN,valid_iso3_without_world_bank_economy
WOS:000525397400003,2020,REU,REU,valid_iso3_without_world_bank_economy
WOS:000525791800005,2020,MAD,MAD,unresolved_country_token
WOS:000525958200006,2020,MSR,MSR,valid_iso3_without_world_bank_economy
WOS:000526177500069,2020,TWN,TWN,valid_iso3_without_world_bank_economy
WOS:000526501800001,2020,KOS,KOS,unresolved_country_token
WOS:000528055600001,2020,TWN,TWN,valid_iso3_without_world_bank_economy
WOS:000528059000018,2020,TWN,TWN,valid_iso3_without_world_bank_economy
WOS:000528205900007,2020,TWN,TWN,valid_iso3_without_world_bank_economy
WOS:000528205900046,2020,IOT,IOT,valid_iso3_without_world_bank_economy
WOS:000528260600026,2020,COK,COK,valid_iso3_without_world_bank_economy
WOS:000528585800018,2020,TAN,TAN,unresolved_country_token
WOS:000528749000001,2020,GUF,GUF,valid_iso3_without_world_bank_economy
WOS:000530941000007,2020,TAN,TAN,unresolved_country_token
WOS:000531951200001,2020,TAN,TAN,unresolved_country_token
WOS:000532681900001,2020,IOT,IOT,valid_iso3_without_world_bank_economy
WOS:000533663600006,2020,MAD,MAD,unresolved_country_token
WOS:000533886900061,2019,NEP,NEP,unresolved_country_token
WOS:000534352500076,2020,GUA,GUA,unresolved_country_token
WOS:000534476600029,2020,TWN,TWN,valid_iso3_without_world_bank_economy
WOS:000535280500006,2020,ROM,ROM,unresolved_country_token
WOS:000536024800057,2020,MAD,MAD,unresolved_country_token
WOS:000537581800001,2020,DEN,DEN,unresolved_country_token
WOS:000537709600007,2020,TAN,TAN,unresolved_country_token
WOS:000539092800026,2020,TWN,TWN,valid_iso3_without_world_bank_economy
WOS:000540832700002,2020,CAM,CAM,unresolved_country_token
WOS:000541061500010,2020,TWN,TWN,valid_iso3_without_world_bank_economy
WOS:000541083200037,2020,BES,BES,valid_iso3_without_world_bank_economy
WOS:000541730800003,2020,NEP,NEP,unresolved_country_token
WOS:000541730800006,2020,CAM,CAM,unresolved_country_token
WOS:000542685100016,2020,MAD,MAD,unresolved_country_token
WOS:000544021700002,2020,TWN,TWN,valid_iso3_without_world_bank_economy
WOS:000544748600015,2020,TWN,TWN,valid_iso3_without_world_bank_economy
WOS:000548002800002,2020,DEN,DEN,unresolved_country_token
WOS:000548814300007,2020,CAM,CAM,unresolved_country_token
WOS:000550294500001,2020,NEP,NEP,unresolved_country_token
WOS:000551950600001,2020,KOS,KOS,unresolved_country_token
WOS:000554729900001,2020,DEN,DEN,unresolved_country_token
WOS:000556148300018,2020,HON,HON,unresolved_country_token
WOS:000556179300001,2020,TWN,TWN,valid_iso3_without_world_bank_economy
WOS:000556184000001,2020,TWN,TWN,valid_iso3_without_world_bank_economy
WOS:000556812300001,2021,TAN,TAN,unresolved_country_token
WOS:000558627300004,2021,TAN,TAN,unresolved_country_token
WOS:000559801800004,2020,BUL,BUL,unresolved_country_token
WOS:000560402000012,2020,TAN,TAN,unresolved_country_token
WOS:000560461500001,2020,TAN,TAN,unresolved_country_token
WOS:000563651500001,2021,CRO,CRO,unresolved_country_token
WOS:000564180600001,2020,TAN,TAN,unresolved_country_token
WOS:000564613000001,2020,TAN,TAN,unresolved_country_token
WOS:000565083400003,2020,ROM,ROM,unresolved_country_token
WOS:000566805600011,2020,ROM,ROM,unresolved_country_token
WOS:000567895400007,2020,TWN,TWN,valid_iso3_without_world_bank_economy
WOS:000569080500002,2020,BUL,BUL,unresolved_country_token
WOS:000574430300001,2020,NEP,NEP,unresolved_country_token
WOS:000575578700005,2020,MAD,MAD,unresolved_country_token
WOS:000575740400005,2020,ANT,ANT,unresolved_country_token
WOS:000576220300001,2020,TAN,TAN,unresolved_country_token
WOS:000576796200001,2021,TAN,TAN,unresolved_country_token
WOS:000576812900005,2020,TWN,TWN,valid_iso3_without_world_bank_economy
WOS:000578018700009,2020,UAE,UAE,unresolved_country_token
WOS:000579452100006,2021,ROM,ROM,unresolved_country_token
WOS:000579507000002,2020,GUF,GUF,valid_iso3_without_world_bank_economy
WOS:000579517600012,2020,TWN,TWN,valid_iso3_without_world_bank_economy
WOS:000580438700020,2020,BUL,BUL,unresolved_country_token
WOS:000581115600042,2020,ROM,ROM,unresolved_country_token
WOS:000581898400001,2020,DEN,DEN,unresolved_country_token
WOS:000582018600001,2020,TAN,TAN,unresolved_country_token
WOS:000584274400001,2020,MAD,MAD,unresolved_country_token
WOS:000584374400015,2020,MAD,MAD,unresolved_country_token
WOS:000587159100001,2020,TWN,TWN,valid_iso3_without_world_bank_economy
WOS:000587290300035,2021,TWN,TWN,valid_iso3_without_world_bank_economy
WOS:000588616700028,2021,BES,BES,valid_iso3_without_world_bank_economy
WOS:000588763300033,2020,TWN,TWN,valid_iso3_without_world_bank_economy
WOS:000589409500001,2020,TWN,TWN,valid_iso3_without_world_bank_economy
WOS:000589890500004,2021,TAN,TAN,unresolved_country_token
WOS:000590059600001,2021,TWN,TWN,valid_iso3_without_world_bank_economy
WOS:000591208800011,2020,TWN,TWN,valid_iso3_without_world_bank_economy
WOS:000592323600001,2020,TWN,TWN,valid_iso3_without_world_bank_economy
WOS:000593330200002,2020,TAN,TAN,unresolved_country_token
WOS:000594365100001,2021,TAN,TAN,unresolved_country_token
WOS:000595259200025,2020,NEP,NEP,unresolved_country_token
WOS:000595872300019,2020,TWN,TWN,valid_iso3_without_world_bank_economy
WOS:000599921200004,2020,TAN,TAN,unresolved_country_token
WOS:000599948400018,2020,CAM,CAM,unresolved_country_token
WOS:000600919400025,2020,TAN,TAN,unresolved_country_token
WOS:000601151500001,2020,MTQ,MTQ,valid_iso3_without_world_bank_economy
WOS:000604138400005,2021,GLP,GLP,valid_iso3_without_world_bank_economy
WOS:000606159800002,2021,BUL,BUL,unresolved_country_token
WOS:000607557700001,2022,TWN,TWN,valid_iso3_without_world_bank_economy
WOS:000608141300001,2021,TWN,TWN,valid_iso3_without_world_bank_economy
WOS:000608188700001,2021,TAN,TAN,unresolved_country_token
WOS:000608482400006,2020,TAN,TAN,unresolved_country_token
WOS:000609684300001,2021,TAN,TAN,unresolved_country_token
WOS:000611398900001,2021,FLK,FLK,valid_iso3_without_world_bank_economy
WOS:000611821600018,2021,UNCR,UNCR,unresolved_country_token
WOS:000614633500006,2021,TWN,TWN,valid_iso3_without_world_bank_economy
WOS:000614714100013,2021,TWN,TWN,valid_iso3_without_world_bank_economy
WOS:000615555000058,2021,TWN,TWN,valid_iso3_without_world_bank_economy
WOS:000617440900003,2020,POR,POR,unresolved_country_token
WOS:000617442100009,2020,TWN,TWN,valid_iso3_without_world_bank_economy
WOS:000618208100022,2021,TWN,TWN,valid_iso3_without_world_bank_economy
WOS:000619516900007,2020,MAD,MAD,unresolved_country_token
WOS:000620926800011,2021,GLP,GLP,valid_iso3_without_world_bank_economy
WOS:000620926800011,2021,MTQ,MTQ,valid_iso3_without_world_bank_economy
WOS:000620995900004,2021,TWN,TWN,valid_iso3_without_world_bank_economy
WOS:000621722100002,2021,TAN,TAN,unresolved_country_token
WOS:000624273000001,2021,TWN,TWN,valid_iso3_without_world_bank_economy
WOS:000624427400003,2021,TWN,TWN,valid_iso3_without_world_bank_economy
WOS:000624536800107,2021,TAN,TAN,unresolved_country_token
WOS:000626361500001,2021,TWN,TWN,valid_iso3_without_world_bank_economy
WOS:000626852600002,2021,BVT,BVT,valid_iso3_without_world_bank_economy
WOS:000626852600002,2021,SHN,SHN,valid_iso3_without_world_bank_economy
WOS:000627449200008,2021,ROM,ROM,unresolved_country_token
WOS:000628600600001,2021,TWN,TWN,valid_iso3_without_world_bank_economy
WOS:000628619000001,2021,TWN,TWN,valid_iso3_without_world_bank_economy
WOS:000629169800005,2021,BAN,BAN,unresolved_country_token
WOS:000631262800001,2021,TAN,TAN,unresolved_country_token
WOS:000633327300001,2021,MAD,MAD,unresolved_country_token
WOS:000633464400038,2021,TWN,TWN,valid_iso3_without_world_bank_economy
WOS:000634875100002,2021,TWN,TWN,valid_iso3_without_world_bank_economy
WOS:000635594700121,2021,DEN,DEN,unresolved_country_token
WOS:000636843600007,2021,TWN,TWN,valid_iso3_without_world_bank_economy
WOS:000637827700001,2021,MAD,MAD,unresolved_country_token
WOS:000638802300001,2021,TWN,TWN,valid_iso3_without_world_bank_economy
WOS:000641341700001,2021,TWN,TWN,valid_iso3_without_world_bank_economy
WOS:000643002300003,2021,TWN,TWN,valid_iso3_without_world_bank_economy
WOS:000643592600001,2021,GLP,GLP,valid_iso3_without_world_bank_economy
WOS:000644418800001,2021,TWN,TWN,valid_iso3_without_world_bank_economy
WOS:000644892100001,2021,TWN,TWN,valid_iso3_without_world_bank_economy
WOS:000646333300001,2018,TAN,TAN,unresolved_country_token
WOS:000647802300003,2021,MTQ,MTQ,valid_iso3_without_world_bank_economy
WOS:000648563200001,2020,ROM,ROM,unresolved_country_token
WOS:000649466600006,2019,TWN,TWN,valid_iso3_without_world_bank_economy
WOS:000649625400002,2021,TWN,TWN,valid_iso3_without_world_bank_economy
WOS:000651351300001,2021,GUF,GUF,valid_iso3_without_world_bank_economy
WOS:000651999000001,2021,TWN,TWN,valid_iso3_without_world_bank_economy
WOS:000652020200019,2021,EUU,EUU,unresolved_country_token
WOS:000652202800001,2021,TAN,TAN,unresolved_country_token
WOS:000652746800017,2021,TAN,TAN,unresolved_country_token
WOS:000657187100012,2019,FLK,FLK,valid_iso3_without_world_bank_economy
WOS:000658475200016,2020,TAN,TAN,unresolved_country_token
WOS:000658475200057,2020,TAN,TAN,unresolved_country_token
WOS:000660025400001,2021,ROM,ROM,unresolved_country_token
WOS:000661527200001,2020,TWN,TWN,valid_iso3_without_world_bank_economy
WOS:000663007900001,2020,CXR,CXR,valid_iso3_without_world_bank_economy
WOS:000663456400002,2021,MAD,MAD,unresolved_country_token
WOS:000663619400004,2021,TWN,TWN,valid_iso3_without_world_bank_economy
WOS:000663784500004,2021,TWN,TWN,valid_iso3_without_world_bank_economy
WOS:000667293600015,2021,TAN,TAN,unresolved_country_token
WOS:000669896600024,2021,TAN,TAN,unresolved_country_token
WOS:000671333000001,2021,GLP,GLP,valid_iso3_without_world_bank_economy
WOS:000672589300011,2021,TWN,TWN,valid_iso3_without_world_bank_economy
WOS:000673143300001,2021,MAD,MAD,unresolved_country_token
WOS:000673447200001,2021,TWN,TWN,valid_iso3_without_world_bank_economy
WOS:000674645000004,2021,TWN,TWN,valid_iso3_without_world_bank_economy
WOS:000675537200008,2020,GUF,GUF,valid_iso3_without_world_bank_economy
WOS:000675624600001,2021,MAD,MAD,unresolved_country_token
WOS:000676274000001,2021,ROM,ROM,unresolved_country_token
WOS:000677420900001,2021,TWN,TWN,valid_iso3_without_world_bank_economy
WOS:000677527500001,2021,TWN,TWN,valid_iso3_without_world_bank_economy
WOS:000678181000001,2021,MSR,MSR,valid_iso3_without_world_bank_economy
WOS:000679155400005,2020,RO,RO,unresolved_country_token
WOS:000685533300013,2021,TWN,TWN,valid_iso3_without_world_bank_economy
WOS:000686179300001,2021,MAD,MAD,unresolved_country_token
WOS:000687266900009,2021,TAN,TAN,unresolved_country_token
WOS:000688291800001,2021,TWN,TWN,valid_iso3_without_world_bank_economy
WOS:000688586700004,2021,TWN,TWN,valid_iso3_without_world_bank_economy
WOS:000688834700001,2021,TWN,TWN,valid_iso3_without_world_bank_economy
WOS:000689575300001,2021,TWN,TWN,valid_iso3_without_world_bank_economy
WOS:000691483600005,2021,TWN,TWN,valid_iso3_without_world_bank_economy
WOS:000691672900008,2021,TAN,TAN,unresolved_country_token
WOS:000692552500001,2021,ROM,ROM,unresolved_country_token
WOS:000692795700005,2021,TWN,TWN,valid_iso3_without_world_bank_economy
WOS:000693915000001,2021,TAN,TAN,unresolved_country_token
WOS:000694532400001,2021,PCN,PCN,valid_iso3_without_world_bank_economy
WOS:000696239600006,2021,MAD,MAD,unresolved_country_token
WOS:000696641300005,2021,MAD,MAD,unresolved_country_token
WOS:000696703500010,2021,TWN,TWN,valid_iso3_without_world_bank_economy
WOS:000699216900001,2021,MAD,MAD,unresolved_country_token
WOS:000699321900001,2021,ROM,ROM,unresolved_country_token
WOS:000699504400001,2021,MAD,MAD,unresolved_country_token
WOS:000700334500012,2021,TWN,TWN,valid_iso3_without_world_bank_economy
WOS:000701325500001,2021,TAN,TAN,unresolved_country_token
WOS:000701886400004,2021,GUF,GUF,valid_iso3_without_world_bank_economy
WOS:000705808600001,2021,TWN,TWN,valid_iso3_without_world_bank_economy
WOS:000707914900012,2021,BUL,BUL,unresolved_country_token
WOS:000709089200001,2021,TWN,TWN,valid_iso3_without_world_bank_economy
WOS:000710319400001,2022,NEP,NEP,unresolved_country_token
WOS:000711633800005,2021,TWN,TWN,valid_iso3_without_world_bank_economy
WOS:000712902400002,2022,TAN,TAN,unresolved_country_token
WOS:000714589000001,2021,CAM,CAM,unresolved_country_token
WOS:000714979100009,2022,TAN,TAN,unresolved_country_token
WOS:000715608100005,2021,TWN,TWN,valid_iso3_without_world_bank_economy
WOS:000716542500001,2021,TWN,TWN,valid_iso3_without_world_bank_economy
WOS:000718443800001,2022,TWN,TWN,valid_iso3_without_world_bank_economy
WOS:000719135500001,2022,TWN,TWN,valid_iso3_without_world_bank_economy
WOS:000719333600001,2021,NEP,NEP,unresolved_country_token
WOS:000721157400001,2021,ROM,ROM,unresolved_country_token
WOS:000721733500001,2021,TWN,TWN,valid_iso3_without_world_bank_economy
WOS:000723010100005,2021,TAN,TAN,unresolved_country_token
WOS:000724901900001,2022,MAD,MAD,unresolved_country_token
WOS:000725143400001,2021,TWN,TWN,valid_iso3_without_world_bank_economy
WOS:000725266300001,2021,TWN,TWN,valid_iso3_without_world_bank_economy
WOS:000725855300001,2021,TAN,TAN,unresolved_country_token
WOS:000727129300003,2022,MAD,MAD,unresolved_country_token
WOS:000729120700131,2021,TAN,TAN,unresolved_country_token
WOS:000729614300003,2021,TWN,TWN,valid_iso3_without_world_bank_economy
WOS:000732519500008,2021,BUR,BUR,unresolved_country_token
WOS:000737357400001,2021,BAN,BAN,unresolved_country_token
WOS:000739730700006,2021,ROM,ROM,unresolved_country_token
WOS:000739877700006,2021,TWN,TWN,valid_iso3_without_world_bank_economy
WOS:000742442900001,2021,ROM,ROM,unresolved_country_token
WOS:000742829800007,2022,TAN,TAN,unresolved_country_token
WOS:000744155900010,2022,ESH,ESH,valid_iso3_without_world_bank_economy
WOS:000744257900004,2022,POR,POR,unresolved_country_token
WOS:000747011900005,2022,GLP,GLP,valid_iso3_without_world_bank_economy
WOS:000747011900005,2022,MTQ,MTQ,valid_iso3_without_world_bank_economy
WOS:000747659000001,2022,TIM,TIM,unresolved_country_token
WOS:000747845400023,2022,NEP,NEP,unresolved_country_token
WOS:000749500800002,2022,TWN,TWN,valid_iso3_without_world_bank_economy
WOS:000750814700005,2021,BUL,BUL,unresolved_country_token
WOS:000751263000001,2022,TWN,TWN,valid_iso3_without_world_bank_economy
WOS:000751475000001,2022,EUU,EUU,unresolved_country_token
WOS:000751873000002,2021,BUL,BUL,unresolved_country_token
WOS:000752843700010,2022,ROM,ROM,unresolved_country_token
WOS:000755643100001,2022,TWN,TWN,valid_iso3_without_world_bank_economy
WOS:000755776600001,2021,CRO,CRO,unresolved_country_token
WOS:000756054100042,2021,ROM,ROM,unresolved_country_token
WOS:000758708000001,2022,TAN,TAN,unresolved_country_token
WOS:000760901700001,2021,ROM,ROM,unresolved_country_token
WOS:000762101400001,2022,ROM,ROM,unresolved_country_token
WOS:000762728400001,2022,TWN,TWN,valid_iso3_without_world_bank_economy
WOS:000764836200001,2022,MAD,MAD,unresolved_country_token
WOS:000765079200001,2022,TAN,TAN,unresolved_country_token
WOS:000765195800001,2022,BUL,BUL,unresolved_country_token
WOS:000765690200010,2022,TWN,TWN,valid_iso3_without_world_bank_economy
WOS:000766960900001,2022,TAN,TAN,unresolved_country_token
WOS:000768914500001,2022,TWN,TWN,valid_iso3_without_world_bank_economy
WOS:000773517800009,2022,TWN,TWN,valid_iso3_without_world_bank_economy
WOS:000774430700001,2022,TWN,TWN,valid_iso3_without_world_bank_economy
WOS:000775560100001,2022,BES,BES,valid_iso3_without_world_bank_economy
WOS:000777467800001,2022,TAN,TAN,unresolved_country_token
WOS:000777999700001,2022,GUF,GUF,valid_iso3_without_world_bank_economy
WOS:000778768100010,2021,TWN,TWN,valid_iso3_without_world_bank_economy
WOS:000779390000001,2022,KOS,KOS,unresolved_country_token
WOS:000779958800014,2022,ROM,ROM,unresolved_country_token
WOS:000780498600001,2022,TWN,TWN,valid_iso3_without_world_bank_economy
WOS:000780826700001,2022,TWN,TWN,valid_iso3_without_world_bank_economy
WOS:000781152500001,2022,TWN,TWN,valid_iso3_without_world_bank_economy
WOS:000781213000001,2023,TAN,TAN,unresolved_country_token
WOS:000781735400004,2022,TWN,TWN,valid_iso3_without_world_bank_economy
WOS:000781904900001,2022,TWN,TWN,valid_iso3_without_world_bank_economy
WOS:000782575600001,2022,TWN,TWN,valid_iso3_without_world_bank_economy
WOS:000783286900017,2021,BUL,BUL,unresolved_country_token
WOS:000786166200001,2022,TWN,TWN,valid_iso3_without_world_bank_economy
WOS:000786585100001,2022,MAD,MAD,unresolved_country_token
WOS:000788103900001,2022,FLK,FLK,valid_iso3_without_world_bank_economy
WOS:000791611600001,2022,TWN,TWN,valid_iso3_without_world_bank_economy
WOS:000792440500001,2023,FLK,FLK,valid_iso3_without_world_bank_economy
WOS:000792488700017,2022,AIA,AIA,valid_iso3_without_world_bank_economy
WOS:000797560800001,2022,TWN,TWN,valid_iso3_without_world_bank_economy
WOS:000797665900002,2022,locales=[,LOCALES,unresolved_country_token
WOS:000798908800002,2022,GUF,GUF,valid_iso3_without_world_bank_economy
WOS:000799149100003,2022,TWN,TWN,valid_iso3_without_world_bank_economy
WOS:000799797600001,2022,GLP,GLP,valid_iso3_without_world_bank_economy
WOS:000799797600001,2022,TWN,TWN,valid_iso3_without_world_bank_economy
WOS:000800838800001,2022,TWN,TWN,valid_iso3_without_world_bank_economy
WOS:000801396300001,2022,CRO,CRO,unresolved_country_token
WOS:000804809100001,2023,TAN,TAN,unresolved_country_token
WOS:000805674000030,2022,TWN,TWN,valid_iso3_without_world_bank_economy
WOS:000808283600001,2022,GLP,GLP,valid_iso3_without_world_bank_economy
WOS:000809536200001,2022,ANG,ANG,unresolved_country_token
WOS:000811173000001,2022,TAN,TAN,unresolved_country_token
WOS:000811231100010,2022,GLP,GLP,valid_iso3_without_world_bank_economy
WOS:000811732300012,2022,TWN,TWN,valid_iso3_without_world_bank_economy
WOS:000814393700001,2022,TWN,TWN,valid_iso3_without_world_bank_economy
WOS:000815003800001,2022,TAN,TAN,unresolved_country_token
WOS:000815298900001,2021,ROM,ROM,unresolved_country_token
WOS:000815482800030,2022,TWN,TWN,valid_iso3_without_world_bank_economy
WOS:000816226900001,2022,TWN,TWN,valid_iso3_without_world_bank_economy
WOS:000817914100009,2022,TAN,TAN,unresolved_country_token
WOS:000818404700001,2022,TWN,TWN,valid_iso3_without_world_bank_economy
WOS:000821905900002,2022,TWN,TWN,valid_iso3_without_world_bank_economy
WOS:000821926300005,2022,ROM,ROM,unresolved_country_token
WOS:000824699100010,2022,TWN,TWN,valid_iso3_without_world_bank_economy
WOS:000825961300001,2022,TWN,TWN,valid_iso3_without_world_bank_economy
WOS:000827894700001,2022,TAN,TAN,unresolved_country_token
WOS:000828137300001,2022,TWN,TWN,valid_iso3_without_world_bank_economy
WOS:000829979200001,2022,CAM,CAM,unresolved_country_token
WOS:000830265000001,2023,MAD,MAD,unresolved_country_token
WOS:000830312600004,2022,GLP,GLP,valid_iso3_without_world_bank_economy
WOS:000830312600004,2022,MTQ,MTQ,valid_iso3_without_world_bank_economy
WOS:000831683100001,2022,TAN,TAN,unresolved_country_token
WOS:000835048800061,2022,TAN,TAN,unresolved_country_token
WOS:000835590100001,2023,TWN,TWN,valid_iso3_without_world_bank_economy
WOS:000838612400001,2022,TWN,TWN,valid_iso3_without_world_bank_economy
WOS:000840874200003,2022,TAN,TAN,unresolved_country_token
WOS:000845258400001,2022,TWN,TWN,valid_iso3_without_world_bank_economy
WOS:000845936700001,2022,TWN,TWN,valid_iso3_without_world_bank_economy
WOS:000846134900001,2022,TWN,TWN,valid_iso3_without_world_bank_economy
WOS:000847156300001,2022,TWN,TWN,valid_iso3_without_world_bank_economy
WOS:000847586600001,2022,TAN,TAN,unresolved_country_token
WOS:000848351600001,2022,TWN,TWN,valid_iso3_without_world_bank_economy
WOS:000851948000001,2022,ROM,ROM,unresolved_country_token
WOS:000852722900001,2023,TWN,TWN,valid_iso3_without_world_bank_economy
WOS:000852982700004,2022,TWN,TWN,valid_iso3_without_world_bank_economy
WOS:000858274700001,2022,TWN,TWN,valid_iso3_without_world_bank_economy
WOS:000859186900013,2022,TWN,TWN,valid_iso3_without_world_bank_economy
WOS:000859889000001,2022,TWN,TWN,valid_iso3_without_world_bank_economy
WOS:000860673500001,2022,TWN,TWN,valid_iso3_without_world_bank_economy
WOS:000860818600001,2022,MAD,MAD,unresolved_country_token
WOS:000861813200001,2022,TAN,TAN,unresolved_country_token
WOS:000862700300005,2022,TWN,TWN,valid_iso3_without_world_bank_economy
WOS:000862843900010,2022,TWN,TWN,valid_iso3_without_world_bank_economy
WOS:000863332600024,2022,TWN,TWN,valid_iso3_without_world_bank_economy
WOS:000863598400001,2022,NEP,NEP,unresolved_country_token
WOS:000867316400004,2022,ZEF,ZEF,unresolved_country_token
WOS:000868931000001,2023,TWN,TWN,valid_iso3_without_world_bank_economy
WOS:000872738900001,2022,TWN,TWN,valid_iso3_without_world_bank_economy
WOS:000876261700081,2022,CAM,CAM,unresolved_country_token
WOS:000878696600001,2023,SOL,SOL,unresolved_country_token
WOS:000881490900009,2020,TAN,TAN,unresolved_country_token
WOS:000882026600001,2022,TWN,TWN,valid_iso3_without_world_bank_economy
WOS:000883211400002,2023,FLK,FLK,valid_iso3_without_world_bank_economy
WOS:000885503100001,2022,TAN,TAN,unresolved_country_token
WOS:000885787300002,2022,TWN,TWN,valid_iso3_without_world_bank_economy
WOS:000888096200001,2022,SLO,SLO,unresolved_country_token
WOS:000888576900006,2022,TAN,TAN,unresolved_country_token
WOS:000888877000126,2022,ROM,ROM,unresolved_country_token
WOS:000890170700014,2022,MAD,MAD,unresolved_country_token
WOS:000891441600010,2022,TWN,TWN,valid_iso3_without_world_bank_economy
WOS:000892368200017,2022,TAN,TAN,unresolved_country_token
WOS:000892938500001,2022,BUR,BUR,unresolved_country_token
WOS:000897056300005,2023,TAN,TAN,unresolved_country_token
WOS:000898776100001,2023,GUF,GUF,valid_iso3_without_world_bank_economy
WOS:000900184300002,2023,TWN,TWN,valid_iso3_without_world_bank_economy
WOS:000901434100001,2022,TWN,TWN,valid_iso3_without_world_bank_economy
WOS:000901450800001,2023,MAD,MAD,unresolved_country_token
WOS:000901998700001,2023,TWN,TWN,valid_iso3_without_world_bank_economy
WOS:000906889200010,2023,UNU,UNU,unresolved_country_token
WOS:000909214300006,2018,TKL,TKL,valid_iso3_without_world_bank_economy
WOS:000909346800001,2023,TWN,TWN,valid_iso3_without_world_bank_economy
WOS:000909371200001,2023,ROM,ROM,unresolved_country_token
WOS:000909519300001,2023,TWN,TWN,valid_iso3_without_world_bank_economy
WOS:000912038000002,2023,TWN,TWN,valid_iso3_without_world_bank_economy
WOS:000914644500001,2023,ROM,ROM,unresolved_country_token
WOS:000915511500001,2023,TWN,TWN,valid_iso3_without_world_bank_economy
WOS:000915718300001,2023,FLK,FLK,valid_iso3_without_world_bank_economy
WOS:000917419500001,2023,TWN,TWN,valid_iso3_without_world_bank_economy
WOS:000921162100002,2023,MOR,MOR,unresolved_country_token
WOS:000921747400001,2023,TWN,TWN,valid_iso3_without_world_bank_economy
WOS:000921768100001,2023,TWN,TWN,valid_iso3_without_world_bank_economy
WOS:000923693600001,2023,COK,COK,valid_iso3_without_world_bank_economy
WOS:000925587200001,2023,DEN,DEN,unresolved_country_token
WOS:000927713500001,2023,TWN,TWN,valid_iso3_without_world_bank_economy
WOS:000927855000001,2022,SLO,SLO,unresolved_country_token
WOS:000934089000013,2022,locales [,LOCALES,unresolved_country_token
WOS:000937778900001,2023,TWN,TWN,valid_iso3_without_world_bank_economy
WOS:000939030400001,2023,TAN,TAN,unresolved_country_token
WOS:000942849500001,2023,TAN,TAN,unresolved_country_token
WOS:000943012900001,2023,TWN,TWN,valid_iso3_without_world_bank_economy
WOS:000945783700001,2023,MAD,MAD,unresolved_country_token
WOS:000945793600001,2023,TWN,TWN,valid_iso3_without_world_bank_economy
WOS:000946683900001,2023,SLO,SLO,unresolved_country_token
WOS:000947978300001,2023,TWN,TWN,valid_iso3_without_world_bank_economy
WOS:000948775000048,2023,TAN,TAN,unresolved_country_token
WOS:000949005200003,2023,TAN,TAN,unresolved_country_token
WOS:000949105600002,2023,TWN,TWN,valid_iso3_without_world_bank_economy
WOS:000950153600001,2023,TWN,TWN,valid_iso3_without_world_bank_economy
WOS:000957035300001,2023,TWN,TWN,valid_iso3_without_world_bank_economy
WOS:000958538700001,2023,TWN,TWN,valid_iso3_without_world_bank_economy
WOS:000961458100001,2023,MAD,MAD,unresolved_country_token
WOS:000963701300001,2023,DEN,DEN,unresolved_country_token
WOS:000964080800003,2023,ROM,ROM,unresolved_country_token
WOS:000972010100001,2023,TWN,TWN,valid_iso3_without_world_bank_economy
WOS:000973308600008,2023,TAN,TAN,unresolved_country_token
WOS:000973494300001,2023,TWN,TWN,valid_iso3_without_world_bank_economy
WOS:000979492200001,2023,BUL,BUL,unresolved_country_token
WOS:000980080700001,2023,TAN,TAN,unresolved_country_token
WOS:000980168300001,2023,TWN,TWN,valid_iso3_without_world_bank_economy
WOS:000980387100007,2023,CAM,CAM,unresolved_country_token
WOS:000981410100001,2023,MAD,MAD,unresolved_country_token
WOS:000981410100001,2023,MYT,MYT,valid_iso3_without_world_bank_economy
WOS:000981410100001,2023,REU,REU,valid_iso3_without_world_bank_economy
WOS:000982829300001,2023,TAN,TAN,unresolved_country_token
WOS:000982935200012,2022,BUL,BUL,unresolved_country_token
WOS:000983270500001,2023,TAN,TAN,unresolved_country_token
WOS:000994053400002,2023,REU,REU,valid_iso3_without_world_bank_economy
WOS:000995194600001,2023,NEP,NEP,unresolved_country_token
WOS:000995530900001,2023,KOS,KOS,unresolved_country_token
WOS:000999622500007,2023,URU,URU,unresolved_country_token
WOS:001000604600001,2023,TWN,TWN,valid_iso3_without_world_bank_economy
WOS:001005520400001,2023,CAM,CAM,unresolved_country_token
WOS:001008417200001,2023,CAM,CAM,unresolved_country_token
WOS:001010831000002,2023,ALG,ALG,unresolved_country_token
WOS:001011310900001,2023,TWN,TWN,valid_iso3_without_world_bank_economy
WOS:001012444400001,2023,TWN,TWN,valid_iso3_without_world_bank_economy
WOS:001013874300001,2024,TWN,TWN,valid_iso3_without_world_bank_economy
WOS:001017497600001,2023,locales [,LOCALES,unresolved_country_token
WOS:001023865300001,2023,TWN,TWN,valid_iso3_without_world_bank_economy
WOS:001024627000001,2023,TWN,TWN,valid_iso3_without_world_bank_economy
WOS:001024945300010,2023,HR,HR,unresolved_country_token
WOS:001025169400001,2023,MRI,MRI,unresolved_country_token
WOS:001026881200001,2023,GUA,GUA,unresolved_country_token
WOS:001027140500001,2023,TAN,TAN,unresolved_country_token
WOS:001027534400001,2023,TAN,TAN,unresolved_country_token
WOS:001031968800002,2023,BUL,BUL,unresolved_country_token
WOS:001032351100001,2023,TWN,TWN,valid_iso3_without_world_bank_economy
WOS:001032609000001,2023,TAN,TAN,unresolved_country_token
WOS:001032949800001,2023,TWN,TWN,valid_iso3_without_world_bank_economy
WOS:001033609000001,2023,REU,REU,valid_iso3_without_world_bank_economy
WOS:001041027800001,2023,GLP,GLP,valid_iso3_without_world_bank_economy
WOS:001042207200001,2023,TWN,TWN,valid_iso3_without_world_bank_economy
WOS:001043906000001,2023,TAN,TAN,unresolved_country_token
WOS:001044065200001,2023,TAN,TAN,unresolved_country_token
WOS:001046608600001,2023,TAN,TAN,unresolved_country_token
WOS:001051769500001,2023,TWN,TWN,valid_iso3_without_world_bank_economy
WOS:001052228300001,2023,TWN,TWN,valid_iso3_without_world_bank_economy
WOS:001059550300001,2023,KOS,KOS,unresolved_country_token
WOS:001059678600001,2023,TWN,TWN,valid_iso3_without_world_bank_economy
WOS:001060082100001,2023,TWN,TWN,valid_iso3_without_world_bank_economy
WOS:001060497400001,2025,TWN,TWN,valid_iso3_without_world_bank_economy
WOS:001060758900001,2023,TWN,TWN,valid_iso3_without_world_bank_economy
WOS:001061278900001,2023,TWN,TWN,valid_iso3_without_world_bank_economy
WOS:001062419600001,2023,TAN,TAN,unresolved_country_token
WOS:001064050000001,2023,MAD,MAD,unresolved_country_token
WOS:001064524500002,2023,ROM,ROM,unresolved_country_token
WOS:001066185300001,2023,TWN,TWN,valid_iso3_without_world_bank_economy
WOS:001066588000001,2025,ROM,ROM,unresolved_country_token
WOS:001067173300001,2023,CAM,CAM,unresolved_country_token
WOS:001067746400017,2023,ROM,ROM,unresolved_country_token
WOS:001069529600002,2023,MAD,MAD,unresolved_country_token
WOS:001072643800001,2023,TWN,TWN,valid_iso3_without_world_bank_economy
WOS:001072743500001,2025,TAN,TAN,unresolved_country_token
WOS:001073521000001,2023,MAD,MAD,unresolved_country_token
WOS:001076783200001,2023,TWN,TWN,valid_iso3_without_world_bank_economy
WOS:001077362300001,2023,TAN,TAN,unresolved_country_token
WOS:001078904800001,2023,CRO,CRO,unresolved_country_token
WOS:001081927600002,2023,NIU,NIU,valid_iso3_without_world_bank_economy
WOS:001084057400001,2023,TWN,TWN,valid_iso3_without_world_bank_economy
WOS:001087292800001,2023,MAD,MAD,unresolved_country_token
WOS:001087292800001,2023,NIU,NIU,valid_iso3_without_world_bank_economy
WOS:001093878200001,2023,GUF,GUF,valid_iso3_without_world_bank_economy
WOS:001094137000001,2023,TWN,TWN,valid_iso3_without_world_bank_economy
WOS:001094272800001,2023,NEP,NEP,unresolved_country_token
WOS:001094273200025,2023,TAN,TAN,unresolved_country_token
WOS:001096153000001,2023,GUF,GUF,valid_iso3_without_world_bank_economy
WOS:001097142000002,2024,TWN,TWN,valid_iso3_without_world_bank_economy
WOS:001102807000001,2023,DEN,DEN,unresolved_country_token
WOS:001106154700001,2024,DEN,DEN,unresolved_country_token
WOS:001108012300001,2024,IOT,IOT,valid_iso3_without_world_bank_economy
WOS:001108672900028,2023,ROM,ROM,unresolved_country_token
WOS:001112908800001,2024,TAN,TAN,unresolved_country_token
WOS:001114887800001,2024,TWN,TWN,valid_iso3_without_world_bank_economy
WOS:001117949400005,2024,TAN,TAN,unresolved_country_token
WOS:001119434400001,2023,TWN,TWN,valid_iso3_without_world_bank_economy
WOS:001119886400001,2023,ROM,ROM,unresolved_country_token
WOS:001121773400006,2024,BUL,BUL,unresolved_country_token
WOS:001122905700001,2024,BAN,BAN,unresolved_country_token
WOS:001124506000002,2023,CAM,CAM,unresolved_country_token
WOS:001124506000038,2023,TAN,TAN,unresolved_country_token
WOS:001124641700095,2023,TAN,TAN,unresolved_country_token
WOS:001125491800001,2022,TAN,TAN,unresolved_country_token
WOS:001127588000006,2023,TAN,TAN,unresolved_country_token
WOS:001128973900001,2023,MAD,MAD,unresolved_country_token
WOS:001129689100001,2024,TWN,TWN,valid_iso3_without_world_bank_economy
WOS:001131587300001,2024,TWN,TWN,valid_iso3_without_world_bank_economy
WOS:001131763100007,2024,ROM,ROM,unresolved_country_token
WOS:001132758100007,2023,BUL,BUL,unresolved_country_token
WOS:001133003800001,2023,SHN,SHN,valid_iso3_without_world_bank_economy
WOS:001141435300001,2024,TWN,TWN,valid_iso3_without_world_bank_economy
WOS:001141834900001,2023,TAN,TAN,unresolved_country_token
WOS:001142142200001,2024,TWN,TWN,valid_iso3_without_world_bank_economy
WOS:001143643500001,2024,TAN,TAN,unresolved_country_token
WOS:001145560600001,2024,TAN,TAN,unresolved_country_token
WOS:001150203900001,2023,TAJ,TAJ,unresolved_country_token
WOS:001151040300004,2025,GUF,GUF,valid_iso3_without_world_bank_economy
WOS:001153010000001,2024,TWN,TWN,valid_iso3_without_world_bank_economy
WOS:001160421300001,2023,TAN,TAN,unresolved_country_token
WOS:001163094200002,2024,ROM,ROM,unresolved_country_token
WOS:001163094200027,2024,ROM,ROM,unresolved_country_token
WOS:001164115800028,2024,GUF,GUF,valid_iso3_without_world_bank_economy
WOS:001164402200001,2024,SGS,SGS,valid_iso3_without_world_bank_economy
WOS:001164519100001,2024,REU,REU,valid_iso3_without_world_bank_economy
WOS:001166903400001,2024,MAD,MAD,unresolved_country_token
WOS:001172884300001,2024,BUL,BUL,unresolved_country_token
WOS:001177110600001,2024,GUF,GUF,valid_iso3_without_world_bank_economy
WOS:001180673900001,2024,KOS,KOS,unresolved_country_token
WOS:001186972000001,2024,TWN,TWN,valid_iso3_without_world_bank_economy
WOS:001192736900001,2024,TWN,TWN,valid_iso3_without_world_bank_economy
WOS:001199085000001,2024,MAD,MAD,unresolved_country_token
WOS:001206105100001,2024,TWN,TWN,valid_iso3_without_world_bank_economy
WOS:001215512300001,2022,NEP,NEP,unresolved_country_token
WOS:001215637300001,2024,TAN,TAN,unresolved_country_token
WOS:001215831100001,2024,CAM,CAM,unresolved_country_token
WOS:001218574000001,2024,ROM,ROM,unresolved_country_token
WOS:001222302100001,2024,TAN,TAN,unresolved_country_token
WOS:001222834200001,2024,CAM,CAM,unresolved_country_token
WOS:001223165900001,2024,UNCR,UNCR,unresolved_country_token
WOS:001223550500001,2024,DEN,DEN,unresolved_country_token
WOS:001228264800001,2024,TWN,TWN,valid_iso3_without_world_bank_economy
WOS:001229351800001,2024,TWN,TWN,valid_iso3_without_world_bank_economy
WOS:001229597600001,2024,TWN,TWN,valid_iso3_without_world_bank_economy
WOS:001231008400013,2023,MSR,MSR,valid_iso3_without_world_bank_economy
WOS:001233887900001,2024,TWN,TWN,valid_iso3_without_world_bank_economy
WOS:001237826000001,2024,TAN,TAN,unresolved_country_token
WOS:001238689800003,2024,TWN,TWN,valid_iso3_without_world_bank_economy
WOS:001239728000001,2024,TAN,TAN,unresolved_country_token
WOS:001239771900001,2024,REU,REU,valid_iso3_without_world_bank_economy
WOS:001239861400001,2024,TAN,TAN,unresolved_country_token
WOS:001240977100002,2024,TWN,TWN,valid_iso3_without_world_bank_economy
WOS:001241957900001,2024,EUU,EUU,unresolved_country_token
WOS:001245646100001,2024,TWN,TWN,valid_iso3_without_world_bank_economy
WOS:001246780400001,2024,ROM,ROM,unresolved_country_token
WOS:001248160300001,2024,TAN,TAN,unresolved_country_token
WOS:001250782600002,2024,SHN,SHN,valid_iso3_without_world_bank_economy
WOS:001251120700001,2024,TAN,TAN,unresolved_country_token
WOS:001251584300001,2024,TAN,TAN,unresolved_country_token
WOS:001253328200001,2024,URU,URU,unresolved_country_token
WOS:001253753900001,2024,TWN,TWN,valid_iso3_without_world_bank_economy
WOS:001255392700001,2024,TWN,TWN,valid_iso3_without_world_bank_economy
WOS:001258748600004,2024,KOS,KOS,unresolved_country_token
WOS:001261069800001,2024,ROM,ROM,unresolved_country_token
WOS:001261806600001,2024,COK,COK,valid_iso3_without_world_bank_economy
WOS:001262623400015,2024,BUL,BUL,unresolved_country_token
WOS:001263260300001,2024,GUF,GUF,valid_iso3_without_world_bank_economy
WOS:001267475300001,2024,TWN,TWN,valid_iso3_without_world_bank_economy
WOS:001270033200001,2024,GUF,GUF,valid_iso3_without_world_bank_economy
WOS:001270506400084,2024,TWN,TWN,valid_iso3_without_world_bank_economy
WOS:001271865700001,2024,TAN,TAN,unresolved_country_token
WOS:001272862800004,2024,ROM,ROM,unresolved_country_token
WOS:001273092700001,2024,MAD,MAD,unresolved_country_token
WOS:001274698700001,2024,TAN,TAN,unresolved_country_token
WOS:001280907700001,2024,HON,HON,unresolved_country_token
WOS:001284160800001,2024,TAN,TAN,unresolved_country_token
WOS:001285496500001,2024,MAD,MAD,unresolved_country_token
WOS:001290246500001,2024,TWN,TWN,valid_iso3_without_world_bank_economy
WOS:001291900000001,2025,FIJ,FIJ,unresolved_country_token
WOS:001296521100001,2024,TWN,TWN,valid_iso3_without_world_bank_economy
WOS:001299782700001,2024,GUF,GUF,valid_iso3_without_world_bank_economy
WOS:001303149200001,2025,TWN,TWN,valid_iso3_without_world_bank_economy
WOS:001305077800001,2024,CAM,CAM,unresolved_country_token
WOS:001305215300001,2024,ROM,ROM,unresolved_country_token
WOS:001306805800001,2024,BAN,BAN,unresolved_country_token
WOS:001307938300001,2024,TAN,TAN,unresolved_country_token
WOS:001309193200029,2024,REU,REU,valid_iso3_without_world_bank_economy
WOS:001311674200001,2024,TWN,TWN,valid_iso3_without_world_bank_economy
WOS:001316557200066,2024,TAN,TAN,unresolved_country_token
WOS:001316908000002,2024,LIB,LIB,unresolved_country_token
WOS:001317528100003,2024,BAN,BAN,unresolved_country_token
WOS:001319180000001,2024,TWN,TWN,valid_iso3_without_world_bank_economy
WOS:001319251700001,2024,MAD,MAD,unresolved_country_token
WOS:001320777500094,2024,GUF,GUF,valid_iso3_without_world_bank_economy
WOS:001322094900001,2024,MAD,MAD,unresolved_country_token
WOS:001323670100001,2024,BUL,BUL,unresolved_country_token
WOS:001326111500001,2024,KOS,KOS,unresolved_country_token
WOS:001326981100003,2025,GUF,GUF,valid_iso3_without_world_bank_economy
WOS:001333002200001,2024,REU,REU,valid_iso3_without_world_bank_economy
WOS:001336674200001,2025,TAN,TAN,unresolved_country_token
WOS:001337112500004,2024,TAN,TAN,unresolved_country_token
WOS:001338907700001,2024,TWN,TWN,valid_iso3_without_world_bank_economy
WOS:001339653800001,2025,TWN,TWN,valid_iso3_without_world_bank_economy
WOS:001341544900001,2024,TWN,TWN,valid_iso3_without_world_bank_economy
WOS:001347939300001,2024,TAN,TAN,unresolved_country_token
WOS:001353286300005,2024,BES,BES,valid_iso3_without_world_bank_economy
WOS:001359186500001,2024,TWN,TWN,valid_iso3_without_world_bank_economy
WOS:001360664100001,2025,TWN,TWN,valid_iso3_without_world_bank_economy
WOS:001362919700001,2024,BDG,BDG,unresolved_country_token
WOS:001365212800001,2025,TWN,TWN,valid_iso3_without_world_bank_economy
WOS:001366011400001,2024,TAN,TAN,unresolved_country_token
WOS:001366587400001,2024,TWN,TWN,valid_iso3_without_world_bank_economy
WOS:001367398300001,2025,TAN,TAN,unresolved_country_token
WOS:001368360800001,2024,TWN,TWN,valid_iso3_without_world_bank_economy
WOS:001371322000001,2025,TWN,TWN,valid_iso3_without_world_bank_economy
WOS:001371799800001,2025,TWN,TWN,valid_iso3_without_world_bank_economy
WOS:001373200500001,2025,FLK,FLK,valid_iso3_without_world_bank_economy
WOS:001373734500016,2025,TAN,TAN,unresolved_country_token
WOS:001375059100003,2024,TWN,TWN,valid_iso3_without_world_bank_economy
WOS:001375729400001,2024,TAN,TAN,unresolved_country_token
WOS:001380589600001,2024,TWN,TWN,valid_iso3_without_world_bank_economy
WOS:001383263400001,2024,TWN,TWN,valid_iso3_without_world_bank_economy
WOS:001389203400001,2025,TWN,TWN,valid_iso3_without_world_bank_economy
WOS:001395595200001,2025,BES,BES,valid_iso3_without_world_bank_economy
WOS:001396240100001,2025,TWN,TWN,valid_iso3_without_world_bank_economy
WOS:001397078900001,2024,GUF,GUF,valid_iso3_without_world_bank_economy
WOS:001401742800001,2025,TWN,TWN,valid_iso3_without_world_bank_economy
WOS:001404279400001,2025,ROM,ROM,unresolved_country_token
WOS:001404921800001,2025,TWN,TWN,valid_iso3_without_world_bank_economy
WOS:001408334700001,2025,TWN,TWN,valid_iso3_without_world_bank_economy
WOS:001409072300001,2025,TAN,TAN,unresolved_country_token
WOS:001410028100001,2025,CRO,CRO,unresolved_country_token
WOS:001410039200001,2025,TWN,TWN,valid_iso3_without_world_bank_economy
WOS:001410635400001,2025,TWN,TWN,valid_iso3_without_world_bank_economy
WOS:001410737500001,2025,TAN,TAN,unresolved_country_token
WOS:001418493600001,2025,TWN,TWN,valid_iso3_without_world_bank_economy
WOS:001419182000001,2025,TWN,TWN,valid_iso3_without_world_bank_economy
WOS:001423829700001,2025,REU,REU,valid_iso3_without_world_bank_economy
WOS:001423990600001,2025,CVE,CVE,unresolved_country_token
WOS:001426788100001,2025,TWN,TWN,valid_iso3_without_world_bank_economy
WOS:001433321800001,2025,TWN,TWN,valid_iso3_without_world_bank_economy
WOS:001434904400001,2025,TWN,TWN,valid_iso3_without_world_bank_economy
WOS:001435080500001,2025,MAD,MAD,unresolved_country_token
WOS:001435670700001,2025,MAD,MAD,unresolved_country_token
WOS:001438738600006,2025,KOS,KOS,unresolved_country_token
WOS:001441443700001,2025,TAN,TAN,unresolved_country_token
WOS:001445011700001,2025,TAN,TAN,unresolved_country_token
WOS:001446538800001,2025,SHN,SHN,valid_iso3_without_world_bank_economy
WOS:001450820100001,2025,TWN,TWN,valid_iso3_without_world_bank_economy
WOS:001456462500001,2025,MAD,MAD,unresolved_country_token
WOS:001460545700001,2025,TAN,TAN,unresolved_country_token
WOS:001461533700001,2025,BAN,BAN,unresolved_country_token
WOS:001463676500001,2025,TWN,TWN,valid_iso3_without_world_bank_economy
WOS:001463681700001,2025,TAN,TAN,unresolved_country_token
WOS:001467986000001,2025,BUL,BUL,unresolved_country_token
WOS:001471323000001,2025,TWN,TWN,valid_iso3_without_world_bank_economy
WOS:001472000700001,2025,TAN,TAN,unresolved_country_token
WOS:001475112900001,2025,BAN,BAN,unresolved_country_token
WOS:001477624900001,2025,TAN,TAN,unresolved_country_token
WOS:001482470200001,2025,TWN,TWN,valid_iso3_without_world_bank_economy
WOS:001482572300001,2025,TAN,TAN,unresolved_country_token
WOS:001483391000001,2025,GUF,GUF,valid_iso3_without_world_bank_economy
WOS:001488712000041,2025,MAD,MAD,unresolved_country_token
WOS:001488722400017,2025,TAN,TAN,unresolved_country_token
WOS:001488758000001,2025,TWN,TWN,valid_iso3_without_world_bank_economy
WOS:001489924400005,2025,MAD,MAD,unresolved_country_token
WOS:001490871700001,2025,TWN,TWN,valid_iso3_without_world_bank_economy
WOS:001492226500004,2025,MYT,MYT,valid_iso3_without_world_bank_economy
WOS:001492226500004,2025,REU,REU,valid_iso3_without_world_bank_economy
WOS:001492670000001,2025,BAN,BAN,unresolved_country_token
WOS:001493236200022,2025,MRI,MRI,unresolved_country_token
WOS:001495019200001,2025,BES,BES,valid_iso3_without_world_bank_economy
WOS:001496761500001,2025,TWN,TWN,valid_iso3_without_world_bank_economy
WOS:001496962000001,2025,ROM,ROM,unresolved_country_token
WOS:001499407300003,2025,TWN,TWN,valid_iso3_without_world_bank_economy
WOS:001504887800001,2025,BES,BES,valid_iso3_without_world_bank_economy
WOS:001510033100001,2025,WLF,WLF,valid_iso3_without_world_bank_economy
WOS:001511048100001,2025,NEP,NEP,unresolved_country_token
WOS:001512310200002,2025,NEP,NEP,unresolved_country_token
WOS:001515593900001,2025,BUL,BUL,unresolved_country_token
WOS:001518646600001,2025,GUF,GUF,valid_iso3_without_world_bank_economy
WOS:001520477600002,2025,AUU,AUU,unresolved_country_token
WOS:001521430000008,2025,REU,REU,valid_iso3_without_world_bank_economy
WOS:001521967400001,2025,TWN,TWN,valid_iso3_without_world_bank_economy
WOS:001522021500042,2025,FLK,FLK,valid_iso3_without_world_bank_economy
WOS:001523586700001,2025,TAN,TAN,unresolved_country_token
WOS:001523864000001,2025,RO,RO,unresolved_country_token
WOS:001525343700001,2025,TAN,TAN,unresolved_country_token
WOS:001525667600001,2025,MAD,MAD,unresolved_country_token
WOS:001527089100001,2025,TWN,TWN,valid_iso3_without_world_bank_economy
WOS:001528728300007,2025,ROM,ROM,unresolved_country_token
WOS:001529437300002,2025,TAN,TAN,unresolved_country_token
WOS:001533485300001,2025,TWN,TWN,valid_iso3_without_world_bank_economy
WOS:001533647700012,2025,MTQ,MTQ,valid_iso3_without_world_bank_economy
WOS:001533994300001,2023,AIA,AIA,valid_iso3_without_world_bank_economy
WOS:001534006100006,2024,KOS,KOS,unresolved_country_token
WOS:001537406000001,2025,TWN,TWN,valid_iso3_without_world_bank_economy
WOS:001537450700001,2025,TWN,TWN,valid_iso3_without_world_bank_economy
WOS:001537856000001,2025,MTQ,MTQ,valid_iso3_without_world_bank_economy
WOS:001539800400002,2025,TWN,TWN,valid_iso3_without_world_bank_economy
WOS:001540902900003,2025,GUF,GUF,valid_iso3_without_world_bank_economy
WOS:001540964700001,2025,TWN,TWN,valid_iso3_without_world_bank_economy
WOS:001542363600001,2025,TAN,TAN,unresolved_country_token
WOS:001543375800001,2025,HON,HON,unresolved_country_token
WOS:001546799000001,2025,TWN,TWN,valid_iso3_without_world_bank_economy
WOS:001547890200001,2025,MAD,MAD,unresolved_country_token
WOS:001548733800001,2025,TWN,TWN,valid_iso3_without_world_bank_economy
WOS:001550732600001,2025,TAN,TAN,unresolved_country_token
WOS:001551995700005,2025,TWN,TWN,valid_iso3_without_world_bank_economy
WOS:001552546800001,2025,TWN,TWN,valid_iso3_without_world_bank_economy
WOS:001553149500001,2025,TWN,TWN,valid_iso3_without_world_bank_economy
WOS:001558595000001,2025,TAN,TAN,unresolved_country_token
WOS:001559985500001,2025,TWN,TWN,valid_iso3_without_world_bank_economy
WOS:001564719100001,2025,GUF,GUF,valid_iso3_without_world_bank_economy
WOS:001566274200001,2025,TAN,TAN,unresolved_country_token
WOS:001567826000002,2025,TWN,TWN,valid_iso3_without_world_bank_economy
WOS:001567864200001,2025,TWN,TWN,valid_iso3_without_world_bank_economy
WOS:001569322600001,2025,TWN,TWN,valid_iso3_without_world_bank_economy
WOS:001571916000001,2025,TAN,TAN,unresolved_country_token
WOS:001573139800001,2025,TWN,TWN,valid_iso3_without_world_bank_economy
WOS:001573521700003,2025,MAD,MAD,unresolved_country_token
WOS:001574500400004,2025,TWN,TWN,valid_iso3_without_world_bank_economy
WOS:001580800100001,2025,TWN,TWN,valid_iso3_without_world_bank_economy
WOS:001581601200001,2025,TAN,TAN,unresolved_country_token
WOS:001581898700001,2025,URU,URU,unresolved_country_token
WOS:001582652800002,2025,BUL,BUL,unresolved_country_token
WOS:001583191800001,2025,TWN,TWN,valid_iso3_without_world_bank_economy
WOS:001584739500001,2025,MAD,MAD,unresolved_country_token
WOS:001585443500001,2025,TWN,TWN,valid_iso3_without_world_bank_economy
WOS:001586751500001,2025,GUF,GUF,valid_iso3_without_world_bank_economy
WOS:001587738600004,2025,TWN,TWN,valid_iso3_without_world_bank_economy
WOS:001589478300039,2025,FLK,FLK,valid_iso3_without_world_bank_economy
WOS:001593097800006,2025,KOS,KOS,unresolved_country_token
WOS:001595012100001,2025,TWN,TWN,valid_iso3_without_world_bank_economy
WOS:001595344900003,2025,TAN,TAN,unresolved_country_token
WOS:001595964100001,2025,TAN,TAN,unresolved_country_token
WOS:001598862000019,2025,ROM,ROM,unresolved_country_token
WOS:001599885500001,2025,BLM,BLM,valid_iso3_without_world_bank_economy
WOS:001599885500001,2025,GLP,GLP,valid_iso3_without_world_bank_economy
WOS:001599885500001,2025,MTQ,MTQ,valid_iso3_without_world_bank_economy
WOS:001603564300075,2025,ROM,ROM,unresolved_country_token
WOS:001603921300001,2025,TWN,TWN,valid_iso3_without_world_bank_economy
WOS:001607670300003,2025,BUR,BUR,unresolved_country_token
WOS:001607945900001,2025,BAN,BAN,unresolved_country_token
WOS:001611067100001,2025,TAN,TAN,unresolved_country_token
WOS:001612986900001,2025,TWN,TWN,valid_iso3_without_world_bank_economy
WOS:001613122100001,2025,GUF,GUF,valid_iso3_without_world_bank_economy
WOS:001616638000001,2025,KOS,KOS,unresolved_country_token
WOS:001619911400001,2025,NFK,NFK,valid_iso3_without_world_bank_economy
WOS:001620574800001,2025,TAN,TAN,unresolved_country_token
WOS:001622745600001,2025,TAN,TAN,unresolved_country_token
WOS:001622816000001,2025,MAD,MAD,unresolved_country_token
WOS:001623208900001,2025,TAN,TAN,unresolved_country_token
WOS:001628347500001,2021,MAD,MAD,unresolved_country_token
WOS:001628968800004,2025,MAD,MAD,unresolved_country_token
WOS:001629855700002,2025,TWN,TWN,valid_iso3_without_world_bank_economy
WOS:001632329000001,2026,TWN,TWN,valid_iso3_without_world_bank_economy
WOS:001632894400001,2025,TWN,TWN,valid_iso3_without_world_bank_economy
WOS:001634343800001,2025,ROM,ROM,unresolved_country_token
WOS:001637072000001,2026,TWN,TWN,valid_iso3_without_world_bank_economy
WOS:001640581000001,2026,TAN,TAN,unresolved_country_token
WOS:001641284500001,2026,TAN,TAN,unresolved_country_token
WOS:001660021700001,2026,TWN,TWN,valid_iso3_without_world_bank_economy
WOS:001661332400001,2026,TWN,TWN,valid_iso3_without_world_bank_economy
WOS:001662639000001,2026,TWN,TWN,valid_iso3_without_world_bank_economy
WOS:001664699500001,2026,TWN,TWN,valid_iso3_without_world_bank_economy
WOS:001669959000001,2026,TWN,TWN,valid_iso3_without_world_bank_economy
WOS:001671204100001,2026,REU,REU,valid_iso3_without_world_bank_economy
WOS:001671603200001,2026,ROM,ROM,unresolved_country_token
WOS:001676095300002,2026,GLP,GLP,valid_iso3_without_world_bank_economy
WOS:001677338500001,2026,MAD,MAD,unresolved_country_token
WOS:001677466500001,2026,TAN,TAN,unresolved_country_token
WOS:001684202800001,2026,ROM,ROM,unresolved_country_token
WOS:001684332300011,2026,FIJ,FIJ,unresolved_country_token
WOS:001685817100004,2026,MAD,MAD,unresolved_country_token
WOS:001685971700001,2026,TWN,TWN,valid_iso3_without_world_bank_economy
WOS:001688911500003,2026,KOS,KOS,unresolved_country_token
WOS:001690984900001,2026,TWN,TWN,valid_iso3_without_world_bank_economy
WOS:001691935700001,2026,TAN,TAN,unresolved_country_token
WOS:001695037500001,2026,ROM,ROM,unresolved_country_token
WOS:001695215000001,2026,TAN,TAN,unresolved_country_token
WOS:001696251200002,2026,TWN,TWN,valid_iso3_without_world_bank_economy
WOS:001698413700001,2026,SHN,SHN,valid_iso3_without_world_bank_economy
WOS:001703775700001,2026,TWN,TWN,valid_iso3_without_world_bank_economy
WOS:001705049000001,2026,TWN,TWN,valid_iso3_without_world_bank_economy
WOS:001712274500001,2026,TWN,TWN,valid_iso3_without_world_bank_economy
WOS:001714320800002,2026,GGD,GGD,unresolved_country_token
WOS:001718139300001,2026,TWN,TWN,valid_iso3_without_world_bank_economy
WOS:001720024900001,2026,SGS,SGS,valid_iso3_without_world_bank_economy
WOS:001726052300001,2026,BUL,BUL,unresolved_country_token
WOS:001726951500001,2026,BES,BES,valid_iso3_without_world_bank_economy
WOS:001727383500001,2026,TAN,TAN,unresolved_country_token
WOS:001727870200001,2026,CRO,CRO,unresolved_country_token
WOS:001732223700001,2026,BES,BES,valid_iso3_without_world_bank_economy
WOS:001732848500001,2026,TAN,TAN,unresolved_country_token
WOS:001732950900001,2026,TAN,TAN,unresolved_country_token
WOS:001733736500001,2026,NEP,NEP,unresolved_country_token
WOS:001734867500001,2026,TAN,TAN,unresolved_country_token
WOS:001735211700001,2026,ROM,ROM,unresolved_country_token
WOS:001735655800001,2026,TWN,TWN,valid_iso3_without_world_bank_economy
WOS:001738901500001,2026,BOT,BOT,unresolved_country_token
WOS:001739141000001,2026,TAN,TAN,unresolved_country_token
WOS:001739223400001,2026,TAN,TAN,unresolved_country_token
WOS:001739242900001,2026,TWN,TWN,valid_iso3_without_world_bank_economy
WOS:001743406800001,2026,GUF,GUF,valid_iso3_without_world_bank_economy
WOS:001749120800001,2026,TWN,TWN,valid_iso3_without_world_bank_economy
WOS:001751390200001,2026,TWN,TWN,valid_iso3_without_world_bank_economy
