Article Title,Abstract,DOI,source,UT (Unique WOS ID),threats_l0,threats_l1
Making sense of the policy process for carnivore conservation,"Grizzly bears (Ursus arctos horribilis), mountain lions (Puma concolor), wolverines (Gulo gulo), wolves (Canis lupus), and lynx (Felis lynx) are all top-level carnivores in the Rocky Mountains of the northern U.S. and southern Canada. Because of their body size and high trophic position, these species require abundant prey species and large habitat areas-requirements that make their conservation a controversial public policy problem. Because the challenge of conserving these species extends beyond biological issues, it is necessary to involve other relevant disciplines and perspectives in understanding and solving the problem. Our examination of the context, content, and process of large carnivore conservation policies suggests more effective and active roles for scientists in designing solutions to the problem of landscape-level carnivore conservation. Scientists must develop an understanding of the range of participants in the policy process and the ways in which these participants receive and utilize information. This knowledge of the policy process could help scientists to better understand their roles in framing and clarifying policy questions, projecting the consequences of various alternatives, and presenting policy information in appropriate fora.",10.1046/j.1523-1739.1996.10041036.x,Wright et al,WOS:A1996VC10300020,"[""Biological resource use"", ""Human intrusions & disturbance"", ""Energy production & mining""]","[""Hunting & Collecting Terrestrial Animals"", ""Logging & Wood Harvesting"", ""Recreational activities"", ""Oil & gas drilling""]"
"Association of Toxoplasma gondii oocysts with fresh, estuarine, and marine macroaggregates","The protozoan parasite Toxoplasma gondii infects a large proportion of threatened California sea otters (Enhydra lutris nereis), and is an important waterborne pathogen in humans. Contamination of coastal waters with T. gondii is thought to occur through delivery of environmentally resistant oocysts to nearshore regions via overland runoff. The objectives of this study were to evaluate whether T. gondii oocysts and surrogate microspheres attach to aggregates (>= 0.5 mm), and whether the magnitude of aggregation depends on water type, specifically salinity. Laboratory aggregation studies were conducted by adding T. gondii oocysts and surrogate microspheres to riverine, estuarine, and marine waters, and quantifying the proportion of oocysts and surrogates in aggregate-rich and aggregate-free water fractions. Attachment of oocysts and surrogates to aggregates occurred in all water types, but was greater in estuarine and marine waters, with concentrations of T. gondii in aggregates enriched 3-4 orders of magnitude. Aquatic aggregates may, thus, significantly influence waterborne transport of terrestrially derived pathogens, both through enhanced settling and subsequent concentration in the benthos, as well as by facilitating ingestion by invertebrate vectors that can transmit pathogens to susceptible hosts, including sea otters and humans.",10.4319/lo.2012.57.2.0449,Wright et al,WOS:000302613200006,"[""Natural system modifications"", ""Invasive & other problematic species, genes & diseases""]","[""Viral/prion-induced diseases""]"
The role of protected areas in mitigating human impact in the world's last wilderness areas,"Human impact on the environment is evident across the planet, including its most biodiverse areas. Of particular interest is the impact on the world's last wilderness areas, in which the largest patches of land relatively free from human influence remain. Here, we use the human footprint index to measure the extent to which the world's last wilderness areas have been impacted by human activities-between the years 1993 and 2009-and whether protected areas have been effective in reducing human impact. We found that overall the increase in human footprint was higher in tropical than temperate regions. Moreover, although on average the increase was lower inside protected areas than outside, in half of the fourteen biomes examined the differences were insignificant. Although reasons varied, protected areas alone are unlikely to be ubiquitously successful in protecting wilderness areas. To achieve protection, it is important to address loss and improve environmental governance.",10.1007/s13280-019-01213-x,Pulido-Chadid et al,WOS:000512058200005,"[""Biological resource use"", ""Residential & Commercial Development""]","[""Logging & wood harvesting""]"
"Interacting effects of climate change, landscape conversion, and harvest on carnivore populations at the range margin: Marten and Lynx in the northern Appalachians","Assessing the effects of climate change on threatened species requires moving beyond simple bioclimatic models to models that incorporate interactions among climatic trends, landscape change, environmental stochasticity, and species life history. Populations of marten (Martes americana) and lynx (Lynx canadensis) in southeastern Canada and the northeastern United States represent peninsular extensions of boreal ranges and illustrate the potential impact of these threats on semi-isolated populations at the range margin. Decreased snowfall may affect marten and lynx through decreased prey vulnerability and decreased competitive advantage over sympatric carnivores. I used a spatially explicit population model to assess potential effects of predicted changes in snowfall by 2055 on regional marten and lynx populations. The models' habitat rankings were derived from previous static models that correlated regional distribution with snowfall and vegetation data. Trapping scenarios were parameterized as a 10% proportional decrease in survival, and logging scenarios were parameterized as a 10% decrease in the extent of older coniferous or mixed forest. Both species showed stronger declines in the simulations due to climate change than to overexploitation or logging. Marten populations declined 40% because of climate change, 16% because of logging, and 30% because of trapping. Lynx populations declined 59% because of climate change, 36% because of trapping, and 20% in scenarios evaluating the effects of population cycles. Climate change interacted with logging in its effects on the marten and with trapping in its effects on the lynx, increasing overall vulnerability. For both species larger lowland populations were vulnerable to climate change, which suggests that contraction may occur in the core of their current regional range as well as among smaller peripheral populations. Despite their greater data requirements compared with bioclimatic models, mesoscale spatial viability models are important tools for generating more biologically realistic hypotheses regarding biotic response to climate change.",10.1111/j.1523-1739.2007.00719.x,Wright et al,WOS:000248401200029,"[""Biological resource use"", ""Climate change & severe weather""]","[""Hunting & Collecting Terrestrial Animals""]"
"THE DECLINE OF OTTER LUTRA-LUTRA POPULATIONS IN THE REGION OF THE PAYS-DE-LOIRE, WESTERN FRANCE","In the Pays de Loire region of western France, a field survey carried out between 1984 and 1991 showed that otter populations decreased over 54.2% of sites and are now highly fragmented. In 1991 only 9.5% of 348 sites produced positive records compared to 20.7% in 1984. The decline was most notable in the larger rivers whereas the relative use of marsh habitat increased. Populations become more vulnerable when riparian vegetation declines. Accidental drowning in eel Anguilla anguilla fyke nets appears to be the major cause of accidental mortality. The scarcity of otter populations is an indication of serious degradation of aquatic ecosystems.",10.1016/0006-3207(93)90190-C,Wright et al,WOS:A1993LH73400002,"[""Biological resource use"", ""Natural system modifications""]","[""Fishing & Harvesting Aquatic Resources""]"
Forest cover influences occurrence of mammalian carnivores within Brazilian Atlantic Forest,"Habitat fragmentation reduces biodiversity and affects ecological processes that are fundamental for maintaining ecosystem services. We investigated how landscape structure-percent forest cover, patch density, percent cover by edge, perimeter-area ratio, and spatial heterogeneity-affects the diversity of mammalian carnivores at multiple extents within 22 Atlantic Forest landscapes. We hypothesized that 1) species richness of carnivores is positively related to forest cover; and 2) the occurrence of species will vary according to its sensitivity to forest loss and its preference for forest or open areas. Species richness, composition, and occurrence of mammalian carnivores were correlated with several landscape structure metrics. Due to a high correlation among the metrics, we adopted forest cover as the principal predictor variable. We compared a forest cover model to a null model using Akaike Information Criterion (AICc), and evaluated other fragmentation metrics using a redundancy analysis. Carnivore species richness was positively related to forest cover and negatively associated with other fragmentation metrics. However, the responses to landscape structure differed among species, possibly due to their differences in habitat use. Landscape configuration is an important factor influencing carnivore species composition. Forest cover can explain some, but not all, carnivore species occurrence. Our results reinforce the protection of forests as fundamental to the conservation of carnivore species and the ecological processes in which they participate.",10.1093/jmammal/gyx103,Wright et al,WOS:000417241500021,"[""Biological resource use"", ""Agriculture & aquaculture"", ""Residential & commercial development""]","[""Logging & Wood Harvesting""]"
Genetic variability and size estimates of the Eurasian otter (Lutra lutra) population in the Bohemian Forest Ecosystem,"Even though recent years have shown a slow recovery of the Eurasian otter (Lutra lutra) populations from their previous lows, the species is still highly endangered in most parts of its European distribution range. Surprisingly, only a few studies have so far assessed the species' genetic variability and population density, and they have mostly been carried out only in small territories. In Germany, most otter populations live in protected areas whose management urgently needs data on population sizes and densities as well as on genetic variability of the species under their custody. Thus, we analyzed genetic variability and assessed size and density of the otter population in the Bohemian Forest Ecosystem, an area that had not been included in the few previous molecular studies. The study area comprised of 1500 km(2), divided into fifteen squares of 10 x 10 km2, each of which was sampled in two collection periods. Overall we collected 261 fecal samples (spraints), of which 60 (23%) could be genotyped at least at eight microsatellite loci, yielding 38 distinct otter genotypes. The low genotyping success rate was the result of high ambient temperature at the time of sampling rather than that of high humidity. The population did not show signs of a past bottleneck, indicating a small yet stable population size. Population size was estimated to be 118 (CI95% 64-163) individuals, with a mean density of 1 animal per 8.5 km(2) or 3.1 km river length. Our results imply that hunting, requested by local fishpond owners, should remain banned to avoid a decline in (effective) population size. (C) 2016 Deutsche Gesellschaft fiir Saugetierkunde. Published by Elsevier GmbH. All rights reserved.",10.1016/j.mambio.2016.12.001,Wright et al,WOS:000413132400007,"[""Biological resource use"", ""Pollution"", ""Natural system modifications""]","[""Hunting & Collecting Terrestrial Animals""]"
"Roads, logging, and the large-mammal community of an eastern Canadian boreal forest","We evaluated hypotheses concerning the distributions of large mammals in a 60 000 km(2) study area that encompassed the contact zone between Ontario's roadless north and the postlogging southern landscape. We estimated occurrence probability in 575 sample units for woodland caribou (Rangifer tarandus caribou (Gmelin, 1788)), wolverine (Gulo gulo (L., 1758)), gray wolf (Canis lupus L., 1758), moose (Alces alces (L., 1758)), and white-tailed deer (Odocoileus virginianus (Zimmerman, 1780)). We used ordinations and spatial regressions to assess the contributions of parameters to species occurrence. Roads and cutovers were most abundant in the south, leading to an increased prevalence of deciduous forest. Mature coniferous forest, however, occurred most commonly in the north. Occurrence probabilities for moose and deer were greatest in the south, in close association with deciduous trees. Wolf occurrence was also greatest in the south, positively related to both deciduous forest and road density. Caribou occurrence, however, was positively related to mature coniferous forest and negatively related to both wolf occurrence and roads. Wolverine occurrence was negatively related to deciduous forest. Our surveys demonstrated distinct mammal communities in the northern and southern halves of our study area, a separation that appeared to be mediated by deciduous forest and roads.",10.1139/Z10-019,Wright et al,WOS:000278731900004,"[""Biological resource use"", ""Transportation & service corridors""]","[""Logging & Wood Harvesting"", ""Roads & railroads""]"
Assessing the distribution pattern of otters in four rivers of the Indian Himalayan biodiversity hotspot,"The Eurasian otter (Lutra lutra), smooth-coated otter (Lutrogale perspicillata), and Asian small-clawed otter (Aonyx cinereus) have all been reported previously from the Indian state of Uttarakhand. However, little information is available about their current distribution in a mountainous region that is subject to increasing human-induced stressors (such as hydropower plants, pollution, sand and boulder mining, destructive fishing techniques, poaching). Owing to important roles played by these otters in structuring riverine food webs (particularly taking account of their roles as top carnivores), it is critical that they receive suitable protection in the face of projected temperature rise, change in precipitation patterns, and associated river flows in this Himalayan biodiversity hotspot. This study assesses otter distribution in four rivers of Uttarakhand as a basis for informing future conservation actions. Field surveys were conducted (October 2018-January 2019) in reaches of the Kosi, Ramganga, Khoh, and Song rivers, supported by semi-structured interviews (N = 379) conducted with members of local communities to collect qualitative data on views and perceptions of otter species. In addition, community-based otter awareness camps were organized for local youths (N = 105), adults (N = 115), and schoolchildren (N = 256 covering 10 schools). Habitat suitability maps were created using remote-sensing data, survey findings, and a geographic information system to provide information about priority reaches of river to be targeted for future conservation efforts. This study provides critical interdisciplinary baseline information to guide decision-makers towards developing a targeted, otter-specific conservation programme for this important Himalayan biodiversity hotspot. The otter conservation education programmes conducted during this study resulted in a proposal to set up a community-based conservation initiative to monitor and report otter sightings from the area, potentially representing a way forward for achieving simultaneous otter conservation and associated ecosystem benefits for local communities.",10.1002/aqc.3284,Wright et al,WOS:000509475000001,"[""Biological resource use"", ""Natural system modifications"", ""Energy production & mining"", ""Climate change & severe weather""]","[""Hunting & Collecting Terrestrial Animals"", ""Fishing & Harvesting Aquatic Resources"", ""Dams & water management/use"", ""Mining & quarrying"", ""Habitat shifting & alteration""]"
Biological invasions provide a framework for reintroductions: selecting areas in England for pine marten releases,"We suggest that reintroductions, like biological invasions, have two phases: establishment when a new population becomes self-sustaining, and spread when a population increases its distribution. Stochastic effects on mortality and sex ratios are most likely to determine whether a population becomes established, while factors influencing birth rates will probably most influence spread. Using this establishment-spread structure, we evaluate the autecological suitability of regions in England for pine marten Martes martes reintroductions. Risks of mortality from predator control, traffic accidents and predation by foxes were used to evaluate suitability for establishment. Mortality risk was higher in all potential release regions in England (selected as having 25% or more woodland cover) than in regions of current pine marten distribution in Scotland; risk of predation was higher in the latter. Indices of prey abundance were used to evaluate suitability for populations to spread. Prey indices in potential release regions were generally higher than in regions of current distribution. A relation between prey, woodland cover, and known pine marten densities suggested that potential release regions are capable of supporting relatively high densities of pine martens, though these might be reduced by higher mortality. We concluded that all potential release regions are suitable for pine marten populations to spread. However, reintroductions should first be to regions with lower risk of mortality, in case higher levels of the latter prevent establishment. The suitability of relict regions of distribution in northern England was low until post-war afforestation, suggesting that habitat suitability constrained recovery of relict populations. These regions remain less suitable for reintroductions.",10.1023/A:1016654725190,Wright et al,WOS:000170159900002,"[""Biological resource use"", ""Transportation & service corridors""]","[""Hunting & Collecting Terrestrial Animals"", ""Logging & Wood Harvesting"", ""Roads & railroads""]"
Land use drivers of species re-expansion: inferring colonization dynamics in Eurasian otters,"Aim Land use intensity has been recognized as one of the major determinants of native species declines. The re-expansion of species previously constrained by habitat degradation has been rarely investigated. Here, we use site occupancy models incorporating imperfect detection to identify the land use drivers of the re-expansion of the Eurasian otter (Lutra lutra). Location Czech Republic. Methods We applied multi-season occupancy models to otter presencenon-detection data collected in three national surveys (1992, 2000, 2006) at 552 sites (11.2 X 12 km grid cells). Model parameters included site occupancy, colonization and extinction probabilities, and detection probability at a sub-site level. We modelled changes in occupancy over time as a function of agricultural, urban and industrial land use and change in the extent of agricultural land use. Results Under the best fitting model, occupancy was estimated to be 34.6% in 1992, 51.3% in 2000 and 83.7% in 2006. Detection probability was neither perfect nor constant. Occupancy probability in 1992 was negatively related to land use gradients. Colonization was more likely to occur where a reduction in agricultural land was larger. Variation in extinction and colonization rates along land use gradients resulted in increased occupancy in industrial and especially urban landscapes. Conversely, occupancy remained almost unchanged along agricultural gradients. Main conclusions Dynamics of otter expansion were strongly associated with the two main patterns of the rapid environmental transition that has taken place in the Czech Republic since the early 1990s. Results show that a reduction in intensive agricultural land use led to an increase in otter distribution, providing evidence of the impact of agricultural land use on stream ecosystems. Moreover, otters recolonized urban and industrial landscapes, probably as a result of extensive reduction in water pollution from point sources. Our results suggest that active conservation of otter populations should focus on restoration of freshwater habitat at large scales, especially in agricultural landscapes.",10.1111/j.1472-4642.2012.00898.x,Wright et al,WOS:000308466900005,"[""Agriculture & aquaculture"", ""Pollution""]","[""Industrial & military effluents"", ""Agricultural & forestry effluents""]"
"Stream health, topography, and land use influences on the distribution of the Eurasian otter Lutra lutra in the Nakdong River basin, South Korea","In South Korea, Eurasian otter (Lutra lutra) habitat has increased since the 1990 s because of legal protection, forest development, and increased public awareness. Although otters have been detected throughout the country, a precise investigation of habitat conditions has not previously been undertaken. We hypothesized that higher values of stream health assessment programme (SHAP) indices would indicate better habitat for otters. Otter distribution based on spraint density was investigated along 600 m riverside transects at 250 sites in the Nakdong River basin. We defined four otter population categories (absent, rare, normal, and abundant) and compared the results with presence and absence data. Use of the four population categories provided more details about habitat conditions than presence and absence analysis. The highest spraint densities were found at higher altitudes, and densities declined in areas with high human density and urbanization. The benthic macro invertebrate community index was highly positively related to the otter population indices. In terms of fish as prey items, the proportion of species tolerant to environmental change were negatively related to otter indices, otherwise number of species sensitive to environmental change positively related. Overall, stream health assessment indices provided the highest correlations with otter population numbers and distribution.",10.1016/j.ecolind.2018.01.004,Wright et al,WOS:000430760800026,"[""Biological resource use"", ""Human intrusions & disturbance"", ""Residential & commercial development"", ""Natural system modifications""]","[""Hunting & Collecting Terrestrial Animals""]"
EFFECTS OF FRESH-WATER AVAILABILITY ON THE SUMMER DISTRIBUTION OF OTTERS LUTRA-LUTRA IN THE SOUTHWEST COAST OF PORTUGAL,"The availability of freshwater has been suggested to strongly influence the distribution of coastal otters Lutra lutra. The test this hypothesis, a study was undertaken on the relationships between otter distribution and freshwater availability in a coast where freshwater is a very scarce resource during the summer. In this area otters occur mostly in a few small coastal streams but feed largely in the sea. Twentynine streams were surveyed in the summer of 1990, and the presence/absence of otter signs was related to nine habitat variables. Freshwater availability was found to be the most important factor influencing the occurrence of otters in summer. It is suggested that otters favour large streams with good vegetation cover, for these are the most likely to maintain frestwater during the dry periods. The distribution of otter signs in streams was also analysed, and it was found that signs tend to concentrate particularly near the mouth of the streams. This habitat analysis has some conservation implications, indicating that the decrease of freshwater availability or quality of streams can make these unsuitable for otters, severely decreasing the areas suitable for the species in the southwest coast of Portugal.",10.1111/j.1600-0587.1992.tb00035.x,Wright et al,WOS:A1992JM78800004,"[""Natural system modifications"", ""Human intrusions & disturbance""]","[""Dams & water management/use"", ""Recreational activities""]"
"Land Use and Land Cover Dynamics Analysis of the Togodo Protected Area and Its Surroundings in Southeastern Togo, West Africa","Assessing land use and land cover (LULC) change is essential for the sustainable management of natural resources, biodiversity conservation, monitoring food security, and research related to climate change and ecology. With increasingly rapid changes in LULC in response to human population growth, a better assessment of land use changes is more necessary than ever. Although a multitude of LULC assessment methods exists, none alone provides a clear understanding of changes and their underlying factors. This study analysed historical LULC changes over a temporal extent of 42 years (1974-2016) in the Togodo Protected Area and its surroundings, in Togo, by associating intensity and trajectory analyses, that are complementary but rarely associated in the literature. Our results show that LULC change in our study site is linked to the combined effects of human activities, climate, and invasive plants, particularlyChromolaena odorata. While each type of analysis provides useful insights, neither intensity nor trajectory analysis alone provides a full picture of changes and their causes. This study highlights the usefulness of associating intensity and trajectory analyses when implementing any management policy.",10.3390/su12135439,Pulido-Chadid et al,WOS:000550230500001,"[""Agriculture & aquaculture"", ""Biological resource use""]","[""Logging & wood harvesting""]"
Genetic structure of North American wolverine (Gulo gulo) populations,"Wolverines (Gulo gulo) are found in low densities throughout their circumpolar distribution. They are also potentially susceptible to human-caused population fragmentation (development, recreation and fur harvesting). The combination of these factors has contributed to this species being listed as having either vulnerable or endangered status across much of its current range. The effects of inherently low densities and anthropogenic pressures on the genetic structure and variation of wolverine populations are, as yet, unknown. In this study, 461 individuals were typed at 12 microsatellite loci to investigate the population genetic structure of wolverines from north-western Alaska to eastern Manitoba. Levels of gene flow and population differentiation among the sampled regions were estimated via a genotype assignment test, pairwise F-ST, and two genetic distance measures. Our results suggest that wolverine populations from southernmost regions, in which anthropogenic factors are strongest, revealed more genetic structuring than did northern populations. Furthermore, these results suggest that reductions in this species' range may have led to population fragmentation in the extreme reaches of its southern distribution. The continued reduction of suitable habitat for this species may lead to more populations becoming isolated remnants of a larger distribution of northern wolverines, as documented in other North American carnivore species.",10.1046/j.1365-294x.2001.01222.x,Wright et al,WOS:000167779400006,"[""Biological resource use"", ""Human intrusions & disturbance""]","[""Hunting & Collecting Terrestrial Animals""]"
Mortality Risks and Limits to Population Growth of Fishers,"Fishers (Pekania pennanti) in the west coast states of Washington, Oregon, and California, USA have not recovered from population declines and the United States Fish and Wildlife Service has proposed options for listing them as threatened. Our objectives were to evaluate differences in survival and mortality risk from natural (e.g., predation, disease, injuries, starvation) and human-linked causes (e.g., rodenticide exposure [toxicants], vehicle strikes). We monitored survival of 232 radio-collared fishers at a northern and southern study site in the Sierra National Forest, California. We retrieved fisher carcasses, and used necropsy examinations to determine causes of death. We estimated survival and mortality rates using the Kaplan-Meier estimator and nonparametric cumulative incidence functions, respectively, and integrated risk-specific survival rates into a Leslie matrix to evaluate how population growth (l) might improve if management can reduce mortality from any of the risks. We determined cause of death for 93 of 121 fishers, and annual survival was 0.69 for all fishers, and 0.72 for female fishers. Mortality rates were 19.5% for predation; 2.5% for disease, injury, and starvation; and 1.9% for toxicant exposure and vehicle strikes. Predation rates were similar between sexes, and relative risk was 51% lower in fall and winter compared to spring and summer. Combined mortality from disease, injuries, starvation, vehicle strikes, and toxicants was 4.4%, and 11 times higher for males than females. We estimated a base lambda at the northern site of 0.96, which had the potential to increase to 1.03 or 1.11 if predation were reduced by 25% or 50%, respectively, whereas lambda could increase to 0.97 in the absence of deaths from all other risks except predation. Predation was the dominant limiting factor in our study population, and was also the most common mortality risk for fishers in the 3 West Coast states (67%), followed by disease, injury, and starvation (12%) and vehicle strikes (8%). Direct mortality from toxicants appeared limited to fishers in California. Our results identified the need for continued and potential expanded restrictions on habitat disturbance in fisher denning habitats. Research is needed on contact rates between larger predators and fishers, including whether fishers are more vulnerable to attack in open forests or along roads used by coursing predators. (C) 2015 The Wildlife Society.",10.1002/jwmg.1020,Wright et al,WOS:000373480100006,"[""Invasive & other problematic species, genes & diseases"", ""Transportation & service corridors"", ""Pollution""]","[""Viral/prion-induced diseases"", ""Roads & railroads"", ""Agricultural & forestry effluents""]"
"Evidence for persistence and a major range extension of the smooth-coated otter (Lutrogale perspicillata maxwelli; Mustelidae, Carnivora) in Iraq","The species IUCN conservation status of smooth-coated otter (Lutrogale perspicillata) is considered 'Vulnerable', due to an inferred future population decline caused by habitat loss and sustained exploitation. The status of the Arabian subspecies (L. p. maxwelli) occurring in the Tigris marshes of Iraq and Iran is uncertain due to political problems and limited access to this border region in recent years. With this study we could confirm the persistence of the smooth-coated otter in the marshlands of southern Iraq by using a mitochondrial marker (cytochrome b). Moreover, a second sample from Kurdistan was also identified to be L. perspicillata. This observation represents a major range extension of more than 500 km for this poorly known species. It is recommended to undertake further surveys of suitable habitat in the Tigris wetlands, as well as in Kurdistan, to obtain additional information on the distribution of smooth-coated otter in Iraq, and implement conservation measures in those areas.",10.25225/fozo.v61.i2.a10.2012,Wright et al,WOS:000306090900009,"[""Biological resource use"", ""Energy production & mining"", ""Pollution"", ""Agriculture & aquaculture""]","[""Hunting & Collecting Terrestrial Animals"", ""Renewable energy"", ""Agricultural & forestry effluents""]"
Characteristics of sex-biased dispersal and gene flow in coastal river otters: implications for natural recolonization of extirpated populations,"River otters (Lontra canadensis) were extirpated from much of their historic distribution because of exposure to pollution and urbanization, resulting in expansive reintroduction programmes that continue today for this and other species of otters worldwide. Bioaccumulation of toxins negatively affects fecundity among mustelids, but high vagility and different dispersal distances between genders may permit otter populations to recover from extirpation caused by localized environmental pollution. Without understanding the influence of factors such as social structure and sex-biased dispersal on genetic variation and gene flow among populations, effects of local extirpation and the potential for natural recolonization (i.e. the need for translocations) cannot be assessed. We studied gene flow among seven study areas for river otters (n = 110 otters) inhabiting marine environments in Prince William Sound, Alaska, USA. Using nine DNA microsatellite markers and assignment tests, we calculated immigration rates and dispersal distances and tested for isolation by distance. In addition, we radiotracked 55 individuals in three areas to determine characteristics of dispersal. Gender differences in sociality and spatial relationships resulted in different dispersal distances. Male river otters had greater gene flow among close populations (within 16-30 km) mostly via breeding dispersal, but both genders exhibited an equal, low probability of natal dispersal; and some females dispersed 6090 km. These data, obtained in a coastal environment without anthropogenic barriers to dispersal (e.g. habitat fragmentation or urbanization), may serve as baseline data for predicting dispersal under optimal conditions. Our data may indicate that natural recolonization of coastal river otters following local extirpation could be a slow process because of low dispersal among females, and recolonization may be substantially delayed unless viable populations occurred nearby. Because of significant isolation by distance for male otters and low gene flow for females, translocations should be undertaken with caution to help preserve genetic diversity in this species.",10.1046/j.0962-1083.2001.01440.x,Wright et al,WOS:000174424000001,"[""Pollution"", ""Residential & commercial development""]",
"Setting Realistic Recovery Targets for Two Interacting Endangered Species, Sea Otter and Northern Abalone","Failure to account for interactions between endangered species may lead to unexpected population dynamics, inefficient management strategies, waste of scarce resources, and, at worst, increased extinction risk. The importance of species interactions is undisputed, yet recovery targets generally do not account for such interactions. This shortcoming is a consequence of species-centered legislation, but also of uncertainty surrounding the dynamics of species interactions and the complexity of modeling such interactions. The northern sea otter (Enhydra lutris kenyoni) and one of its preferred prey, northern abalone (Haliotis kamtschatkana), are endangered species for which recovery strategies have been developed without consideration of their strong predator-prey interactions. Using simulation-based optimization procedures from artificial intelligence, namely reinforcement learning and stochastic dynamic programming, we combined sea otter and northern abalone population models with functional-response models and examined how different management actions affect population dynamics and the likelihood of achieving recovery targets for each species through time. Recovery targets for these interacting species were difficult to achieve simultaneously in the absence of management. Although sea otters were predicted to recover, achieving abalone recovery targets failed even when threats to abalone such as predation and poaching were reduced. A management strategy entailing a 50% reduction in the poaching of northern abalone was a minimum requirement to reach short-term recovery goals for northern abalone when sea otters were present. Removing sea otters had a marginally positive effect on the abalone population but only when we assumed a functional response with strong predation pressure. Our optimization method could be applied more generally to any interacting threatened or invasive species for which there are multiple conservation objectives.",10.1111/j.1523-1739.2012.01951.x,Wright et al,WOS:000310798400009,"[""Pollution"", ""Biological resource use""]","[""Industrial & military effluents"", ""Hunting & collecting terrestrial animals""]"
Rapid and large changes in coastal wetland structure in China's four major river deltas,"Coastal wetlands provide essential ecosystem goods and services but are extremely vulnerable to sea-level rise, extreme climate, and human activities, especially the coastal wetlands in large river deltas, which are regarded as natural recorders of changes in estuarine environments. In addition to the area (loss or gain) and quality (degradation or improvement) of coastal wetlands, the information on coastal wetland structure (e.g., patch size and number) are also major metrics for coastal restoration and biodiversity protection, but remain very limited in China's four major river deltas. In this study, we quantified the spatial-temporal dynamics of total area (TA) and patch number (PN) of coastal wetlands with different sizes in the four deltas and the protected areas (PAs) and assessed the effects of major driving factors during 1984-2020. We also investigated the effectiveness of PAs through the comparison of TA and PN of coastal wetlands before and after the years in which PAs were listed as Ramsar Sites. We found both TA and PN experienced substantial losses in the Liaohe River Delta and Yellow River Delta but recent recoveries in the Yangtze River Delta. The coastal wetlands had a relatively stable and variable trend in TA but had a continually increasing trend in PN in the Pearl River Delta. Furthermore, reduced coastal reclamation, ecological restoration projects, and rapid expansion of invasive plants had great impacts on the coastal wetland structure in various ways. We also found that PAs were effective in halting the decreasing trends in coastal wetland areas and slowing the expansion of reclamation, but the success of PAs is being counteracted by soaring exotic plant invasions. Our findings provide vital information for the government and the public to address increasing challenges of coastal restoration, management, and sustainability in large river deltas.",10.1111/gcb.16583,Pulido-Chadid et al,WOS:000913869100001,"[""Biological resource use"", ""Residential & Commercial Development""]","[""Logging & wood harvesting""]"
"Carnivore conservation planning on Borneo: identifying key carnivore landscapes, research priorities and conservation interventions","Borneo harbours more endemic carnivores than does any other island in the world except Madagascar, and almost half of the Bornean carnivore species have been classified by The IUCN Red List of Threatened Species as globally threatened. Here, a systematic conservation planning framework highlighted key carnivore landscapes, conservation research and intervention priorities, and gaps in current knowledge of Bornean carnivore ecology. All single-species predictive habitat suitability index (HSI) models presented in this issue (20 species, comprising all carnivores on Borneo except otters [Lutrinae] and sun bear Helarctos malayanus) were standardised by converting HSI values into binary maps, and combined to derive species richness maps to discuss and delineate areas of conservation priority. The highest predicted carnivore species richness (defined here as the sum of the binary threshold maps), corresponds to interior lowland, upland and lower montane forest, whereas areas with lowest predicted species richness correspond to coastal lowlands already largely converted to oil palm plantations. The 12 proposed areas of conservation importance for carnivores focus on large landscapes and connectivity between subunits, many centred around the tri-national Heart of Borneo initiative, with additional areas for wetland/lowland species. A large proportion of these proposed conservation landscapes are being exploited for commercial purposes (e.g., logging concessions) and would, therefore, improve in conservation value if their management became more sustainable. The most important research priorities for Bornean carnivores are species resilience to altered and fragmented landscapes; under-surveyed regions; and the effects and relative intensity of hunting across the island. The most pressing conservation interventions include conservation research on the most threatened Bornean carnivores: the Bornean ferret badger Melogale everetti and Hose's civet Diplogale hosei (highland endemics), and the flat-headed cat Prionailurus planiceps and otter civet Cynogale bennettii (wetland specialists). Targeted conservation research and integration of research findings into decision-making, maintaining and restoring connectivity, raising awareness and improving enforcement and governance are also important conservation interventions. Although more resources are needed for conservation and research, the joint effort of scientists, conservationists and government authorities in the identification of key carnivore landscapes, research priorities and conservation issues which this study presents raises hope that more targeted conservation efforts for Bornean carnivores will follow in the future.",,Wright et al,WOS:000393214300024,"[""Biological resource use"", ""Pollution"", ""Agriculture & aquaculture""]","[""Hunting & Collecting Terrestrial Animals"", ""Agricultural & forestry effluents"", ""Industrial & military effluents"", ""Wood & pulp plantations""]"
Reintroduction of the Eurasian badger (Meles meles) in a protected area of northern Italy,"Between 2001 and 2004, with the aim of restoring the natural biodiversity of a protected area, the Eurasian badger (Meles meles) was reintroduced into the Montevecchia and Curone Valley Regional Park (northern Italy), where it had been extirpated by human persecution. The project was combined with the reduction of badger damage on railway tracks allowing at least a pair of badgers per year and to move animals whose translocation would have been anyhow imposed by precautionary measures. Four badger family groups (a total of 12 animals) were trapped and moved to an acclimatisation enclosure located in the middle of the release area. Post-release monitoring was carried out by both radio-tracking and indirect methods. The average group range size (1.58 km(2)) was similar to reports from favourable districts in Britain, supporting the contention that badgers can thrive in this area. Radio-tracked badgers selected woods, while urban areas and cultivated field were avoided. Although results indicate that the badger has actually established in the Park, with badger field signs currently spread on 40% of the protected area, more monitoring is needed to determine whether it is at sustainable levels or if more translocation should be considered.",10.1080/11250000600679603,Wright et al,WOS:000241568000005,"[""Biological resource use"", ""Residential & commercial development""]","[""Hunting & Collecting Terrestrial Animals"", ""Housing & urban areas""]"
CHALLENGES TO BLACK-FOOTED FERRET RECOVERY: PROTECTING PRAIRIE DOGS,"The black-footed ferret (Mustela nigripes) recovery program is an example of single-species management to preserve flora and fauna. We argue that conservationists must move beyond that approach for success. In 1988, the U.S. Fish and Wildlife Service proposed a down-listing goal of 1500 adult black-footed ferrets in 10 wild populations by 2010. The recovery program has only reached 23% of that goal. The overriding reason is the lack of regulatory mechanisms for poisoning and shooting prairie clogs (Cynomys spp.) and our inability to control occurrence of plague (Yersinia pestis) in prairie dogs. We propose that prairie dogs need, and deserve, some level of federal protection to address these factors and that the primary goal for conservation of black-footed ferrets should be maintaining numbers and distributions of prairie clogs at sufficient temporal and geographic scales to restore them to a level of ecological function in the grasslands. We contend that prairie clogs qualify for protection in at least 4 of the 5 categories used to assess level of threat under the Endangered Species Act. A species needs to qualify in one of those categories to merit protection. The threat posed by plague should itself be sufficient reason to justify prairie clog protection, both for themselves and for the black-footed ferret recovery program.",10.3398/064.072.0212,Wright et al,WOS:000308283600012,"[""Invasive & other problematic species, genes & diseases"", ""Agriculture & aquaculture""]","[""Problematic native species/diseases"", ""Annual & perennial non-timber crops"", ""Livestock farming & ranching""]"
Progress and status of river otter reintroduction projects in the United States,"The river otter (Lontra canadensis) is an important North American furbearer species that was eliminated from most of its range by the early 1900s. Many state agencies have undertaken restoration efforts, although no comprehensive study on the extent or type of management exists. I conducted telephone interviews with wildlife agency biologists in the 49 continental states (USA) to update status and management of river otters, with emphasis on reviewing the use of reintroduction as a management tool to restore extirpated otter populations. As of 1998, river otters occupied at least portions of their historic range in every state except New Mexico. Between 1976 and 1998, 21 states and 1 national park implemented reintroduction projects, releasing 4,018 river otters. States conducting reintroduction projects obtained otters from a variety of sources, but 14 (64%) used at least some otters obtained from coastal Louisiana. All states implemented postrelease evaluations, including radiotelemetry studies by 15 projects. Based on various forms of direct and circumstantial evidence, most biologists stated that reintroductions were successful in restoring extirpated otter populations.",,Wright et al,WOS:000171363200013,"[""Biological resource use"", ""Pollution""]","[""Hunting & Collecting Terrestrial Animals""]"
Genetic legacies of translocation and relictual populations of American marten at the southeastern margin of their distribution,"American marten were extirpated from much of their native range in the northeastern United States as a result of land development and overharvesting before the mid-twentieth century. Based on occurrence records, recolonization in the late twentieth century was believed to have occurred via natural population expansion from two refugia: northern Maine and the eastern Adirondack Mountains of New York. Furthermore, a 1989-1991 reintroduction attempt in southern Vermont was originally declared unsuccessful, but marten have been rediscovered in southern Vermont since 2010. We used molecular techniques to resolve uncertain population histories and estimate contemporary levels of genetic variation and gene flow in marten populations in the northeastern United States. We sequenced a 320bp segment of the control region (D-loop) of mtDNA in 112 individuals and amplified 10 microsatellite loci in 111 individuals. Five genetic clusters were identified in the northeastern United States based on the microsatellite data: (1) Maine, (2) New Hampshire, (3) eastern Adirondacks (New York), (4) western Adirondacks (New York), and (5) southern Vermont. Clustering and assignment tests suggest that individuals in southern Vermont are most likely to have originated in Mainethe primary source of the reintroduction. However, we were unable to rule out the possibility of a relict population in southern Vermont. Population expansion in New Hampshire appears to be the primary source of recolonization in northeastern Vermont. Additionally, dispersers from the reintroduction attempt may have spread to northeastern Vermont. Genetic diversity is lower in the entire northeastern United States than an interior population in Ontario, Canada. This study improves our understanding of population history in the northeastern United States. Relict populations of marten may have persisted through the nineteenth and twentieth centuries where they were believed to have been extirpated. Recognizing and conserving all of the distinct subsets of native genetic diversity in the region could promote long-term population health.",10.1007/s10592-018-1130-3,Wright et al,WOS:000462207000010,"[""Climate change & severe weather"", ""Residential & commercial development"", ""Biological resource use""]","[""Habitat shifting & alteration"", ""Housing & urban areas"", ""Logging & wood harvesting""]"
PCBs and their putative effects on polecat (Mustela putorius) populations in Central Europe,"In Europe polecat populations are declining for unknown reasons during the last decades. Data on the river otter, another mustelid predator, indicate that PCB levels are high enough in some populations to interfere with the reproduction of this aquatic species. Since the diet of the polecats consists to a large amount of aquatic prey (amphibians) it appears reasonable to assume that PCBs ingested with the prey are a factor in the decline of polecats. To test this assumption PCB residues in amphibians and in adipose tissue and liver of polecats from Southwest Germany were quantified and the results were compared with literature data on the reproductive toxicity of PCBs in feral mink. According to the current data total PCB levels in polecats (adipose tissue, mean 1244 ng/g lipids; liver, mean 1677 ng/g lipids) and their prey (frogs, mean 9279 ng/kg fresh vc eight; toads, 4948 ng/kg fresh weight) are comparatively low. Using the toxic equivalent approach, it was calculated that polecats could feed exclusively on amphibians without consuming a harmful amount of PCBs. Therefore, PCBs cannot be an agent currently affecting polecat populations in Central Europe. Other environmental factors like habitat destruction or road accidents are more likely to have a negative impact on polecat populations. (C) 2001 Academic Press.",10.1006/eesa.2000.2027,Wright et al,WOS:000166991600007,"[""Pollution"", ""Natural system modifications"", ""Transportation & service corridors""]","[""Industrial & military effluents"", ""Dams & water management/use"", ""Roads & railroads""]"
Safeguarding the Pantanal wetlands: Threats and conservation initiatives,"The Pantanal, one of the largest wetlands on the planet, comprises 140, 000 km(2) of lowland flood-plain of the upper Rio Paraguai basin that drains the Cerrado of central Brazil. The diverse mosaics of habitats resulting from the varied soil types and inundation regimes are responsible for an extraordinarily rich terrestrial and aquatic biota, exemplified by the bird richest wetland in the world-463 birds have been recorded there-and the largest known populations of several threatened mammals, such as Pampas deer (Ozotoceros bezoarticus), marsh deer (Blastocerus dichotomus), giant otter (Pteronura brusiliensis), and jaguar (Panthera onca). Until recently, deforestation of the adjoining Brazilian central plateau was considered the major threat to this area, but now deforestation is a critical problem within the floodplain itself More than 40% of the forest and savanna habitats have been altered for cattle ranching through the introduction of exotic grasses. And there are other threats that lead to large-scale disruption of ecological processes, severely affecting biodiversity. Although the Pantanal wetland is a Biosphere Reserve and is considered a Wetland of International Importance, only 25% of the upper Paraguai River basin is formally protected. To date, protected areas have been created opportunistically and as such, although of undoubted value, protect only a fraction of the Pantanal's wildlife and habitats. Among the conservation initiatives in the area, the private sector is increasingly participating in the establishment of private reserves. The prospects are far from optimistic, however, and the major challenge is to find alternative socioeconomic models that allow for conservation and economic uses of the land in association with the development of specific environmental legislation that reflects the unique characteristics of the region.",10.1111/j.1523-1739.2005.00708.x,Wright et al,WOS:000229448100021,"[""Agriculture & aquaculture"", ""Biological resource use"", ""Natural system modifications"", ""Invasive & other problematic species, genes & diseases""]","[""Livestock farming & ranching"", ""Logging & wood harvesting"", ""Dams & water management/use"", ""Invasive non-native/alien species/diseases""]"
Genetic diversity and fitness in black-footed ferrets before and during a bottleneck,"The black-footed ferret (Mustela nigripes) is an endangered North American carnivore that underwent a well-documented population bottleneck in the mid-1980s. To better understand the effects of a bottleneck on a free-ranging carnivore population, we used 24 microsatellite loci to compare genetic diversity before versus during the bottleneck, and compare the last wild population to two historical populations. We also compared genetic diversity in black-footed ferrets to that of two sibling species, the steppe polecat (Mustela eversmanni) and the European polecat (Mustela putorius). Black-footed ferrets during the bottleneck had less genetic diversity than steppe polecats. The three black-footed ferret populations were well differentiated (F-ST = 0.57 +/- 0.15; mean +/- SE). We attributed the decrease in genetic diversity in black-footed ferrets to localized extinction of these genetically distinct subpopulations and to the bottleneck in the surviving subpopulation. Although genetic diversity decreased, female fecundity and juvenile survival were not affected by the population bottleneck.",10.1093/jhered/93.4.231,Wright et al,WOS:000178957400001,"[""Invasive & other problematic species, genes & diseases"", ""Agriculture & aquaculture""]",
"Genetic structure of European pine martens (Martes martes), and evidence for introgression with M-americana in England","European pine martens ( Martes martes) were once distributed across much of western Europe. A combination of factors, such as persecution, trapping, and habitat loss have led to sharp declines in the species' numbers and range and, as such, local populations have become more vulnerable to extinction. To evaluate the influence of these factors on both the level of genetic variation and population structure, we genotyped pine martens from across much of their current distribution. Continental M. martes populations were found to have a higher level of genetic structure and lower genetic variation than their North American sibling species, M. americana, sampled throughout Canada. The differences among mainland populations of these species may lie in greater levels of habitat fragmentation and persecution experienced by European martens, though it is difficult to exclude more ancient processes such as the influence of glaciations. Among island populations of the two species, the Scottish population revealed a similar level of structure and variation to the M. a. atrata population of Newfoundland, however Ireland was more differentiated with less genetic variation. Our work using microsatellites also extends previous mtDNA evidence for the presence of M. americana haplotypes in England, raising the possibility of hybridization with M. martes. These findings may influence current discussions on the status of English martens and the appropriateness of proposed re- introductions by revealing that some indigenous martens persist in England, despite the presence of some potential hybrids in the region.",10.1023/A:1023334521996,Wright et al,WOS:000182298500006,"[""Biological resource use"", ""Residential & commercial development"", ""Agriculture & aquaculture"", ""Invasive & other problematic species, genes & diseases""]","[""Hunting & Collecting Terrestrial Animals"", ""Logging & Wood Harvesting"", ""Housing & urban areas"", ""Annual & perennial non-timber crops"", ""Livestock farming & ranching"", ""Introduced genetic material""]"
"Reoccupation of historical areas by the endangered giant river otter Pteronura brasiliensis (Carnivora: Mustelidae) in Central Amazonia, Brazil","After decades of banning commercial hunting, the population of the endangered giant river otter in South America is no larger than 5000 animals, with slightly increasing populations, and apparent reoccupation of parts of its historical distribution. In Brazil, which may hold the largest populations, the refinement of distributional data and the conduction of censuses in Amazonia were identified as essential for the conservation of the species. To confirm if the species was, in fact, reoccupying its historical area, we present here data collected between October 2004 and September 2008 in Amana Reserve, Central Amazonia. A total of 18,181 km along 13 water bodies were surveyed in 465 days of fieldwork, resulting in 711 records. Animals presented a uniform occupation pattern, with expansion to new areas, no vacancy of previously used ones, and with frequent reuse of sites along the years. However, considering the number of records/km and sightings/km were almost constant between years, the local population may be experiencing just a slight increase, with animals probably expanding their home ranges. Although our study witnessed some population growth, giant river otters remained at low numbers during the survey, indicating that such population still have not reached its carrying capacity and require continuous attention.",10.1515/mammalia-2013-0023,Wright et al,WOS:000334923900004,"[""Biological resource use"", ""Residential & commercial development"", ""Human intrusions & disturbance"", ""Pollution"", ""Agriculture & aquaculture""]","[""Hunting & Collecting Terrestrial Animals"", ""Fishing & Harvesting Aquatic Resources"", ""Housing & urban areas"", ""Work & other activities"", ""Domestic & urban waste water"", ""Livestock farming & ranching""]"
"Conservation of the Asian small-clawed otter (Aonyx cinereus) in human-modified landscapes, Western Ghats, India","Conservation in human-modified landscapes is important for riparian animals as their habitats extend linearly beyond adjoining protected areas. We examined occupancy and intensity of habitat use of Asian small-clawed otters in coffee and tea plantations and an adjoining protected area in the Western Ghats. We sampled 66 stream segments of 500 m length, using spraints as an indicator of habitat use. Several variables characterising the stream and shoreline were also measured. Occupancy, corrected for detection of spraints, was >0.75 in all three land use types, indicating widespread use of the riparian ecosystem in human-modified landscapes. Intensity of habitat use, however, was much lower in tea (2.08 spraints/500 m) and coffee (2.42) plantations than in the protected area (3.86). Using GLMs we identified the abundance of potential refuges (such as boulders and fallen trees), which was greater in the protected area, as the major factor influencing intensity of habitat use. Shoreline diversity, which was lowest in the tea plantation, might also be another factor. The retention of much of the riparian vegetation and the presence of forest fragments which provide refuges have led to wide occupancy of the tea and coffee plantations although with less intensive use. Sand mining, fishing and infrequent poaching might be other reasons for the relatively low use of human-modified landscape. This study highlights the need to retain remnant forests and riparian vegetation, and to control some human activities for integrated management of species like the small-clawed otter in both protected areas and adjoining human-modified habitats.",10.1177/194008291200500107,Wright et al,WOS:000303355700007,"[""Biological resource use"", ""Energy production & mining"", ""Agriculture & aquaculture""]","[""Hunting & Collecting Terrestrial Animals"", ""Mining & quarrying"", ""Marine & freshwater aquaculture""]"
"'Otter, come out!': taking away the stone on the southernmost Italian Lutra lutra population","Although Italy is among the European countries with the highest number of threatened species, since the turn of the twenty-first century some flagship species, such as Eurasian otter Lutra lutra and wolf Canis lupus, have started to recover. Since 2003 the otter has been newly recorded on the Sila Massif (S. Italy), where it had been reported to have gone extinct in the 1980s. With the aim of outlining the actual range of this population, in 2014-2017 we monitored otter occurrence on eight major rivers. Spraint surveys were carried out on 18-23 sampling stretches every July. Seven stations (Rivers Savuto and Neto-Lese) showed 75-100% positive surveys, while otters were recorded only once at three of the rivers. Monitoring allowed identifying in the catchments of the Rivers Savuto and Neto, which flow on opposite sides of the Sila Massif, otter core population at the southern edge of its Italian range. We assessed the exceptionality of the recent sightings using a surprise index based on the time distribution of pre-disappearance otter records. Analyses suggest that the otter persisted in the area and went unrecorded during the national survey carried out in 1983-1985, stressing the need for further monitoring at national scale.",10.1080/11956860.2018.1482699,Wright et al,WOS:000440704300007,"[""Biological resource use"", ""Natural system modifications"", ""Pollution""]","[""Hunting & Collecting Terrestrial Animals""]"
CHANGES IN DISTRIBUTION OF THE EUROPEAN BADGER MELES-MELES IN FINLAND DURING THE RAPID COLONIZATION OF THE RACCOON DOG,"Distribution of the badger Meles meles in Finland was studied using game inquiries. The northern distribution limit of the badger has moved about 100 km northwards since the mid-1940s, and the frequency of occurrence has increased. Thus, the distribution area is larger and less fragmented today than it was a few decades ago. The increase in badger population has been particularly clear near the northern distribution limit. Climate seems to be the most important factor affecting the distribution area of the badger in Finland. Near the northern limit of distribution, climate, too, partly explained the change in badger occurrence. The onset of spring and the length of the snow-free period are important for species that sleep in winter; if the summer is very short the young do not have enough time to accumulate fat reserves for the winter. Habitat changes (the extent of fields) may also have affected the occurrence of the badger. The availability of wild berries may also have had some effect on badger numbers. Both badgers and raccoon dogs have increased in most provinces during the study period. Thus, the rapid increase of the raccoon dog population has not caused a decline in the native badger population of Finland.",,Wright et al,WOS:A1995RR37700002,"[""Biological resource use"", ""Invasive & other problematic species, genes & diseases""]","[""Hunting & Collecting Terrestrial Animals"", ""Problematic native species/diseases""]"
Assessing range re-expansion and recolonization of human-impacted landscapes by threatened species: a case study of the otter (Lutra lutra) in Italy,"Detecting and understanding recoveries of threatened species from past and recent presence/absence data is essential to improving conservation efforts. However, false positive trends may be reported because of false absences in past data, therefore appropriate testing is needed. We tested an expansion/recolonization of the otter (Lutra lutra) populations in Italy from a fragmented distribution outlined in the 1984-1985 period by using Monte Carlo simulations. Land-use changes, human depopulation and decrease in influence of anthropogenic features were investigated as potential drivers of recolonization by using GIS modeling. A survey of the entire Italian range of the otter, conducted in 2002-2004, recorded a 2.2-fold increase in the proportion of occupied 10-km squares and 49 local colonizations. The range size and proportion of urban land-use in the 1984-1985 distribution were smaller (P < 0.05) than those derived from simulated surveys based on 49 random false absences versus colonization events. The distribution range expanded southward and nearly reached the southern margins of the peninsula. Recolonization of moderately urbanized landscapes was not accompanied by human depopulation. According to partial logistic regressions, the pure effect of urban land proportion and industry proximity on otter occurrence probability declined by about 48%, suggesting a decreased impact on the stream habitat. Conversely, natural factors, increased in importance by about 116%. The absence of a significant northward expansion in the 20 year period suggests that northward habitat restoration should be planned to encourage further recolonization. On the other hand, potential urban threats in the newly occupied landscapes should be controlled.",10.1007/s10531-009-9618-2,Wright et al,WOS:000269916600010,"[""Human intrusions & disturbance"", ""Pollution"", ""Transportation & service corridors""]","[""Roads & railroads""]"
Genetic structure in otter (Lutra lutra) populations in Europe: implications for conservation,"During the twentieth century otter (Lutra lutra) populations in central and western Europe declined and became fragmented because of habitat alterations, chemical pollution and direct persecution. In this study we used microsatellites to describe spatial patterns of genetic diversity and subdivision in otters from eight populations in Europe. Genetic diversity was moderately high within populations (He = 0.45-0.77), and significantly partitioned among locations (F-ST = 0.17; R-ST = 0.16; P < 0.001). A Bayesian cluster analysis of multilocus genotypes assigned individuals to seven genetically distinct groups, which were partly concordant with the geographical origin of the samples. An assignment test of the individuals to the populations showed that the Danish and, to a lesser extent, the Spanish populations were unique and distinct. whereas the other populations were partially admixed. Inference of past demographic fluctuations from coalescent analysis suggested that otter populations probably declined several thousand years ago, with the exception of the Irish population for which no such decline could be detected. No genetic evidence for recent bottlenecks was found. The historical decline could stem from post-glacial founding events and recolonization of northern Europe after the last glacial maximum, or from more recent dry stages in the early Holocene in central Europe. On the basis of these results, we recommend that recovery plans should promote the expansion of existing natural populations through improvements of river and wetland habitats.",10.1017/S1367943003003123,Wright et al,WOS:000183461600001,"[""Biological resource use"", ""Pollution"", ""Natural system modifications""]","[""Hunting & Collecting Terrestrial Animals""]"
Conservation of the European mink (Mustela lutreola):: Focus on reproduction and reproductive technologies,"The European mink (Mustela lutreola) is a small mammal, which belongs to the Mustelidae family (Carnivora). Earlier, the range of distribution of this species encompassed much of the European continent. During the 20th century, the numbers of European mink declined and the range of its distribution became reduced to three fragmented populations; today this species faces extinction. The urgent necessity for effective conservation efforts to protect the European mink is accepted by the governmental organizations as well as scientific communities of most European countries. In this paper, the reasons for the disappearance of European mink are reviewed and results of past conservation efforts based on captive breeding and reintroduction programmes are critically evaluated in the broad context of modern concepts of conservation genetics and reproductive biology. The data recently obtained on the reproduction and pre-implantation development of European mink and the prospects of incorporation of modern reproductive technologies into the conservation programme of this species are discussed.",10.1111/j.1439-0531.2007.00950.x,Wright et al,WOS:000257991300020,"[""Invasive & other problematic species, genes & diseases"", ""Natural system modifications"", ""Biological resource use"", ""Pollution""]","[""Introduced genetic material"", ""Invasive non-native/alien species/diseases"", ""Dams & water management/use"", ""Hunting & collecting terrestrial animals"", ""Industrial & military effluents""]"
Decline and recovery in otter Lutra lutra populations in Italy,"1. Changes in otter Lutra lutra distribution in Italy were examined by analysing geographical, historical and survey data. 2. As in other European countries, otters declined sharply in Italy during the late 1970s and throughout the 1980s. Between 1985 and 2004 the species became extinct, except for some reintroductions, in northern and most of central Italy while the species appears to have substantially recovered in its southern range. This recovery of the otter population is apparently not due to increased research effort, but reflects a real expansion of range. 3. Differences in the degree of range reduction during the second half of the 20th century and in the availability of suitable habitats are probably the major factors that have determined the two opposite trends shown by otter populations in the last 20 years. 4. Better knowledge of otter status and distribution is needed for effective conservation management. We suggest that a national survey of the Italian otter population that employs genetic approaches should represent a first step of the national action plan for otter conservation.",10.1111/j.1365-2907.2007.00105.x,Wright et al,WOS:000245986700004,"[""Pollution"", ""Biological resource use"", ""Transportation & service corridors"", ""Natural system modifications""]","[""Hunting & collecting terrestrial animals"", ""Roads & railroads""]"
Using occupancy and population models to assess habitat conservation opportunities for an isolated carnivore population,"An isolated population of the fisher (Martes pennanti) in the southern Sierra Nevada, California, is threatened by small size and habitat alteration from wildfires, fuels management, and other factors. We assessed the population's status and conservation options for its habitat using a spatially explicit population model coupled with a fisher probability of occurrence model. The fisher occurrence model was selected from a family of generalized additive models (GAM) generated using numerous environmental variables and fisher detection-nondetection data collected at 228 survey arrays sampled repeatedly during 2002-2006. The selected GAM accounted for 69% of the Akaike weight using total above-ground biomass of trees, latitude-adjusted elevation, and annual precipitation averaged over a 5 km(2) moving window. We estimated equilibrium population sizes (or carrying capacities) within currently occupied areas, and identified likely population source, sink, and expansion areas, by simulating population processes for 20 years using different demographic rates, dispersal distances, and territory sizes. The population model assumed that demographic parameters of fishers scale in proportion to habitat quality as indexed by the calculated probability of fisher occurrence. Based on the most defensible range of parameter values, we estimate fisher carrying capacity at similar to 125-250 adults in currently occupied areas. Population expansion into potential habitat in and north of Yosemite National Park has potential to increase population size, but this potential for expansion is predicted to be highly sensitive to mortality rates, which may be elevated in the northern portion of the occupied range by human influences, including roadkill and diseases carried by domestic cats and dogs. (C) 2010 Elsevier Ltd. All rights reserved.",10.1016/j.biocon.2010.10.027,Wright et al,WOS:000287897100019,"[""Natural system modifications"", ""Biological resource use"", ""Invasive & other problematic species, genes & diseases"", ""Transportation & service corridors""]","[""Fire & fire suppression"", ""Hunting & collecting terrestrial animals"", ""Logging & wood harvesting"", ""Problematic native species/diseases"", ""Roads & railroads""]"
Recent land cover changes in Spain across biogeographical regions and protection levels: Implications for conservation policies,"Land use and land cover change is a major component of global change, which directly alters habitat composition, biodiversity and ecosystem functioning. The regional analysis of land cover changes in heterogeneous landscapes can be masked by spatial variations caused by both bioclimatic and socioeconomic factors. Recognizing these influences, however, can be critical for designing conservation policies suited for each region. In this study, we examined the main processes of land cover change in Spain during c. 20 years (1987-2006), using CORINE land cover maps and five comparative spatial frameworks based on biomes (temperate and Mediterranean) and protection levels (Nationally Designated areas, European Natura Net 2000 and unprotected areas). We observed high land cover persistence (ca. 93%) throughout Spain, but with important anthropization processes and internal changes in natural areas which experienced a slight decrease while, agrarian areas remained almost stable. However, there were significant differences in the occupation, intensity and direction of change depending on the biome and protection level. The Mediterranean region had lower persistence and higher anthropization processes than the temperate region, suggesting a high vulnerability to land cover changes for natural habitat and related species. Overall, we observed a lower intensity of anthropization processes in protected areas, increasing the persistence of natural and agrarian areas; key habitats for species conservation. The highest persistence of natural areas corresponds to Nationally Designated Protected (NDP) areas, while in Natura Net 2000 we found the highest agrarian areas persistence. Nevertheless, Natura Net 2000 areas with the exception of those nominated as NDP had the largest increase of artificial surfaces as well as the highest internal processes of change within natural areas due to disturbances. The trends reported in this study suggest the importance of effective management plans and conservation measures that ensure both habitat and species conservation, especially in the Mediterranean region. In the case of Natura Net 2000, where traditional agricultural and livestock activities had a larger importance, it would be advisable to definitively implement the pending management plans, which are feasible and compatible with local human activities. (C) 2014 Elsevier Ltd. All rights reserved.",10.1016/j.landusepol.2014.11.021,Pulido-Chadid et al,WOS:000351803300007,"[""Residential & commercial development"", ""Agriculture & aquaculture"", ""Biological resource use""]","[""Logging & wood harvesting""]"
TEMPORAL ASSOCIATION BETWEEN LAND-BASED RUNOFF EVENTS AND CALIFORNIA SEA OTTER (ENHYDRA LUTRIS NEREIS) PROTOZOAL MORTALITIES,"Toxoplasma gondii and Sarcocystis neurone have caused significant morbidity and mortality in threatened Southern sea otters (Enhydra lutris nereis) along the central California coast. Because only terrestrial animals are known to serve as definitive hosts for T. gondii and S. neurona, infections in otters suggest a land to sea flow of these protozoan pathogens. To better characterize the role of overland runoff in delivery of terrestrially derived fecal pathogens to the near shore, we assessed the temporal association between indicators of runoff and the timing of sea otter deaths due to T. gondii and S. neurona. Sea otter stranding records 1998-2004, from Monterey and Estero bays were reviewed and cases identified for which T. gondii or S. neurona were determined to be a primary or contributing cause of death. Precipitation and stream flow data from both study sites were used as indicators of land-based runoff. Logistic regression was applied to determine if a temporal association could be detected between protozoal mortalities and runoff indicators that occur in the 2 mo preceding mortality events. A significant association was found between S. neurona otter deaths at Estero Bay and increased stream flow that occurred 30-60 days prior to mortality events. At this site, the cause of otter mortality following increased river flows was 12 times more likely to be S. neurona infection compared with nonprotozoal causes of death. There were no significant associations between the timing of T. gondii otter deaths and indicators of overland runoff. Our results indicate that the association between overland runoff and otter mortalities is affected by geography as well as parasite type, and highlight the complex mechanisms that influence transmission of terrestrially, derived pathogens to marine wildlife. Policy and management practices that aim to mitigate discharges of contaminated overland runoff can aid conservation efforts by reducing pathogen pollution of coastal waters, which impacts the health of threatened marine wildlife and humans.",10.7589/0090-3558-48.2.394,Wright et al,WOS:000302589000013,"[""Invasive & other problematic species, genes & diseases"", ""Natural system modifications""]","[""Viral/prion-induced diseases""]"
Using Molecular Epidemiology to Track Toxoplasma gondii from Terrestrial Carnivores to Marine Hosts: Implications for Public Health and Conservation,"Background: Environmental transmission of the zoonotic parasite Toxoplasma gondii, which is shed only by felids, poses risks to human and animal health in temperate and tropical ecosystems. Atypical T. gondii genotypes have been linked to severe disease in people and the threatened population of California sea otters. To investigate land-to-sea parasite transmission, we screened 373 carnivores (feral domestic cats, mountain lions, bobcats, foxes, and coyotes) for T. gondii infection and examined the distribution of genotypes in 85 infected animals sampled near the sea otter range. Methodology/Principal Findings: Nested PCR-RFLP analyses and direct DNA sequencing at six independent polymorphic genetic loci (B1, SAG1, SAG3, GRA6, L358, and Apico) were used to characterize T. gondii strains in infected animals. Strains consistent with Type X, a novel genotype previously identified in over 70% of infected sea otters and four terrestrial wild carnivores along the California coast, were detected in all sampled species, including domestic cats. However, odds of Type X infection were 14 times higher (95% CI: 1.3-148.6) for wild felids than feral domestic cats. Type X infection was also linked to undeveloped lands (OR = 22, 95% CI: 2.3-250.7). A spatial cluster of terrestrial Type II infection (P = 0.04) was identified in developed lands bordering an area of increased risk for sea otter Type II infection. Two spatial clusters of animals infected with strains consistent with Type X (P <= 0.01) were detected in less developed landscapes. Conclusions: Differences in T. gondii genotype prevalence among domestic and wild felids, as well as the spatial distribution of genotypes, suggest co-existing domestic and wild T. gondii transmission cycles that likely overlap at the interface of developed and undeveloped lands. Anthropogenic development driving contact between these cycles may increase atypical T. gondii genotypes in domestic cats and facilitate transmission of potentially more pathogenic genotypes to humans, domestic animals, and wildlife.",10.1371/journal.pntd.0002852,Wright et al,WOS:000337735100046,"[""Invasive & other problematic species, genes & diseases"", ""Residential & commercial development""]","[""Viral/prion-induced diseases""]"
Mitochondrial phylogeography and conservation genetics of wolverine (Gulo gulo) of northwestern North America,"Anthropogenic impacts such as habitat conversion and fragmentation, in combination with predator control and fur trapping, are responsible for substantial reductions in the ranges of many carnivores worldwide. The wolverine (Gulo gulo) is classified as vulnerable throughout the Holarctic Region by the International Union for Conservation of Nature and Natural Resources, is designated as endangered in eastern Canada, and has been petitioned twice for listing with the United States Fish and Wildlife Service. We examined genetic structure across populations in northwestern North America by using mtDNA sequences of the left domain of control region and the complete cytochrome-b gene (Cytb). Nucleotide diversity (pi) and sequence divergence among haplotypes were low for both markers, whereas haplotype diversity (h) was generally high. Genetic divergence (F-st) values were significant, and high for control region (0.21), and moderate to high for Cytb (0.16). Globally, Eurasian and Scandinavian wolverines were distinguishable from North American. Within North America, the Kenai Peninsula, southeastern Alaska, and Nunavut populations were distinctive. Comparisons with studies based on nuclear markers reveal greater geographic structure in these maternally inherited mitochondrial markers, a finding consistent with male-biased dispersal in wolverines. Conservation plans for these medium-sized carnivores should emphasize maintenance of genetic diversity and recognize that successful dispersal of females between populations may be limited.",10.1644/BER-121.1,Wright et al,WOS:000228501700019,"[""Biological resource use"", ""Transportation & service corridors""]","[""Hunting & Collecting Terrestrial Animals"", ""Roads & railroads""]"
Ecology and biogeography of the Neotropical otter Lontra longicaudis: existing knowledge and open questions,"The Neotropical otter, Lontra longicaudis, is considered near threatened by the IUCN, and with declining populations, it is still one of the lesser known species of otter in the world. Like other otter species, L. longicaudis is associated with water courses in a large variety of habitats and biomes across its area of distribution. Here, we present a review of the available literature on L. longicaudis aiming to update information on its distribution, ecology and systematics. We performed online searches using combinations of the words L. longicaudis, river otter, Neotropical otter, nutria and lobito del rio, limiting our search to 1972-2016. Recent information on evolutionary history and biogeographic patterns, distribution patterns, as well as on the ecology of the species across a large part of its distribution range, including trophic ecology and intraspecific communication, was retrieved. We found severe gaps in knowledge including aspects of life history, ground validation of new potential distribution areas and long-term population monitoring aiming at designing more efficient conservation measures and techniques. In this context, we conclude by presenting perspectives for future studies.",10.1007/s13364-017-0333-1,Wright et al,WOS:000410484900001,"[""Biological resource use"", ""Transportation & service corridors"", ""Pollution""]","[""Hunting & Collecting Terrestrial Animals"", ""Fishing & Harvesting Aquatic Resources"", ""Roads & railroads""]"
"Estimation of the diet of chungungo Lontra felina (Molina, 1782) in two locations of the coast of the Biobio Region, Chile","Chungungo Lontra felina (Molina, 1782), is a marine mustelid. Its distribution extends from Peru to Cape Horn. This species is considered endangered throughout its entire range of distribution. The main threats to its populations are illegal hunting, coastal pollution and exploitation of their food resources. It has been reported that chungungo feeds mainly on crustaceans, fish and shellfish. Previous studies have compared feeding ecology of L. felina in some locations of Chile. There are, however, no reports that determine and compare feeding ecology of L. felina in the Biobio Region. Non-invasive methods such as fecal analyses allow to determine some properties of the diet by analyses of indigested prey or their parts. Present study was conducted in two locations in the Biobio Region: Caleta Chome and San Vicente and a total of 131 fecal remains was collected (65 in Caleta Chome and 66 in San Vicente). Fecal specimens were sieved and the remains of undigested prey were identified and categorised as crustaceans, fish or shellfish and counted. Furthermore, they were identified to the lowest possible taxonomic level using magnifying glass and identification keys available in literature. Low diversity of prey was found in both locations and the diet of chungungo consisted mainly of crustaceans, followed by fish and shellfish. Furthermore, greater variability and diversity of prey consumed by chungungo was found in Caleta Chome compared to San Vicente.",,Wright et al,WOS:000482103800001,"[""Biological resource use"", ""Pollution""]","[""Hunting & Collecting Terrestrial Animals""]"
Riverbank assessment and management for the Eurasian otter in the north of Luxembourg,"The presence of habitats such as burrows and dense willows along the rivers is very important for the survival of the European otter in terms of structures allowing quiet living conditions and possibilities for reproduction. To prevent the extinction of the otter in Luxembourg and nearby areas, an assessment of otter habitats and populations was made in 1994. This first evaluation has demonstrated that only rivers in the north of Luxembourg were suitable for otter populations in terms of quality of habitats and that only a few individuals were still present in this part of the country. In 2007, a new habitat assessment was carried out to define priorities for the management of habitats and to build or rebuild corridors to Support otter migration and allow re-establishment of stable otter populations in the Benelux Countries. Two similar methods were used to assess quality of habitats in 1994 and 2007. The results of the habitat assessment are different for the Mid Sure River and similar for the River Wiltz, the River Wark, the River Our and the Upper Sure River. This variation is probably due to assessment complexity and observer subjectivity, but also to the difficulty to have a practical methodology for management priorities. From this point of view it would be useful to have a standard methodology at the European level to assess otter habitats. (C) Koninklijke Brill NV, Leiden, 2008",10.1163/157075608Y383728,Wright et al,WOS:000261821400008,"[""Pollution"", ""Transportation & service corridors""]","[""Roads & railroads""]"
Growth in otter (Lutra lutra) populations in the UK as shown by long-term monitoring,"European otters declined dramatically from the 1950s, disappearing from many rivers. We report here on long-term monitoring (from 1977) in 3 catchments in western Britain that were recolonized naturally and in 2 catchments in eastern England that were reinforced by captive-bred otters. A minimum of 16-years data was collected on each river until 2002. At a series of sites in each study river, the percentages which were positive for otters and the number of spraints per sprainting Site were recorded and combined to produce an annual index of population. One western river, naturally recolonized, showed rapid early population growth for 5 years, followed by slower growth, while growth was steadier in 2 catchments which already held some otters at the beginning of the study. Colonization on the eastern rivers was slower, with greater fluctuations over time. Annual population growth rates were estimated at 1-7%, higher in the earlier years. A strategy for annual monitoring of otters is recommended.",10.1639/0044-7447(2004)033[0148:GIOLLP]2.0.CO;2,Wright et al,WOS:000221132300006,"[""Pollution"", ""Biological resource use"", ""Transportation & service corridors"", ""Natural system modifications""]","[""Hunting & collecting terrestrial animals"", ""Fishing & harvesting aquatic resources"", ""Roads & railroads""]"
Modelling semi-aquatic vertebrates' distribution at the drainage basin scale: The case of the otter Lutra lutra in Italy,"Modelling habitat suitability of semi-aquatic vertebrates for large scale conservation purposes is a particularly challenging task, due to the fine-scale linearity of riverine habitats, and to the ecological continuum represented by the riparian and the aquatic ecosystems, on one side, and by a river and its tributaries, on the other. We advocate that habitat suitability models (HSMs) should represent the fine-scale complexity of the riparian and aquatic ecosystems at the drainage basin scale, which is the most relevant spatial unit for planning conservation strategies for semi-aquatic vertebrates, Hence, we developed a 3-step GIS-based modelling approach, and applied it to otter Lutra lutra in Italy to illustrate its potential applications for designing a nation-wide conservation strategy. First, we built a deductive HSM (resolution: 1:250,000, grain: 100 m x 100 m) of the riparian (100 m buffer around each river bank) and of the back-riparian (500 In buffer) areas along rivers. After, we created a synthetic index S-i summarising this information within the cells of a 5 km x 5 km grid superimposed to the whole country thus obtaining a nation-wide overview of habitat suitability. Both HSM and S-i were validated by using data on otter distribution, by performing a sensitivity analysis. Finally, we scaled-up the information provided by S-i to obtain a suitability index within each drainage basin (S-b). By overlapping a layer representing the basins occupied by otters to S-b we obtained an effective tool to identify basins to be prioritised for the conservation and expansion of existing populations, for rejoining isolated sub-populations, and for habitat restoration. The methodology developed here helps filling the gap between the urgent conservation needs of semi-aquatic species, and the inadequacy of traditional modelling approaches for species inhabiting one of the world's most endangered ecosystems. (C) 2008 Elsevier B.V All rights reserved.",10.1016/j.ecolmodel.2008.09.014,Wright et al,WOS:000262122800003,"[""Pollution"", ""Biological resource use"", ""Transportation & service corridors"", ""Natural system modifications""]","[""Hunting & collecting terrestrial animals"", ""Roads & railroads""]"
WHY IS THE EUROPEAN MINK (MUSTELA-LUTREOLA) DISAPPEARING - A REVIEW OF THE PROCESS AND HYPOTHESES,"The historical range of Mustela lutreola extended from Finland to east of Ural Mountains, to northern Spain and Caucasian Mountains. The species went extinct in some parts of Central Europe already a hundred years ago. During this century, populations have declined almost everywhere. Several hypotheses have been put forward to explain the disappearance of the species. These include climatic change, competition with the American mink M. vison, destruction of the habitat, disease transmitted by the introduced American mink, crash of the favored food item, crayfish Astacus astacus, hybridization with the European polecat M. putorius, etc. It is very clear, however, that none of the hypothesized factors alone could explain the events in various place at different times. The early declines in Central Europe and later in Finland took place before the spread of the American mink. On the other hand, the present decline of M. lutreola in Estonia seems to coincide well with the spread of M. vison. The early declines in Central Europe could have been caused by destruction of the natural river ecosystems, especially river banks. Still, in Finland the major disappearance happened well before the major environmental change of natural small river ecosystems due to modern forestry. Even if the detailed explanations seem to vary, there is an underlying theme: environmental change. The European mink seems to be a much more specialized species than the American mink. Before the arrival of M. vison, the change in the preferred habitat, small sandy brooks, or the crash of the food source, could have been the underlying cause. With the arrival of the American mink, the European one loses even without the environmental change.",,Wright et al,WOS:A1995RB12100008,"[""Biological resource use"", ""Natural system modifications"", ""Invasive & other problematic species, genes & diseases""]","[""Hunting & Collecting Terrestrial Animals"", ""Logging & Wood Harvesting"", ""Dams & water management/use"", ""Invasive non-native/alien species/diseases"", ""Introduced genetic material""]"
Distribution of a recolonising species may not reflect habitat suitability alone: the case of the Eurasian otter (Lutra lutra) in southern Italy,"Management of recolonising species needs precise knowledge concerning those environmental parameters that can influence the species current distribution at the margins of their range and their potential for further expansion. The otter (Lutra lutra) is one of the most endangered species of the Italian fauna. After a sharp decline, it has gradually recovered and, at present, it is confined to southern Italy. At the southern boundaries of the Italian otter range, the influence of two geographic and 15 habitat variables on otter distribution (estimated by 1-year monitoring of 18 spraint-sampling stations) was assessed, to improve management efficacy. Latitude represented the main source of variation in the spraint-collection data. The species was in fact well established in central and northern areas, whereas the southern and western sampling stations showed an unstable river occupancy (the average percentage of positive surveys being 94.5 and 35.8%, respectively; U = 0, P = 0.0014). Secondarily, otter relative abundance was positively associated with the degree of cover of aquatic macrophytes. Our results suggest that the whole analysed hydrographic network offers a suitable habitat for otters. Thus we argue that the discontinuous distribution observed in our study area could be a consequence of the sharp decline suffered by the Italian otter populations during the 1970s and 1980s. The positive trend of the last decades has resulted in the progressive recolonisation of empty habitat patches, a process that is still hindered by the lack of connectivity to extant populations. Our findings have implications for landscape restoration projects, suggesting that provision of suitable habitat alone may not be sufficient to effect recolonisation by some species.",10.1071/WR08012,Wright et al,WOS:000261768000008,"[""Pollution"", ""Biological resource use"", ""Transportation & service corridors"", ""Natural system modifications""]","[""Agricultural & forestry effluents"", ""Hunting & collecting terrestrial animals"", ""Roads & railroads""]"
Review and quantitative meta-analysis of diet suggests the Eurasian otter (Lutra lutra) is likely to be a poor bioindicator,"The Eurasian otter (Lutra lutra L) is a top predator in aquatic systems and plays an important role in ecosystem functioning. However, it has undergone dramatic declines throughout Europe as a result of environmental degradation. We examine the putative role of the otter as a bioindicator in Ireland which remains a stronghold for the species and affords a unique opportunity to examine variation in its ecological niche. We describe diet, using spraint contents, along rivers during 2010 and conduct a review and quantitative meta-analysis of the results of a further 21 studies. We aimed to assess variation in otter diet in relation to river productivity, a proxy for natural nutrification and anthropogenic eutrophication, and availability of salmonid prey (Salmo trutta and Salmo salar), to test the hypothesis that otter diet is related to environmental quality. Otter diet did not vary with levels of productivity or availability of salmonids whilst Compositional Analysis suggested there was no selection of salmonid over non-salmonid fish. There was a distinct niche separation between riverine and lacustrine systems, the latter being dominated by Atlantic eel (Anguilla anguilla). Otters are opportunistic and may take insects, freshwater mussels, birds, mammals and even fruit. Otters living along coasts have a greatest niche breath than those in freshwater systems which encompasses a wide variety of intertidal prey though pelagic fish are rarely taken. It is concluded that the ability of the otter to feed on a wide diversity of prey taxa and the strong influence of habitat type, renders it a poor bioindicator of environmental water quality. It seems likely that the plasticity of the habitat and dietary niche of otters, and the extent of suitable habitat, may have sustained populations in Ireland despite intensification of agriculture during the 20th century. (C) 2012 Elsevier Ltd. All rights reserved.",10.1016/j.ecolind.2012.10.017,Wright et al,WOS:000314483200002,"[""Pollution"", ""Natural system modifications""]","[""Industrial & military effluents""]"
Presence of the Eurasian otter Lutra lutra on the islands of Greece: a review,"The Eurasian otter (Lutra lutra) is fairly widespread across much of mainland Greece but is currently known to be present on very few of the Greek islands. We reviewed otter data for the islands of Greece, based on confirmed evidence from the literature, personal records and unpublished data (e.g. alive/dead animals, tracks, spraints). The presence of otters on Mediterranean islands is documented only for Greece with recent records for Corfu, Lefkada, Euboea and Samos and older records for Lesvos and Chios. As these islands are close to the mainland, gene flow may contribute to the persistence of their otter populations. Anthropogenic habitat changes are a major threat to otter survival, including severe transformation and disturbance of island habitats. Several small island wetlands suitable to otter presence need to be protected to support otters and enhance their conservation status.",10.25225/fozo.073.2019,Wright et al,WOS:000500279000004,"[""Pollution"", ""Human intrusions & disturbance"", ""Biological resource use"", ""Natural system modifications""]","[""Hunting & collecting terrestrial animals"", ""Dams & water management/use""]"
Washing Oiled Sea Otters,"The 1989 Exxon Valdez oil spill resulted in the death of 3,000-6,000 sea otters (Enhydra lutris) from exposure to Alaska North Slope crude oil, and the cleaning and rehabilitation of hundreds. The washing and care methods developed during that experience provided standard protocols for treatment of oiled sea otters, largely still in use 20 years later. From 2004 to 2008 at the Marine Wildlife Veterinary Care and Research Center (Santa Cruz, CA, USA), we experimentally manipulated water type (salt-fresh) and temperature, and we monitored otter physiology, behavior, and thermal properties to evaluate recovery from washing in the absence of oil. We also dipped otters in canola oil, and were able to wash one otter naturally oiled with Monterey formation crude oil, using the same methods. Providing soft freshwater in recovery pools reduced recovery time substantially. Warming the freshwater appeared to offer additional benefits in some cases. Infrared thermography and subcutaneous temperature-sensitive passive integrated transponder tags were 2 new technologies that enhanced this research. The improved washing and care methods developed have the potential to reduce the time required for recovery of water repellency of sea otter pelage. (C) 2012 The Wildlife Society.",10.1002/wsb.113,Wright et al,WOS:000209333000003,"[""Pollution"", ""Biological resource use""]","[""Industrial & military effluents"", ""Hunting & collecting terrestrial animals""]"
Carnivores (Mammalia: Carnivora) in South China: a status review with notes on the commercial trade,"Evidence from the literature, interviews, market surveys, general rapid field surveys and camera trapping was reviewed to infer the regional status of 33 recorded carnivores in South China (Guangxi, Guangdong, Hainan, Hong Kong and Macau). The carnivore fauna in South China is among the most depleted for any continental area in the world. The tiger Panthera tigris, leopard Panthera pardus, grey wolf Canis lupus and binturong Arctictis binturong are probably extirpated. The dhole Cuon alpinus, Asiatic golden cat Catopuma temmincki and clouded leopard Neofelis nebulosa are at great risk of regional extirpation, as are the more ecologically adaptable red fox Vulpes vulpes, raccoon dog Nyctereutes procyonoides, Asian badger Meles leucurus, Eurasian otter Lutra lutra, Oriental small-clawed otter Aonyx cinereus and large Indian civet Viverra zibetha. Though more widely reported, the Asiatic black bear Ursus thibetanus, yellow-throated marten Martes flavigula, hog badger Arctonyx collaris and Siberian weasel Mustela sibirica are at regional risk. The status of the Burmese ferret-badger Melogale personata, stripe-backed weasel Mustela strigidorsa, smooth-coated otter Lutrogale perspicillata, large-spotted civet Viverra megaspila and Owston's palm civet Chrotogale owstoni is uncertain due to inadequate information. Five carnivore species - the Chinese ferret-badger Melogale moschata, masked palm civet Paguma larvata, yellow-bellied weasel Mustela kathiah, small Indian civet Viverricula indica and leopard cat Prionailurus bengalensis - are relatively secure (though not common) in the region, along with the Asian palm civet Paradoxurus hermaphroditus and the Javan mongoose Herpestes javanicus in some areas, while the spotted linsang Prionodon pardicolor and crab-eating mongoose Herpestes urva may have been under-reported. The main threats have been habitat destruction and unsustainable exploitation. Only in Hong Kong, where enforcement of protection legislation has been stronger, are the surviving carnivore species easily encountered. Improved enforcement and monitoring are essential to retaining the remainder of South China's carnivores. Support could be boosted by conservation education and better research.",10.1111/j.1365-2907.2010.00163.x,Wright et al,WOS:000282373700001,"[""Biological resource use"", ""Agriculture & aquaculture""]","[""Hunting & Collecting Terrestrial Animals"", ""Logging & Wood Harvesting"", ""Wood & pulp plantations""]"
Genetic diversity and individual identification of reintroduced otters (Lutra lutra) in north-eastern Spain by DNA genotyping of spraints,"During the last century, otter populations in the Mediterranean area of the Iberian Peninsula were dramatically reduced and disappeared in many localities. A reintroduction programme was established in north-eastern Spain (Muga and Fluvia basins and the Aiguamolls de l'Empordaa wetlands), by releasing 42 otters from four different Iberian populations, between 1995 and 2002. In order to evaluate the success of the reintroduction programme, we investigated microsatellite variation in the native populations of released otters as well as in the population present in the release area in 2004. We used non-invasively collected samples as the DNA source to avoid disturbing the animals in the wild. Laboratory procedures included the screening of samples and a multiple-tubes approach to detect and correct genotyping errors. Our results show that founders have been replaced by descendants in the release area and the population is in Hardy-Weinberg equilibrium, with a 1:1 sex ratio. Western Iberian otters-representing two-thirds of the founder group and released earlier-have greatly contributed to the genetic composition of the current population. The genetic patterns of otters found in a basin north of the studied area suggest a common origin with the released population. We also detected in a few otters the presence of alleles not identified in the original founder group, and we shall discuss the possible origin of these alleles.",10.1007/s10592-007-9315-1,Wright et al,WOS:000252223100012,"[""Pollution"", ""Biological resource use"", ""Natural system modifications""]","[""Hunting & collecting terrestrial animals""]"
Possible influence of increased riparian activity (stream modification and agricultural intensification) on abundance of South African otters,"Otters are threatened by habitat loss and the pollution of their riverine habitat. Environmental impacts on top predators are often the first indication of habitat deterioration. It is rare for predator-prey-habitats to be monitored over long time intervals (decades), however necessary that may be. Here, we report on the decline in otter relative abundance in a previously pristine habitat and speculate on its causes. We surveyed sign of coexisting otters (Aonyx capensis and Lutra maculicollis) along a river in Kamberg Nature Reserve in uKhahlamba Drakensberg Park, KwaZulu-Natal, South Africa. The area, Stillerust, lies downstream of a commercial dairy farm and a rural villagesubsistence farming area. Data collected recently were compared with two previous surveys, carried out in 19721974 and 19931994, and were also compared with a pristine section of river in the nature reserve, upstream of the farming areas. At Stillerust, the number of spraint (scat) sites found, for each otter species, approximated only 25% of those recorded in the earlier studies. In the pristine section of the river, the amount of sign and abundance of otters were similar to those recorded in 1993. Assessments of stream biota and water quality analyses revealed negative changes in the river below the pristine area, down to, and including, Stillerust. Visible signs of pollution were evident. Since the 1970s, the rural village population has increased ca eightfold, and the commercial farm has changed from an extensive livestock enterprize to an intensive dairy farm.",10.1111/aje.12033,Wright et al,WOS:000317685500012,"[""Pollution"", ""Agriculture & aquaculture"", ""Residential & commercial development""]","[""Agricultural & forestry effluents""]"
"Historical and contemporary distributions of carnivores in forests of the Sierra Nevada, California, USA","Aim Mammalian carnivores are considered particularly sensitive indicators of environmental change. Information on the distribution of carnivores from the early 1900s provides a unique opportunity to evaluate changes in their distributions over a 75-year period during which the influence of human uses of forest resources in California greatly increased. We present information on the distributions of forest carnivores in the context of two of the most significant changes in the Sierra Nevada during this period: the expansion of human settlement and the reduction in mature forests by timber harvest. Methods We compare the historical and contemporary distributions of 10 taxa of mesocarnivores in the conifer forests of the Sierra Nevada and southern Cascade Range by contrasting the distribution of museum and fur harvest records from the early 1900s with the distribution of detections from baited track-plate and camera surveys conducted from 1996 to 2002. A total of 344 sample units (6 track plates and 1 camera each) were distributed systematically across c. 3,000,000 ha area over a 7-year period. Results Two species, the wolverine (Gulo gulo) and the red fox (Vulpes vulpes), present in the historical record for our survey area, were not detected during the contemporary surveys. The distributions of 3 species (fisher [Martespennanti], American marten [M. americana], and Virginia opossum [Didelphisvirginiana]) have substantially changed since the early 1900s. The distributions of fishers and martens, mature-forest specialists, appeared to have decreased in the northern Sierra Nevada and southern Cascade region. A reputed gap in the current distribution of fishers was confirmed. We report for the first time evidence that the distribution of martens has become fragmented in the southern Cascades and northern Sierra Nevada. The opossum, an introduced marsupial, expanded its distribution in the Sierra Nevada significantly since it was introduced to the south-central coast region of California in the 1930s. There did not appear to be any changes in the distributions of the species that were considered habitat generalists: gray fox (Urocyon cinereoargenteus), striped skunk (Mephitis mephitis), western spotted skunk (Spilogale gracilis), or black bear (Ursus americanus). Detections of raccoons (Procyon lotor) and badgers (Taxidea taxus) were too rare to evaluate. Contemporary surveys indicated that weasels (M. frenata and M. erminea) were distributed throughout the study area, but historical data were not available for comparison. Main conclusions Two species, the wolverine and Sierra Nevada red fox, were not detected in contemporary surveys and may be extirpated or in extremely low densities in the regions sampled. The distributions of the mature forest specialists (marten and fisher) appear to have changed more than the distributions of the forest generalists. This is most likely due to a combination of loss of mature forest habitat, residential development and the latent effects of commercial trapping. Biological characteristics of individual species, in combination with the effect of human activities, appear to have combined to affect the current distributions of carnivores in the Sierra Nevada. Periodic resampling of the distributions of carnivores in California, via remote detection methods, is an efficient means for monitoring the status of their populations.",10.1111/j.1365-2699.2005.01234.x,Wright et al,WOS:000230726700010,"[""Biological resource use"", ""Residential & commercial development""]","[""Logging & Wood Harvesting"", ""Housing & urban areas""]"
A re-evaluation of the role of killer whales Orcinus orca in a population decline of sea otters Enhydra lutris in the Aleutian Islands and a review of alternative hypotheses,"During the past 15-20 years, sea otters Enhydra lutris in the Aleutian Islands, Alaska, USA, experienced a drastic decrease in population size. It has been hypothesized that an increase in killer whale Orcinus orca predation was the primary cause of this decline. Causation of the decline by increased killer whale predation is now considered a textbook case of top-down predator control. The purpose of this review is to re-evaluate the evidence for killer whale predation and to review evidence for alternative causes. The killer whale predation hypothesis is based on three lines of evidence: (i) there was an increase in the number of observed killer whale attacks on sea otters during the 1990s, coincident with a decline in sea otters, (ii) sea otter populations did not decline in areas considered inaccessible to killer whales, while they declined in adjacent areas considered accessible to killer whales, and (iii) the estimated number of attacks necessary to account for the rate of decline is similar to the observed number of attacks. Our re-evaluation indicates that although the killer whale hypothesis is by no means disproved, the supporting data are limited and inconclusive. Increases in shark populations in the Aleutian Islands concurrent with the sea otter population declines indicate the need for further research into the role of alternative marine predators in the population decline. High contaminant levels observed in sea otters in the Aleutian Islands warrant further investigation into the impact of these toxins on sea otter health and vital rates, and their possible role on the population decline. Disease has not been ruled out as a significant contributor to the population decline, particularly in the early stages of the decline.",10.1111/j.1365-2907.2009.00156.x,Wright et al,WOS:000275762100001,"[""Invasive & other problematic species, genes & diseases"", ""Pollution"", ""Invasive & other problematic species, genes & diseases""]","[""Problematic native species/diseases"", ""Industrial & military effluents""]"
Habitat suitability for marten of second-growth balsam fir forests in Newfoundland,"The marten subspecies on the island of Newfoundland, Martes americana atrata, is threatened. Survey data suggest that most of the extant marten population lives in old uncut balsam fir (Abies balsamea) forests, but a very few live in adjacent 40- to 60-year-old second-growth stands of balsam fir. We compared habitat structure and composition and prey abundance in old forest and second-growth stands to test the hypotheses that either food abundance or habitat quality, or both, limit use of the 40- to 60-year-old forests by marten. Snowshoe hares (Lepus americana) were most abundant in 40-year-old forests and also occurred in old forests, but field voles (Microtus pennsylvanicus) were not found in second-growth stands. A multivariate discriminant model indicated that older, uncut forests contained more structure than younger forests al ground level, because there was more woody debris, more young balsam fir, less litter, more mosses, and more low shrubs. Canopy cover was similar in all forest types, and subnivean access did not differ among the three age-classes when snow was about 1 m deep. We suggest that marten did not use 40- or 60-year-old forest stands because of the lack of the meadow voles that form a necessary part of their diet. Meadow voles likely respond to ground-level forest structure in selecting habitat, and this structure is unavailable in young forests. We recommend a management strategy for marten that would preserve current old forests as long as possible and allow sufficient second-growth balsam fir forest to become old forest with the required characteristics to maintain a viable marten population.",10.1139/z95-242,Wright et al,WOS:A1995TQ06300011,"[""Biological resource use"", ""Invasive & other problematic species, genes & diseases""]","[""Logging & Wood Harvesting""]"
European badger habitat requirements in the Netherlands - combining ecological niche models with neighbourhood analysis,"European badger populations in the Netherlands suffered strong declines in the 1900s, becoming endangered in the 1980s. Despite mitigation actions, recovery of the population has been slow. Here, we use ecological niche modelling, relating 1515 badger sett (burrow) localities to data on topographic, groundwater table, soil type and land-cover variables, to investigate the factors defining badger habitat suitability. Niche modelling of mobile animals such as badgers is challenging, as relevant features that determine habitat suitability surrounding animal sightings or burrow locations are often unaccounted for. In this study, habitat properties of the entire home range of individuals were incorporated via neighbourhood analysis on land-cover variables. The neighbourhood analysis was applied at different spatial scales, to assess maximum model fit at the scale most representative of badger home-range area in the Netherlands, which was approximately 3.6 km(2). Our results showed that marine and river clay render highly unsuitable habitat for badgers. Grassland and maize crops presence, typically reported as driving factors, had little effect on badger distribution in the Netherlands. Instead, moderate vegetation cover, remoteness from urban infrastructures and low groundwater tables resulted in optimal conditions. We conclude that food availability is not a limiting factor for badgers in the Netherlands, but rather appropriate soil conditions for sett digging and non-urban landscapes with sufficient cover for hideout determine their distribution. Our predictions indicate suitable areas that are not currently colonized. The results presented have important implications for management and conservation strategies in the Netherlands. Furthermore, we provide a useful general approach for niche modelling of mobile animals.",10.2981/wlb.00453,Wright et al,WOS:000449033900001,"[""Biological resource use"", ""Transportation & service corridors"", ""Pollution"", ""Human intrusions & disturbance""]","[""Hunting & Collecting Terrestrial Animals"", ""Roads & railroads"", ""Agricultural & forestry effluents""]"
Management strategies for a large-scale mountain pine beetle outbreak: Modelling impacts on American martens,"We assessed the effectiveness of alternative forest management strategies for maintaining American martens (Martes americana) in a sub-boreal landscape subject to an extensive mountain pine beetle (Dendroctonus ponderosae) outbreak, associated salvage logging, and climate change in north-central British Columbia, Canada. We structured the analysis in a Bayesian network (BN) meta-model that incorporated the results of spatially explicit modelling of landscape conditions (natural and logging disturbance. habitat quality, number of potential territories, and connectedness of territories) with analytical population modelling. The BN meta-model was then used to examine habitat and population size responses (adult females only are presented) to management scenarios, in the context of uncertainty of model parameters, management objectives, and climate change. Status quo management is dominantly clear-cutting with 3-20% of each harvest unit retained as mature patches, with reforestation by planting in the remainder. Management options we examined were: (1) the status quo, (2) varying the total annual timber harvest on the landscape (100%, 80% or 50% of current long-term sustained yield estimates), (3) the protection of understory trees during logging, and (4) 30-70% retention of overstory (partial cutting in distinct patches <1 ha in size) in each harvest unit, for 33% or 50% of the annual timber harvest. We found that marten habitat and population size declined substantively with the beetle outbreak and associated salvage cutting. The choice of management strategy then had a long-term effect on the potential for marten recovery after the beetle outbreak. Partial cutting scenarios had the greatest average long-term marten population levels, followed in order by reduced harvest rates, understory protection, and the status quo. Management scenarios with the best chance of meeting conservation goals without over-protecting habitat (and thus unnecessarily constraining timber management) varied with the population objective chosen. The choice of management strategy will depend on the weighting of marten outcomes against the economic desirability of timber harvest strategies, willingness to gamble on climate change, and the time-frame of interest. Crown Copyright (C) 2009 Published by Elsevier B.V. All rights reserved.",10.1016/j.foreco.2009.02.013,Wright et al,WOS:000265572100014,"[""Biological resource use"", ""Invasive & other problematic species, genes & diseases""]","[""Logging & Wood Harvesting"", ""Problematic native species/diseases""]"
Changes in sea urchins and kelp following a reduction in sea otter density as a result of the Exxon Valdez oil spill,"Interactions between sea otters Enhydra lutris, sea urchins Strongylocentrotus droebachiensis, and kelp were investigated following the reduction in sea otter density in Prince William Sound, Alaska, after the Exxon Valdez oil spill in 1989. At northern Knight Island, a heavily oiled portion of the sound, sea otter abundance was reduced by a minimum of 50% by the oil spill, and from 1995 through 1998 remained at an estimated 66% lower than in 1973. Where sea otter densities were reduced, there were proportionally more large sea urchins. However, except in some widely scattered aggregations, both density and biomass of sea urchins were similar in an area of reduced sea otter density compared with an area where sea otters remained about 10 times more abundant. Furthermore, there was no change in kelp abundance in the area of reduced sea otter density. This is in contrast to greatly increased biomass of sea urchins and greatly reduced kelp density observed following an approximate 90% decline in sea otter abundance in the western Aleutian Islands. The variation in community response to a reduction in sea otters may be related to the magnitude of the reduction and the non-linear response by sea urchins to changes in predator abundance. The number of surviving sea otters may have been high enough to suppress sea urchin populations in Prince William Sound, but not in the Aleutians. Alternatively, differences in response may have been due to differences in the frequency or magnitude of sea urchin recruitment. Densities of small sea urchins were much higher in the Aleutian system even prior to the reduction in sea otters, suggesting a higher rate of recruitment.",10.3354/meps199281,Wright et al,WOS:000088434300023,"[""Pollution"", ""Invasive & other problematic species, genes & diseases""]","[""Industrial & military effluents"", ""Problematic native species/diseases""]"
Habitat selection by European badgers in Mediterranean semi-arid ecosystems,"We studied the habitat selection patterns of badgers Metes metes (Linnaeus, 1758) in Mediterranean semi-arid ecosystems. Fifty-seven plots were sampled in two semi-arid regions of Spain. In each plot, badger latrines were located along 2.6 km transects. The number of badger latrines per km was used as a surrogate of badger abundance and as an index of habitat selection by badgers. For each plot, a series of environmental variables were measured at two spatial scales. These variables were related to land use and vegetation formation parameters that are considered potentially important for habitat requirements (i.e., food and shelter). The habitat selection model was carried out using generalised linear models (GLM) and an information-theoretic approach. Results indicated that badgers prefer fruit orchards, and shrub and rock-covered areas, which provide additional trophic and shelter resources, and avoid intensively cultivated fields and human settlements. We conclude that badger conservation in semi-arid environments of the Iberian Peninsula requires the existence of fruit orchards and the limitation of human development. Policies restraining agriculture intensification would encourage traditional or new non-intensive agricultural practices and increase shrub-patch availability, which would benefit this species. (C) 2011 Elsevier Ltd. All rights reserved.",10.1016/j.jaridenv.2011.08.004,Wright et al,WOS:000297139700007,"[""Agriculture & aquaculture"", ""Residential & commercial development""]","[""Annual & perennial non-timber crops"", ""Housing & urban areas""]"
"Assessment of threat status and management effectiveness in Kakamega forest, Kenya","To counteract an increasing biodiversity decline, parks and protected areas have been established worldwide. However, many parks lack adequate management to address environmental degradation. To improve management strategies simple tools are needed for an assessment of human impact and management effectiveness of protected areas. This study quantifies the current threats in the heavily fragmented and degraded tropical rainforest of Kakamega, western Kenya. We recorded seven disturbance parameters at 22 sites in differently managed and protected areas of Kakamega Forest. Our data indicate a high level of human impact throughout the forest with illegal logging being most widespread. Furthermore, logging levels appear to reflect management history and effectiveness. From 1933 to 1986, Kakamega Forest was under management by the Forest Department and the number of trees logged more than 20 years ago was equally high at all sites. Since 1986, management of Kakamega Forest has been under two different organizations, i.e. Forest Department and Kenya Wildlife Service. The number of trees logged illegally in the last 20 years was significantly lower at sites managed by the Kenya Wildlife Service. Finally, logging was lower within highly protected National and Nature Reserves as compared to high logging within the less protected Forest Reserves. Reflecting management effectiveness as well as protection status in Kakamega Forest, logging might therefore provide a valuable quantitative indicator for human disturbance and thus an important tool for conservation managers. Logging might be a valuable indicator for other protected areas, too, however, other human impact such as e.g. hunting might also prove to be a potential indicator.",10.1007/s10531-004-3509-3,Pulido-Chadid et al,WOS:000238453600007,"[""Biological resource use"", ""Residential & Commercial Development""]","[""Logging & wood harvesting""]"
"Recent Records of Smooth-Coated Otter (Lutrogale perspicillata) from Sindh, Pakistan","Mammals have no parallel in animal kingdom in terms of their adaptability and specializations. Smooth-coated otter (Lutrogale perspicillata) is classified as Vulnerable on the 2005 IUCN Red List of mammals for Pakistan, and is listed on Appendix II of CITES. Direct sightings and indirect records confirmed the presence of smooth-coated otter at Nara Canal and Chotiari Reservoir, District Sangahr and Haleji lake, District Thatta, Sindh. It has been a first record of the direct sightings by any scientific research team in more than a decade. The population seems to comprise of few individuals. It is facing extremely high risk of extinction due to multitude of detrimental factors.",,Wright et al,WOS:000268130200011,"[""Biological resource use"", ""Natural system modifications""]","[""Hunting & Collecting Terrestrial Animals"", ""Dams & water management/use""]"
"Aleutian disease serology, protein electrophoresis, and pathology of the European mink (Mustela lutreola) from Navarra, Spain","The European mink, Mustela lutreola, has suffered a dramatic decline in Europe during the 20th Century and is one of the most endangered carnivores in the world. The subpopulation of European mink from Navarra, Spain, estimated to number approximately 420, represents approximately two thirds of the total number of mink in Spain. Aleutian Disease Virus (ADV) is a parvovirus with a high degree of variability that can infect a broad range of mustelid hosts. The pathogenesis of this virus in small carnivores is variable and can be influenced by both host factors (e.g., species, American mink genotype, and immune status) and viral strain. A cross-sectional Study was conducted during the pre-reproductive period of February-March 2004 and 2005 and the postreproductive period of September-December 2004. Mink were intensively trapped along seven rivers that were representative of the European mink habitat in Navarra. Antibody counter immunoelectrophoresis against ADV was performed on 84 European mink blood samples. All the samples were negative. Protein electrophoresis was performed on 93 plasma samples. Nine of those samples (9.6%) had gamma globulin levels exceeding 20% of the total plasma protein. Complete necropsies were performed on 23 cadavers of European mink collected in the area between 2000 and 2005. Seventeen of the mink (74%) had traumatic and hemorrhagic lesions compatible with vehicular impact injuries. Although there were no histopathologic lesions associated with ADV, this Study documents the first description of I naturally Occurring canine distemper Virus infection in a European mink. In addition. Pulmonary adiaspiromycosis in three European mink from Spain was reported.",10.1638/2006-0033.1,Wright et al,WOS:000259417000003,"[""Invasive & other problematic species, genes & diseases"", ""Biological resource use"", ""Pollution"", ""Transportation & service corridors""]","[""Viral/prion-induced diseases"", ""Hunting & collecting terrestrial animals"", ""Industrial & military effluents"", ""Roads & railroads""]"
Forest heterogeneity influences habitat selection by fishers (Pekania pennanti) within home ranges,"Habitat selection by animals occurs across a wide range of spatial and temporal scales. Information about habitat requirements across scales is needed to develop effective habitat management strategies that promote wildlife conservation. The fisher (Pekania pennanti) is a wide ranging mesocarnivore that occurs at low population densities, uses large tracts of forested land, and has been repeatedly petitioned for listing under the Endangered Species Act, primarily due to habitat loss. Although habitat selection by fishers at fine and broad spatial scales has been studied, selection at scales between these extremes is poorly reported in the literature. We used data from 18 fishers fitted with Argos satellite telemetry collars to evaluate two competing hypotheses about habitat selection by fishers within home ranges: fishers select core use areas based on (1) abundant and contiguous Mature forest, or (2) heterogeneity and diversity of habitats. We identified core and peripheral use areas within home ranges using an optimal isopleth analysis, and we evaluated a suite of a priori models that described how forest composition and configuration might influence habitat selection within home ranges. Results indicated that core use areas were composed of intermediate amounts of both landscape edge and high canopy cover forest. Such selection potentially facilitates access to a diverse array of resources. Overall, our results supported the hypothesis that fishers select core use areas within home ranges based on habitat heterogeneity and diversity. Because most forest management occurs at a scale similar to our analysis, these results contribute to a better understanding about how forest management strategies can facilitate persistence of fishers in managed forest landscapes. (C) 2015 Elsevier B.V. All rights reserved.",10.1016/j.foreco.2015.03.009,Wright et al,WOS:000354579600005,"[""Biological resource use"", ""Natural system modifications""]","[""Logging & Wood Harvesting"", ""Fire & fire suppression""]"
"The abundance and distribution of wolverines in British Columbia, Canada","The abundance and distribution of carnivores and their habitat are key information needed for status assessment, conservation planning, population management, and assessment of the effects of human development on their habitat and populations. We developed a habitat quality rating system, using existing wolverine (Gale gulo) distribution, wolverine food, ecosystem mapping, and human development data. We used this and empirically derived estimates of wolverine density to predict wolverine distribution and abundance at a provincial scale. Density estimates for wolverines in high-quality habitat averaged 6.2 wolverines/1,000 km(2) (95% CI = 4.2-9.5). We predicted mean densities ranging from 0.3/1,000 km(2) in rare-qualin, habitat to 4.1/1,000 km(2) in moderate-quality habitat. Our predicted population estimate for wolverines in British Columbia was 3,530 (95% CI - 2,700-4,760). We predicted highest densities of wolverines in interior mountainous regions, moderate densities in interior plateau and boreal forest regions, and low densities in mainland coastal regions and drier interior plateaus. We predicted that wolverines would be rare on Vancouver Island, along the outer mainland coast, and in the dry interior forests, and absent from the Queen Charlotte Islands, interior grassland environments, and areas of intensive urban development.",10.2193/2007-094,Wright et al,WOS:000249351100009,"[""Human intrusions & disturbance"", ""Transportation & service corridors""]","[""Recreational activities"", ""Roads & railroads""]"
Decline in endangered species as an indication of anthropic pressures:: The case of European mink Mustela lutreola western population,"Populations of threatened species, especially predators at the top of the food chain, may be affected by anthropic pressures. The endangered western population of European mink Mustela lutreola has shown a large decline over 50% of its natural range. M. lutreola disappeared from northwestern France between 1984 and 1997, and the decline was associated with an increase in mustelid trapping, changes in watercourse quality, and habitat modifications due to agricultural practices. The pattern of decline showed a fragmentation restricting the minks into very small areas. Trapping was the first known cause of mortality. Although feral American mink Mustela vison may compete with autochthonous carnivores, M. lutreola had disappeared from streams before the introduction of the American species, suggesting that competitive interactions were not responsible. Furthermore, American mink has never been found or has remained rare in 62.4% of the area from which M, lutreola has disappeared. During the past 25 years, permanent grassland surfaces were reduced by 40%, whereas fodder culture increased by 470%, causing considerable habitat changes, Furthermore, 55.7% of water courses were classified as being of bad quality or polluted. Therefore, our data suggests that a conjunction of intensive trapping, alterations in water quality and habitat modification was critical for the European mink's decline. Although there are difficulties in ascribing specific cause to distribution changes in a top predator, this decline can be regarded as an indication for anthropic pressures on natural habitats.",10.1007/s002670010257,Wright et al,WOS:000171990600003,"[""Biological resource use"", ""Natural system modifications"", ""Agriculture & aquaculture"", ""Invasive & other problematic species, genes & diseases"", ""Pollution""]","[""Hunting & Collecting Terrestrial Animals"", ""Dams & water management/use"", ""Annual & perennial non-timber crops"", ""Livestock farming & ranching"", ""Invasive non-native/alien species/diseases"", ""Industrial & military effluents""]"
Abundances of red fox and pine marten in relation to the composition of boreal forest landscapes,"1. The effects of human-caused fragmentation of boreal forest on the abundance of red fox Vulpes vulpes L. and pine marten Martes martes L. were studied by combining the Finnish wildlife-triangle snow-track data (1990-94) with land-use and forest resources data employing the GIS. Two study areas (each 45 000 km(2)) located in northern and southern Finland were selected for the investigation. 2. The extent of landscape that best explained predator abundance (tracks per 10 km 24 h(-1)) was the same (about 100 km(2)) in both species and study areas. 3. The decreasing proportion of older forest and the increasing proportions of young forest and agricultural land in the landscape positively affected track density of red fox. The relationship between agricultural land and fox abundance, however, was characterized by a convex curve peaking at 20-30% of agricultural land. With the habitat classification used, landscape composition explained 26% and 11% of the spatial variation in fox abundance in the northern and southern study area, respectively. 4. The relationship between landscape composition and pine marten abundance was not as clear as in that of red fox. Landscape composition explained 10% and 6% of spatial variation in pine marten abundance in the northern and southern study area, respectively. In both areas a positive impact occurred with the increasing proportion of young forest in the landscape, but in the northern area the negative effect of increasing proportion of agricultural land was dominant. 5. The abundances of red fox and pine marten were not negatively correlated, indicating that competition or intraguild predation by red fox do not determine abundance of pine marten on a landscape scale. 6. A general increase in predation pressure by generalist predators in fragmented forest landscapes has been an intensively discussed conservation problem during recent years. We conclude that the red fox is a species potentially able to cause elevated predation pressure in boreal landscapes fragmented by human activities, but that the evidence against the pine marten is weaker.",10.1046/j.1365-2656.1998.6760874.x,Wright et al,WOS:000077670300004,"[""Agriculture & aquaculture"", ""Biological resource use""]","[""Wood & pulp plantations"", ""Logging & wood harvesting""]"
Comparative survival pattern of the syntopic pine and stone martens in a trapped rural area in France,"Very little is known about the population dynamics of pine martens Martes martes and stone martens Martes foina in Europe, and even less about the impact of human activities, such as trapping, hunting and road traffic, on populations, despite their crucial importance for deriving reliable conservation and management strategies. We used multistate capture-recapture models to analyse capture-recapture histories that combined information on radio-tracking data and on recoveries of dead martens. This formulation, based on conditional probabilities, also allowed us to estimate the contribution of trapping and hunting to overall mortality, accounting for detection failures and trapping exposure. We applied this approach to estimate age- and sex-specific survivals of pine martens (N=40) and stone martens (N=38) in the same rural area in France, where both species could be legally trapped and hunted. Annual survivals of adults were similar, and estimated at 0.49 for both species [+/- 0.12 standard deviation (sd) for pine martens;+/- 0.10 sd for stone martens]. The annual probability of dying from trapping and hunting was estimated at 0.21 and 0.19 for adult pine and stone martens, respectively. At the individual level, a negative linear relationship was observed between stone marten's survival and trapping exposure, but this was not the case for pine martens, which experienced far lower exposure to trapping. These results confirm that trapping and hunting could have a large impact on marten populations. Vehicle collisions were the second major cause of mortality for both species in our study area. This paper presents the first estimates of survival for syntopic stone and pine martens in Europe and is an important step towards population dynamics modelling of these species.",10.1111/jzo.12201,Wright et al,WOS:000350476000007,"[""Biological resource use"", ""Transportation & service corridors""]","[""Hunting & Collecting Terrestrial Animals"", ""Roads & railroads""]"
"Population status, habitat associations, and distribution of the steppe polecat Mustela eversmanii in Europe","The steppe polecat Mustela eversmanii is a medium-sized mustelid species whose European population has significantly declined over the past century. However, due to the lack of systematic surveys, little is known about its status and distribution. In this paper, we review the current distribution, habitat associations, and population trends of steppe polecats in Europe and assess the main factors associated with these trends. Our results reveal ongoing population declines in most of the studied countries, which led to fragmentation and local population extinctions at the beginning of the twenty-first century. The species was assessed as rapidly declining in Austria, Czech Republic, Moldova, Slovakia, and Ukraine; declining in Bulgaria; and stable in Hungary. Due to insufficient data, its status was not evaluated for Romania, Poland, and Serbia. M. eversmanii naturally occurs in steppe habitats, but recently seems to have adopted open agricultural landscapes consisting of a mosaic of grasslands, small fields with hedges, and dry embankments. Its distribution often coincides with populations of ground squirrels and hamsters. However, in intensively used agricultural landscapes, smaller rodents (especially voles) could also be an important dietary component. Intensive agricultural production, habitat loss, the degradation of steppe and grassland habitats, and significant declines in the availability of its main prey are the crucial factors for the species' current population decline. Further research is urgently needed to fill the gaps in our knowledge of its distribution, population densities, feeding ecology, habitat associations, and population genetics. This would enable first steps towards its effective conservation and management strategies.",10.1007/s13364-013-0134-0,Wright et al,WOS:000320330900001,"[""Agriculture & aquaculture"", ""Natural system modifications""]","[""Annual & perennial non-timber crops"", ""Livestock farming & ranching"", ""Dams & water management/use""]"
Genetic analysis of Eurasian otters (Lutra lutra) reveals high admixture in Finland and pronounced differentiation in Sweden,"A number of mammal species in Europe, including the Eurasian otter (Lutra lutra), have experienced a decline in population size in the 20th century due to persecution, environmental pollution and ongoing habitat fragmentation. This has often led to a substantial loss of genetic diversity which may threaten population viability. While otters have been studied in some detail genetically, the northern part of the Fennoscandian range has not been covered well so far. By explicitly focussing on the genetics of otter populations from northern Sweden and Finland we aimed at closing that gap. To infer their genetic structure and diversity, we analysed sequences of the mitochondrial control region and 12 nuclear microsatellite markers in 197 Eurasian otters from Sweden and Finland. Variability of the mitochondrial control region was low overall but still revealed previously undetected haplotypes unique to the Finnish otter population. Expected heterozygosities in Fennoscandia were within the range previously reported. Bayesian cluster analysis of our microsatellite data revealed genetic structuring of the Swedish otter populations. In contrast, we observed a high degree of admixture among the Finnish populations that we also found at the geographic border of the two countries (Lapland). Admixed ancestry in Finnish otters suggests that gene flow from the Swedish to Central European populations is potentially facilitated via the Finnish otter populations connecting the Swedish animals with otter populations in mainland Europe. (C) 2014 Deutsche Gesellschaft fur Saugetierkunde. Published by Elsevier GmbH. All rights reserved.",10.1016/j.mambio.2014.09.005,Wright et al,WOS:000348892400007,"[""Pollution"", ""Agriculture & aquaculture"", ""Biological resource use"", ""Natural system modifications""]","[""Marine & freshwater aquaculture"", ""Hunting & collecting terrestrial animals""]"
The reintroduction of the Eurasian otter (Lutra lutra) into the Netherlands: hidden life revealed by noninvasive genetic monitoring,"The last recorded presence of the Eurasian otter (Lutra lutra) in the Netherlands dates from 1989 and concerned a dead individual. In 2002 a reintroduction programme was started, and between June 2002 and April 2008 a total of 30 individuals (10 males and 20 females) were released into a lowland peat marsh in the north of the Netherlands. Noninvasive genetic monitoring based on the genetic profiles obtained from DNA extracted from otter faeces (spraints) was chosen for the post-release monitoring of the population. To this end, the founding individuals were genotyped before release and spraints were collected in the release area each winter from 2002 to 2008. From June 2002 to April 2008 we analysed the genetic profile of 1,265 spraints on the basis of 7-15 microsatellite loci, 582 of which (46%) were successfully assigned to either released or newly identified genotypes. We identified 54 offspring (23 females and 31 males): the females started to reproduce after 2 years and the males after 4 years. The mating and reproductive success among males was strongly skewed, with a few dominant males fathering two-thirds of the offspring, but the females had a more even distribution. The effective population size (Ne) was only about 30% of the observed density (N), mainly because of the large variance in reproductive success among males. Most juvenile males dispersed to surrounding areas on maturity, whereas juvenile females stayed inside the area next to the mother's territory. The main cause of mortality was traffic accidents. Males had a higher mortality rate (22 out of 41 males (54%) vs. 9 out of 43 females (21%)). During winter 2007/08 we identified 47 individuals, 41 of which originated from mating within the release area. This study demonstrates that noninvasive molecular methods can be used efficiently in post-release monitoring studies of elusive species to reveal a comprehensive picture of the state of the population.",10.1007/s10592-010-0051-6,Wright et al,WOS:000275455700022,"[""Pollution"", ""Transportation & service corridors"", ""Agriculture & aquaculture""]","[""Roads & railroads"", ""Marine & freshwater aquaculture""]"
A review of the historical evidence of the habitat of the Pine Marten in Cumbria,"Place names and evidence from the literature show the Pine Marten (Martes martes) to have been well distributed in Cumbria until late in the nineteenth century, with a core area in the central fells. The habitat available to these martens is assessed and the species' status and the reasons for its decline reviewed. Despite the modern emphasis on the absolute importance of woodland to the Pine Marten, it is argued that historical Cumbrian populations survived successfully for many generations in highly fragmented habitats.",10.1046/j.1365-2907.2001.00070.x,Wright et al,WOS:000168690700002,"[""Biological resource use"", ""Agriculture & aquaculture""]","[""Hunting & Collecting Terrestrial Animals"", ""Logging & Wood Harvesting"", ""Annual & perennial non-timber crops"", ""Livestock farming & ranching""]"
A comparative analysis of polybrominated diphenyl ethers and polychlorinated biphenyls in southern sea otters that died of infectious diseases and noninfectious causes,"Southern sea otters (Enhydra lutris nereis) from the California coast continue to exhibit a slower population regrowth rate than the population in Alaska. Infectious diseases have been identified as a frequent cause of death. Infectious diseases caused by varied pathogens including bacteria, fungi, and parasites were suggestive of compromised immunological health of mature animals in this population. To test the hypothesis that elevated exposure to immunotoxic contaminants such as polybrominated diphenyl ethers (PBDEs) and polychlorinated biphenyls (PCBs) contribute to disease susceptibility via immunosuppression, we determined concentrations of PBDEs and PCBs in livers of 80 adult female sea otters that died of infectious diseases, noninfectious causes, or emaciation. Concentrations of PBDEs and PCBs in sea otter livers varied widely (10-26,800 ng/g and 81-210,000 ng/g, lipid weight, respectively). Concentrations of PBDEs in sea otters were some of the highest values reported for marine mammals so far. Although PCB concentrations in sea otters have declined during 1992-2002, the mean concentration was at the threshold at which adverse health effects are elicited. Concentrations of PBDEs and PCBs were significantly correlated, suggesting co-exposure of these contaminants in sea otters. No significant association was found between the concentrations of PBDEs and the health status of sea otters. Concentrations of PCBs were significantly higher in otters in the infectious disease category than in the noninfectious category, suggesting an association between elevated PCB concentrations and infectious diseases in Southern sea otters.",10.1007/s00244-006-0251-8,Wright et al,WOS:000247426600020,"[""Pollution"", ""Invasive & other problematic species, genes & diseases""]","[""Industrial & military effluents"", ""Viral/prion-induced diseases""]"
"Ecology, conservation and human history of marine mammals in the Gulf of California and Pacific coast of Baja California, Mexico","In total, 43 marine mammal species, eight of which are threatened, inhabit the Gulf of California and Pacific coast of Baja California. The unique attributes of marine mammal fauna such as species richness, risk condition, energy consumption and calving in this region are historically and geographically important. Marine mammals in the Baja California seas have been hunted for the past 10,000 years and they are also currently subject to severe anthropogenic impacts. Commercial hunting started in the late 18th century and some populations declined until the 1970s. Anthropogenic impacts on marine mammals diversified during the 20th century, with fisheries and pollution now being their greatest threats. Currently, the coasts surrounding Baja California seas are home to 3.06% of Mexican people and 1.77% live in relation with maritime activities. This is a relatively small population that has been growing since the Spanish conquest in the 16th century together with decimation of the regional indigenous populations. The scarce people around Baja California seas have important contributions to Mexican economy and marine disturbance, mostly because the arid environments of northwestern Mexico have historically encouraged marine fisheries as the major intake of natural living resources in the region. Therefore, the region's environmental problems do not stem from an overpopulation requiring ecosystem services, with the exception that exhaustion of the underground aquifers is of great concern, but from historical Problems related with social and economic development. Conservation of marine mammals in the Baja California seas may be helpful to geographically and socially integrate human development and ecosystem protection, to address current problems of illegality, sectorial conflicts and partiality in conservation actions as well as to monitor the modifications and functionality of the marine ecosystem. (C) 2014 Elsevier Ltd. All rights reserved.",10.1016/j.ocecoaman.2014.12.004,Wright et al,WOS:000348083600009,"[""Pollution"", ""Biological resource use""]","[""Industrial & military effluents"", ""Fishing & harvesting aquatic resources""]"
Population Structure and Genetic Diversity of the Endangered South American Giant Otter (Pteronura brasiliensis) from the Orinoco Basin in Colombia: Management Implications and Application to Current Conservation Programs,"Endangered giant otters, Pteronura brasiliensis, are found along the Amazon and Orinoco rivers and most of their tributaries. Hunting in the mid-1970s pushed giant otter populations to the brink of extinction. We studied population structure and genetic diversity of giant otters from Colombia's Orinoco basin using analyses of partial mitochondrial DNA control region sequences obtained from scat material. We collected and analyzed 54 scat samples from 22 latrines, 2 tissue samples primarily from captive giant otters and 2 from hunted animals near Puerto Carreno and Puerto Inirida (Colombian Orinoco), as well as one tissue sample from Puerto Leguizamo (Colombian Amazon). Thirty-nine partial control region sequences were obtained (258 bp), corresponding to 15 unique haplotypes. Most of these haplotypes, found in samples collected around Puerto Carreno, defined one phylogeographic group (phylogroup) not previously described. Higher genetic diversity in the Colombian Orinoco populations than in other South American populations suggests that this newly described phylogroup, as well as a second phylogroup defined from a few Colombian Orinoco and Amazon samples, should be considered distinct genetic management units. National conservation programs, particularly those aiming to establish protected areas, should manage these independently. Current Colombian confiscated animal reintroduction and captive reproduction programs should also consider such differentiation when determining reintroduction locations or improving husbandry practices.",10.1093/jhered/esv049,Wright et al,WOS:000359730800006,"[""Biological resource use"", ""Agriculture & aquaculture"", ""Energy production & mining""]","[""Hunting & Collecting Terrestrial Animals"", ""Livestock farming & ranching"", ""Mining & quarrying""]"
Predicted distribution of the Bornean ferret badger Melogale everetti (Mammalia: Carnivora: Mustelidae) on Borneo,"The Bornean ferret badger Melogale everetti is one of the least known Bornean carnivores, and is currently classified as Data Deficient on The IUCN Red List of Threatened Species. Endemic to Borneo, it is associated with upland and highland forests in and around Kinabalu Park and Crocker Range Park. Of 52 Bornean ferret badger occurrence records, 14 were used to estimate potential habitat suitability. This species is likely to be confined to a very small range in western Sabah, potentially the smallest distribution range of any carnivore species in South-east Asia. All occurrence records were above 500 m elevation, which suggests that this species is restricted to upland and highland forests. Areas of particular importance predicted for survival of this species are Kinabalu Park, Crocker Range Park, and unprotected areas and commercial forest reserves east of Crocker Range Park. Because of the low number of recent records, the main threats to the Bornean ferret badger are unknown, but the transformation of forested areas to monoculture plantations and perhaps incidental hunting are likely to have negative effects on this species. As an upland and high-elevation specialist, climate change might also become an important future threat. Of particular importance for long-term survival of the Bornean ferret badger is an improved understanding of its current status, ecology and the threats it actually faces (if any).",,Wright et al,WOS:000393214300006,"[""Biological resource use"", ""Agriculture & aquaculture""]","[""Logging & Wood Harvesting"", ""Hunting & Collecting Terrestrial Animals"", ""Wood & pulp plantations""]"
Understanding the propensity of wild predators to illegal poison baiting,"In many parts of the world, illegal poisoning of wild predators has increased abruptly in recent decades. Birds of prey and carnivores have been targeted directly or indirectly if these are perceived to impact game species or domestic animals. Non-target species have experienced widespread declines, even local extinctions, as the result of illegal use of poisoned bait. In this study, we used data on detected poisoning events in the southern Spanish region of Andalusia to measure the influence of extrinsic and intrinsic variables on poisoning propensity of 18 wild predator species. Extrinsic factors affecting a species being poisoned were those related to the predicted coverage of poisoning events and how this overlapped with the distribution range of each species. To achieve this, we mapped areas of high favourability of poisoning, as well as areas favourable for the species. Intrinsic factors that could increase a species' chances of consuming poisoned bait were related to how much a species depended on scavenging for food, whether it lived in groups, pairs or solitary, and on its sedentariness (whether migratory or sedentary). For each species, we calculated an index of potential spatial conflict between the distribution of poisoning events and the species' most favourable natural areas. To assess a species' intrinsic likelihood for consuming poisoned bait, we derived an index from the species' feeding habits, its sociality and sedentariness. Finally, by combining the extrinsic and extrinsic indices, we produced a general index of propensity to poisoning. We show that vultures and the red kite (Milvus milvus) among the raptors had the highest propensity of being poisoned, while the Iberian grey wolf (Canis lupus signatus), red fox (Vulpes vulpes) and Eurasian badger (Meles meles) were more prone among the carnivores. With our method managers can measure vulnerability of species to poisoning and prioritize them in a clear spatial context.",10.1111/j.1469-1795.2012.00581.x,Wright et al,WOS:000314171600015,"[""Pollution"", ""Biological resource use""]","[""Industrial & military effluents"", ""Hunting & collecting terrestrial animals""]"
"Genetic structure of Eurasian otter (Lutra lutra, Carnivora: Mustelidae) populations from the western Baltic sea region and its implications for the recolonization of north-western Germany","We analysed 229 Eurasian otters from eastern and north-western Germany, Denmark and southern Sweden based on sequences of the mtDNA control region and genotypes at 12 polymorphic nuclear microsatellite loci. The main focus of the study lay on the north-west German otters from Schleswig-Holstein, which represent a newly established and expanding population recolonizing a formerly inhabited region, thereby closing the distributional gap between the large eastern population and the long-isolated and genetically depleted Danish population. As found before in this species, mtDNA variability was very low but we identified a hitherto unknown haplotype in Sweden. Expected heterozygosities were between 0.46 and 0.69 and thus within the range known from the literature. There were only weak signs of a founder effect in the Schleswig-Holstein otters with respect to allelic diversity (but not heterozygosity). Nevertheless, there was a statistically significant bottleneck signal based on deviations from mutation-drift equilibrium in Schleswig-Holstein. All statistical approaches (amovas, factorial correspondence analysis, assignment tests and Bayesian structure analysis) unequivocally showed that north-western Germany has so far been predominantly recolonized by otters of east German origin, but we also found evidence of admixture through immigration from Denmark. Both the Danish and the north-west German otter population will benefit from further exchange in the wake of the ongoing range expansion.Zusammenfassung Insgesamt 229 Fischotter aus dem Osten und Nordwesten Deutschlands sowie aus Danemark und Sudschweden wurden auf der Basis von Sequenzen der mitochondrialen Kontrollregion und Genotypen an 12 polymorphen nuklearen Mikrosatellitenloci populationsgenetisch untersucht. Hauptaugenmerk lag auf dem Bestand in Schleswig-Holstein, der in jungster Zeit neu etabliert wurde und sich weiterhin ausbreitet. Damit schlie ss t dieser die Verbreitungslucke zwischen der gro ss en Population im Osten und den lange isolierten und genetisch verarmten Ottern in Danemark. Im Einklang mit fruheren Studien war die Variabilitat des mitochondrialen Markers sehr gering; es wurde jedoch ein bisher unbekannter Haplotyp in Schweden nachgewiesen. Die erwartete Heterozygotie lag mit Werten zwischen 0.46 und 0.69 im fur Fischotter ublichen Bereich. Es gab schwache Anzeichen eines Grundereffektes fur Schleswig-Holstein in Bezug auf Alleldiversitat, nicht jedoch Heterozygotie. Dennoch war ein Bottleneck-Test basierend auf Abweichungen vom Mutationsdrift-Gleichgewicht fur Schleswig-Holstein statistisch signifikant. Alle statistischen Verfahren (amovas, FCA, Assignment-Tests und Bayesianische Structure-Analyse) zeigten, dass Nordwestdeutschland bisher uberwiegend vom Osten her wiederbesiedelt wird, doch wurden auch genetische Spuren einer Immigration aus Danemark gefunden. Sowohl die danische als auch die nordwestdeutsche Fischotterpopulation werden von einem weiteren genetischen Austausch im Zuge der gegenwartigen Ausbreitung profitieren.",10.1111/j.1439-0469.2010.00582.x,Wright et al,WOS:000289157300009,"[""Pollution"", ""Transportation & service corridors"", ""Agriculture & aquaculture"", ""Biological resource use""]","[""Roads & railroads"", ""Marine & freshwater aquaculture"", ""Hunting & collecting terrestrial animals""]"
Genetic diversity and landscape genetic structure of otter (Lutra lutra) populations in Europe,"Eurasian otter populations strongly declined and partially disappeared due to global and local causes (habitat destruction, water pollution, human persecution) in parts of their continental range. Conservation strategies, based on reintroduction projects or restoration of dispersal corridors, should rely on sound knowledge of the historical or recent consequences of population genetic structuring. Here we present the results of a survey performed on 616 samples, collected from 19 European countries, genotyped at the mtDNA control-region and 11 autosomal microsatellites. The mtDNA variability was low (nucleotide diversity = 0.0014; average number of pairwise differences = 2.25), suggesting that extant otter mtDNA lineages originated recently. A star-shaped mtDNA network did not allow outlining any phylogeographic inference. Microsatellites were only moderately variable (H (o) = 0.50; H (e) = 0.58, on average across populations), the average allele number was low (observed A (o) = 4.9, range 2.5-6.8; effective A (e) = 2.8; range 1.6-3.7), suggesting small historical effective population size. Extant otters likely originated from the expansion of a single refugial population. Bayesian clustering and landscape genetic analyses however indicate that local populations are genetically differentiated, perhaps as consequence of post-glacial demographic fluctuations and recent isolation. These results delineate a framework that should be used for implementing conservation programs in Europe, particularly if they are based on the reintroduction of wild or captive-reproduced otters.",10.1007/s10592-010-0054-3,Wright et al,WOS:000275455700021,"[""Biological resource use"", ""Natural system modifications"", ""Pollution""]","[""Hunting & Collecting Terrestrial Animals"", ""Dams & water management/use"", ""Industrial & military effluents"", ""Agricultural & forestry effluents""]"
"Human-wildlife competition for Korean pine seeds: vertebrate responses and implications for mixed forests on Changbai Mountain, China","Introduction Korean pine (Pinus koraiensis) is a dominant tree species in the cold temperate mixed forest zone in eastern Eurasia. Its seeds are food sources for wildlife but have become an important and marketable part of the economy for local communities. Methods We conducted ecological surveys inside and around Changbai Mountain Nature Reserve (CMNR) each year following the legalization of pine seed harvesting in 2000-2005 and restrictions on pine seed harvesting in 2006-2009. Results We found that human harvesting of pine cones was associated with declines in pine seed production and quality, pine regeneration, and populations of Eurasian red squirrel (Sciurus vulgaris), sable (Martes zibellina), and Siberian weasel (Mustela sibirica). Discussion CMNR generally harbored greater wildlife populations than were found outside of its boundaries, but populations inside and outside of CMNR tended to decline in response to unrestricted cone harvesting. Enactment of restrictions on harvesting of cones in 2006 led to rebounds in populations of squirrel, sable, weasel, yellow-throated marten (Martes flavigula) and Eurasian jay (Garrulus glandarius) in CMNR relative to outside, concurrent with a reduced percent of seed being usurped by humans. However, harvest restrictions failed to diminish damage to trees by humans or seeds by insect pests, and regeneration of pine did not rebound. Conclusion Our findings suggest that wildlife declines are reversible in the short-term, but long-term forest ecosystem stability is likely only if pine seed harvesting is either stopped or dramatically reduced on a permanent basis within CMNR.",10.1007/s13595-011-0097-8,Wright et al,WOS:000294494900004,"[""Agriculture & aquaculture"", ""Biological resource use""]","[""Wood & pulp plantations"", ""Logging & wood harvesting""]"
"The marine otter Lontra felina (Molina, 1782): A review of its present status and implications for future conservation","The marine otter Lontra felina is an endangered and little known species living in a fragmented habitat: the coast of Peru and Chile. The smallest marine mammal's presence is unclear in Argentina and southern Tierra del Fuego and the current limits of the distribution are still under discussion. Recent population genetic studies suggest certain levels of gene flow despite a disjunct population. In the 20th century intensive hunting was the major threat to L. felina. This top predator still faces an uncertain future due to the impact of human activities (urbanization, pollution, and intensive fisheries). There is a need of further studies deepening the knowledge on population genetics, population numbers and migration behavior. Environmental education work, law enforcement and monitoring of protected areas are suggested to secure the survival of the species. (C) 2011 Deutsche Gesellschaft fur Saugetierkunde. Published by Elsevier GmbH. All rights reserved.",10.1016/j.mambio.2011.08.004,Wright et al,WOS:000302589400001,"[""Biological resource use"", ""Residential & commercial development"", ""Pollution"", ""Climate change & severe weather""]","[""Hunting & Collecting Terrestrial Animals"", ""Fishing & Harvesting Aquatic Resources""]"
Flexible habitat selection paves the way for a recovery of otter populations in the European Alps,"Carnivores are threatened worldwide through habitat loss and persecution. Habitat destruction is a major threat for the Eurasian otter. Its populations declined drastically in Europe but are now expanding again, including into the Alps. Here, flood prevention and hydropower have massively altered the riverine landscapes. We evaluated the recovery potential of otters by testing the impact of major factors of habitat transformation and human disturbance on multiple spatial scales. In a hierarchical approach, we investigated spatial use and foraging habitat selection of nine otters in a long-term radiotracking study in the eastern Central Alps. We combined fine scale habitat selection analysis with individual movements by applying a step-selection function approach to the linear river system in a novel way. At home range scale, otters preferred the main riverbeds to abstracted water and tributaries, whereas at fine scale, there was no significant preference for pristine sections within the watercourses. Otters selected for reservoirs in streams with a width smaller than 12 m and otherwise preferred foraging in residual waters and stretches with main discharge. At this stage of recovery, otters show a surprising flexibility in their habitat selection. This is promising for the species' future expansion into former abandoned areas. However, given that the traditional fish stocking regime might contribute to this recovery by providing profitable hunting grounds after stocking events, there is an increased risk of human-wildlife conflicts. Our results demonstrate a high adaptability of a threatened carnivore to altered landscapes and show how this flexible behaviour opens opportunities for recovery. (C) 2016 Elsevier Ltd. All rights reserved.",10.1016/j.biocon.2016.04.017,Wright et al,WOS:000379559600013,"[""Pollution"", ""Biological resource use"", ""Natural system modifications""]","[""Industrial & military effluents"", ""Hunting & collecting terrestrial animals"", ""Dams & water management/use""]"
"Fossils, diet, and conservation of black-footed ferrets (Mustela nigripes)","A new middle Pleistocene record of Mustela nigripes is reported from Cathedral Cave, White Pine County, Nevada. The specimen dates to 750,000-850,000 years ago and represents one of the oldest remains recovered of the black-footed ferret. Forty-two percent of fossil faunas known to contain M. nigripes do not contain Cynomys, the common prey of black-footed ferrets in historic times. Consideration of dietary information and habitat requirements of ill. nigripes and its sister taxon, M. eversmanni (steppe ferret), reveals ancestral behavioral repertoires for ferrets. We suggest that the historically documented obligate predator-prey relationship between M. nigripes and Cynomys was a secondary effect of colonization by black-footed ferrets of Cynomys-dominated habitats sometime in the past 800,000 years. A phylogenetic perspective on the behavior of ferrets combined with paleontological data indicates a broader range of possibilities for conservation of the black-footed ferret.",10.1644/1545-1542(2000)081<0422:FDACOB>2.0.CO;2,Wright et al,WOS:000087155200010,"[""Invasive & other problematic species, genes & diseases"", ""Agriculture & aquaculture""]",
DISTRIBUTION AND STATUS OF SMALL AND MEDIUM-SIZED CARNIVORES IN LATVIA,"The present status of 11 small and medium-sized carnivores found in Latvia was estimated as part of the Latvian and European mammal atlas work. The main sources of information for the period since 1970 were questionnaires to amateur mammal observers and game statistics of the Latvian Forest Service. Data on estimated numbers and annual kill were available for game species-racoon dog (Nyctereutes procyonoides Gray), red fox (Vulpes vulpes L.), European badger (Meles meles L.), pine marten (Martes martes L.), polecat (Mustela putorius L.), American mink (Mustela vison Briss.) - and for non-game species that are caught as bycatches, especially otter (Lutra lutra L.). For these the population trends since 1920 were estimated. The reliability of game statistics is evaluated. The main factors influencing the status of the populations are suggested to be hunting, interspecific competition and habitat destruction. Four of the species, i.e. otter, stone marten (Martes foina Erxl.), stoat (Mustela erminea L.) and European mink (Mustela lutreola L.), are included in the up-dated Red Data list 1992, but the European mink is the only highly endangered species in Latvia at present.",,Wright et al,WOS:A1995RB12100005,"[""Biological resource use"", ""Agriculture & aquaculture""]","[""Hunting & Collecting Terrestrial Animals""]"
ESTIMATING THE IMPACT OF PAST PERSECUTION AND HABITAT CHANGES ON THE NUMBERS OF BADGERS MELES-MELES IN BRITAIN,"Data from a Badger sett survey undertaken in the mid-1980s were used to calculate the effects of past persecution and land-use changes on Badger numbers. The current British Badger population was estimated to be 41,894 +/- 4404 social groups; if the effects of past persecution were eliminated, the population could be 43,437 +/- 4731 social groups, an increase of 3.7%. Most of this increase relates to persecution in Norfolk and Suffolk last century. In Britain the Badger population is largely confined to those areas which are intensively managed, and the numbers and distribution of Badgers reflect patterns of agricultural activity. However, over-intensive use of the landscape is detrimental to Badger numbers. To quantify the impact of land-use changes on the British Badger population, a number of habitat features favourable to Badgers were identified; 1-km squares that contained five or more such features had significantly higher mean Badger densities. If all the 1-km squares were managed to include five or more of the habitat features favoured by Badgers, and the effects of persecution were eliminated, the Badger population could be 58,284 +/- 5640 social groups, an increase of 39%. The absence of semi-natural broadleaved woodlands in a 1-km square had the greatest effect in reducing Badger numbers, and tree-planting schemes may be beneficial in providing potential new sett sites. However, Badgers are poor colonists, and the construction of artificial setts and the translocation of displaced social groups of Badgers will greatly facilitate the colonization process. The value of such an approach for predicting the effects of future land-use policy on Badgers and other species, and for managing the British wildlife resources, is discussed.",10.1111/j.1365-2907.1993.tb00413.x,Wright et al,WOS:A1993KZ75400001,"[""Biological resource use"", ""Agriculture & aquaculture""]","[""Hunting & Collecting Terrestrial Animals"", ""Annual & perennial non-timber crops""]"
"Helminth parasites of Mustela lutreola (Linnaeus, 1761) and M-vison Schreber, 1777 in Spain","The European mink (M. lutreola) and the American mink (M. vison) are riparian mustelids inhabiting; Spain. During the last few decades, M. lutreola populations have declined almost everywhere, but, since being introduced in Europe, the American mink has become wide spread there. The present study presents the first comprehensive helminthological data of both mink species in Western Europe and analyses the possible cross-transmission of some pathogenic helminths between neighbouring Spanish populations of both mustelids. One hundred and forty specimens (28 M. lutreola and 112 M. vison) from several Spanish zones were analysed. A total of thirteen helminth species were found: Metorchis bilis, Parametorchis sp., Pseudamphistomum truncation, Euryhelmis squamula and Apophallus donicus (Trematoda), Taenia martis and T. tenuicollis (Cestoda), Aonchotheca putorii, Strongyloides mustelorum, Molineus patens, Crenosoma melesi and Aelurostrongylus pridhami (Nematoda), and Centrorhynchus ninnii (Acanthocephala). The helminth fauna of M. lutreola was qualitatively and quantitatively richer than that of M. visor.. This fact was particularly evident amongst digeneans with four species (M. bilis, Parametorchis sp., P, truncatum and A. donicus) exclusively present in M. lutreola. Twenty-five M. lutreola individuals were infected with parasitic worms (89.3%). In contrast, less than half (41.1%) of the American minks analysed were infected by helminths. The helminth fauna of both European and American minks in Spain are compared with those of both mustelids in Belarus, where another important population of M. lutreola is present. Also considered are some epidemiological and pathogenic aspects of the helminth fauna of both mink species that might act as regulatory factors over the Spanish population of M. lutreola.",,Wright et al,WOS:000182261200008,"[""Invasive & other problematic species, genes & diseases"", ""Biological resource use"", ""Pollution"", ""Natural system modifications""]","[""Problematic native species/diseases""]"
Genetic structure of sable (Martes zibellina L.) in Eurasia-analysis of the mitochondrial lineages distribution,"The phylogeography of the sable, which is a commercially valuable species, is extremely complicated and poorly investigated. Specifically, the effects of factors such as the range dynamics of the sable during the Pleistocene Epoch, the localization of glacial refugia, species distribution pattern in Holocene, and recent dramatic population decline, along with massive reacclimatization measures, on the species phylogeography remain unclear. Based on the sequence analysis of the control region of mitochondrial DNA from sables that inhabit different parts of the species range, a suggestion was made of the considerably high Pleistocene genetic diversity in sable, which was subsequently lost. The initial diversity of mitochondrial lineages is mostly preserved in the Urals, while in the eastern part of the range, it seems to have been depleted as early as before the last glacial maximum. On the other hand, the even greater depletion of the mitochondrial lineages observed in some populations of central Siberia can be associated with the dramatic population decline at the turn of the 20th century.",10.1134/S1022795413020105,Wright et al,WOS:000315036000012,"[""Biological resource use"", ""Natural system modifications""]","[""Hunting & Collecting Terrestrial Animals"", ""Fire & fire suppression""]"
Multiscale landscape genetics of American marten at their southern range periphery,"American marten (Martes americana) are a conservation priority in many forested regions of North America. Populations are fragmented at the southern edge of their distribution due to suboptimal habitat conditions. Facilitating gene flow may improve population resilience through genetic and demographic rescue. We used a multiscale approach to estimate the relationship between genetic connectivity and landscape characteristics among individuals at three scales in the northeastern United States: regional, subregional, and local. We integrated multiple modeling techniques and identified top models based on consensus. Top models were used to parameterize resistance surfaces at each scale, and circuit theory was used to identify potential movement corridors. Regional gene flow was affected by forest cover, elevation, developed land cover, and slope. At subregional and local scales, the effects were site specific and included subsets of temperature, elevation, developed land cover, and slope. Developed land cover significantly affected gene flow at each scale. At finer scales, lack of variance in forest cover may have limited the ability to detect a relationship with gene flow. The effect of slope on gene flow was positive or negative, depending on the site examined. Occupancy probability was a relatively poor predictor, and we caution its use as a proxy for landscape resistance. Our results underscore the importance of replication and multiscale approaches in landscape genetics. Climate warming and landscape conversion may reduce the genetic connectivity of marten populations in the northeastern United States, and represent the primary challenges to marten conservation at the southern periphery of their range.",10.1038/s41437-020-0295-y,Wright et al,WOS:000509840000001,"[""Climate change & severe weather"", ""Biological resource use"", ""Residential & commercial development""]","[""Habitat shifting & alteration"", ""Logging & wood harvesting"", ""Housing & urban areas""]"
Activity and home range in a recently widespread European mink population in Western Europe,"The European mink is a critically endangered mustelid species of conservation concern throughout Europe. Several conservation interventions have been implemented in recent years, supported by both national and European governments. However, knowledge about the natural history of the European mink is scarce and localized to a few specific areas. From 2007 to 2009, we studied mink activity patterns, home range sizes, and macrohabitats of mink home ranges based on 28 radio-tracked European mink (10 adult females, 11 adult males, 3 young females, and 4 young males) in the Foral Community of Navarre (northern Spain), in the Arga and Aragon rivers. We also provide insights on the spatial organization of the species. European mink presented a stable, mainly nocturnal and crepuscular activity pattern and required between 15 and 75 ha of fluvial habitats to establish their home ranges, which were also quite stable throughout the year. There were great differences between adult females and adult males, the latter having home ranges five times larger. In addition, whereas adult females mainly settled in lagoons and small tributaries, males also used to a large extent the main river sections. European mink presented a polygynous mating system, where males were territorial and encompassed several female home ranges within their home ranges. Lagoons and similar structures should be preserved and favored in management strategies, and tributaries maintained in good condition, as female requirements should be prioritized in plans to improve the general habitat quality for the species. Any conservation plan aimed at the improvement or recovery of European mink populations through habitat management should consider management blocks of at least 15 ha per each potential breeding female.",10.1007/s10344-017-1135-0,Wright et al,WOS:000411059800007,"[""Invasive & other problematic species, genes & diseases"", ""Biological resource use"", ""Pollution""]","[""Invasive non-native/alien species/diseases"", ""Hunting & collecting terrestrial animals"", ""Industrial & military effluents""]"
Snow cover and riparian habitat determine the distribution of the short-tailed weasel (Mustela erminea) at its southern range limits in arid western North America,"The short-tailed weasel (Mustela erminea) is a Holarctic boreo-montane species that has one of the largest natural geographic ranges of any mammal. At its southern range limits in arid western North America, the species is rare, and factors associated with its distribution are poorly understood. We hypothesized that the availability of voles (Microtus) as prey was a key limiting factor for the distribution of the species. Consequently, we predicted that important variables associated with the occurrence of short-tailed weasels included snow cover and riparian habitat, both of which are linked to abundant vole populations in this region. We tested these predictions in New Mexico using ecological niche models developed with a maximum entropy algorithm (MaxEnt) and based on bioclimatic and biophysical variables. Consistent with our predictions, distribution of the short-tailed weasel was primarily determined by high winter snowfall and proximity to perennial streams. Descriptive habitat data associated with specimen records supported a close association of short-tailed weasels with riparian zones, especially those characterized by the presence of sedges and ponds made by the American beaver (Castor canadensis). We conclude that the short-tailed weasel is facing conservation threats in this region due to a fragmented distribution, degradation of riparian habitats, altered small mammal prey communities, and climate change. We recommend that the short-tailed weasel be considered in conservation planning in this region and that management focus on means to enhance riparian habitat and curtailing dangers posed by climate warming.",10.1515/mammalia-2013-0036,Wright et al,WOS:000330878900005,"[""Natural system modifications"", ""Agriculture & aquaculture"", ""Climate change & severe weather""]","[""Dams & water management/use"", ""Livestock farming & ranching"", ""Habitat shifting & alteration""]"
"The wolverine Gulo gulo population and its distribution in the Great Khingan Mountains, northeastern China","The geographical distribution and relative density of the wolverine Gulo gulo population in the Great Khingan Mountains, northeastern China, were surveyed during 1996-2000. The wolverine distribution is decreasing and the population size may be < 200 individuals. In the Great Khingan Mountains forestry areas, the wolverine was mainly separated into two small subpopulations within a total area of 80,000 km(2). Moreover, since the 1990s no wolverines or signs of wolverine activity have been found in the Altai Mountains, Sinkiang Province, in northwestern China, which has been another main distribution area for the wolverine in China. We suggest that habitat loss, food limitation and poaching are the main reasons for the decline of the wolverine population in China.",10.2981/0909-6396(2007)13[83:TWGGPA]2.0.CO;2,Wright et al,WOS:000250588600010,"[""Biological resource use"", ""Residential & commercial development"", ""Transportation & service corridors"", ""Natural system modifications""]","[""Logging & Wood Harvesting"", ""Hunting & Collecting Terrestrial Animals"", ""Housing & urban areas"", ""Roads & railroads"", ""Fire & fire suppression""]"
"Genetic diversity and population structure in the endangered giant otter, Pteronura brasiliensis","We assessed levels of genetic diversity and investigated patterns of population structure in three remnant populations of the endangered giant otter, Pteronura brasiliensis, using microsatellite loci. All populations displayed moderate to low levels of heterozygosity and allelic richness (H-O 0.56-0.57, A(R) 4.00-5.15) and effective population sizes were low (N-E 10.8-54) although only the Itenez population exhibited the signature of a genetic bottleneck. Population structure analyses revealed a pattern in which the populations of the Upper Amazon, Orinoco and Essequibo drainages comprised partially differentiated segments of a northern South American metapopulation, whereas the population of the Itenez appeared isolated. The observed patterns are congruent with previous mitochondrial DNA analysis which suggested the Itenez and northern South American groups constitute two evolutionary significant units. The results presented here should be considered in planning future policies aiming to manage the recovery of the giant otter across its range.",10.1007/s10592-011-0279-9,Wright et al,WOS:000303475800019,"[""Biological resource use"", ""Natural system modifications""]","[""Hunting & Collecting Terrestrial Animals"", ""Dams & water management/use""]"
"The use of hydroelectric lakes by giant otters Pteronura brasiliensis:: Balbina lake in central Amazonia, Brazil","Data on the occurrence and habitat use of giant otters Pteronura brasiliensis in the 4,437 km(2) of Balbina hydroelectric take in central Amazonia, Brazil, were collected from September 2001 to December 2005. Twenty-nine groups of giant otters were recorded in an area corresponding to 10% of the total reservoir. Despite the fact that it is a hydroelectric lake, the water level can vary annually by up to 3.5 m with the Amazonian seasonal flood pulse. A total of 210 dens, communal latrines and campsites of giant otters were located. An average of 37% of the dens observed were classified as in use, and the species was recorded in the lake throughout the year. Giant otters started their daily activities between 05.23 and 08.05. The average height of den openings was 28.77 +/- SD 10.00 cm, with an average width of 56.11 +/- SD 19.17 cm. Births in Balbina occur mainly during the period of high and receding water level, as reported for giant otters in other Amazonian areas. There are at least two conditions that enable the species to inhabit hydroelectric reservoirs: (1) presence of the species in the area before dam construction and (2) absence or low numbers of human communities around the reservoir. The potential use of hydroelectric lakes for the conservation of the giant otter in the Amazon is discussed.",10.1017/S0030605307005121,Wright et al,WOS:000252295300022,"[""Biological resource use"", ""Energy production & mining"", ""Pollution"", ""Natural system modifications""]","[""Hunting & Collecting Terrestrial Animals"", ""Mining & quarrying"", ""Industrial & military effluents"", ""Oil & gas drilling"", ""Dams & water management/use""]"
"Distribution and Habitat Conditions of Habitat Points of the Eurasian Otter Lutra lutra in the Hangang River Water System, South Korea","Researchers conducted this study to clarify the distribution and habitat conditions of the Eurasian otter Lutra lutra in. the Hangang water system, South Korea. Researchers evaluated a total 358 habitat sites widely distributed in the Hangang river water system. The altitudinal distribution ranges were similar in the Bukhangang and Namhangang areas. The width of river in habitat points ranged from 4-1,017 m. The mean water velocity was 0.32 +/- 0.15 m sec(-1). Habitat variables such as site condition, river width, bottom status, bankside vegetation, land use type, grass height, vegetation cover, artificial structures, water use and pollutants were significantly different among areas except for forest type and shrub height Furthermore, land use type, artificial structures, water use and pollutants were disturbance factors. To conserve the Eurasian otter and its habitat, the riparian habitat should be managed and conserved.",,Wright et al,WOS:000315851100013,"[""Pollution"", ""Residential & commercial development"", ""Transportation & service corridors""]","[""Industrial & military effluents"", ""Agricultural & forestry effluents"", ""Housing & urban areas"", ""Roads & railroads""]"
Anthropogenic and seasonal determinants of giant otter sightings along waterways in the northern Brazilian Amazon,"Historic anthropogenic impacts affecting the distribution and ecology of Giant otters are well documented, however little is known regarding the factors affecting the current distribution of this species. Our objective was to determine the relative importance of temporal (seasonal river levels), and anthropogenic (presence of houses, boats and fishing nets) factors on the distribution of Giant otters around a sustainable-use protected area in the eastern Brazilian Amazon. We conducted a total of 6836.1 km of boat surveys to record locations of both direct and indirect Giant otter sightings along 198.9 km of waterways. To understand the importance of the factors at different spatial scales we conducted analysis using data summarized at two spatial scales: 50 km river zones and 5.1 km river sections. Our results showed that anthropogenic disturbances were the most important determinants of the presence of both direct and indirect signs, with Giant otters rarely detected within 40 km of the nearest town. Giant otters were present in the waterways throughout the annual water cycle (high, decreasing, low and increasing river levels), with direct observations positively related with the number of fishing nets present in the waterways. Our results suggest considerable spatial and temporal overlap between Giant otters and the activities of local fishermen which must be considered for the effective management of conservation conflicts in this rapidly developing region. (C) 2014 Deutsche Gesellschaft fur Saugetierkunde. Published by Elsevier GmbH. All rights reserved.",10.1016/j.mambio.2014.07.006,Wright et al,WOS:000348892400006,"[""Human intrusions & disturbance"", ""Residential & commercial development""]","[""Work & other activities"", ""Housing & urban areas""]"
Genetic diversity and population structure of the Eurasian otter (Lutra lutra) in France,"During the last century, the Eurasian otter (Lutra lutra) suffered a dramatic decline in Europe. In France, the same pattern of sharp decline was observed with local extinctions in many regions. Before the recolonisation process, two main populations still remained along the Atlantic coast and in the Massif Central. To investigate the impact of this decline on the genetic diversity and structure of the French otter population, tissue samples of 144 otter carcasses from road kills that were found during 1992-2011 along the Atlantic coast and in the Massif Central were used. They were analysed using 10 microsatellites loci. Observed (H (o) = 0.64) and expected heterozygosity (H (e) = 0.62) were moderate, but consistent with results found in other European populations. The bottleneck test showed an excess of heterozygotes, providing evidence of a recent decline. There was evidence for weak but significant allelic frequencies divergence between otters from the Atlantic coast and those from the Massif Central (F (st) = 0.040, p < 0.05), probably resulting from their isolation prior to the recolonisation process. As the French otter population has been expanding for several years, genetic intermixing is now occurring. Although this expansion has not yet genetically homogenised all populations, this is may be a matter a time.",10.1007/s13364-015-0258-5,Wright et al,WOS:000372880400004,"[""Pollution"", ""Transportation & service corridors"", ""Natural system modifications"", ""Biological resource use""]","[""Roads & railroads"", ""Hunting & collecting terrestrial animals""]"
"Distribution and habitat models of the Eurasian otter, Lutra lutra, in South Korea","Eastern populations of the Eurasian otter (Lutra lutra) have declined throughout Asia. Although the South Korean government designated the Eurasian otter as an Endangered Species and Natural Monument, limited information exists on the distribution and habitat of this top predator in riparian ecosystems at this terminus of its distribution. We documented the distribution and modeled the habitat of this species using sign survey data collected in 2009 and 2010. We analyzed otter presence with 21 raster data sets using environmental niche modeling. We evaluated 31 variables as explanatory variables for logistic regression models that considered detection and non-detection data. We detected otter sign at 83% (3,288 of 3,957) of survey sites within 63% (680 of 1,074) of survey cells. In our MaxEnt presence-only model, land cover type was the main contributing factor to predicting habitat suitability, with secondary influences from isothermality, precipitation in the wettest month, elevation, and temperature seasonality. Water quality and human disturbance were the main variables significantly associated with otter occurrence based on the regression model that included detection and non-detection data. Direct measures of human activity, such as traffic volume and land price, were better predictors than stationary factors such as density of buildings. Our results suggest that otters and humans can coexist in highly populated areas. Our information on the distribution and habitat characteristics of Eurasian otters in South Korea will assist habitat management and recovery projects in natural and anthropogenic environments.",10.1093/jmammal/gyx037,Wright et al,WOS:000406848500016,"[""Pollution"", ""Transportation & service corridors"", ""Residential & commercial development""]","[""Industrial & military effluents"", ""Agricultural & forestry effluents"", ""Roads & railroads"", ""Housing & urban areas""]"
"Habitat, Climate, and Fisher and Marten Distributions","Since the mid-twentieth century, fisher populations (Pekania pennanti) increased in several eastern jurisdictions of North America, particularly in the northern part of the species' range. Changes in fisher distribution have led to increased overlap with the southern portion of the range of American marten (Martes americana), whose populations may be locally declining. This overlap occurs particularly in habitats undergoing natural and anthropogenic modification. The objective of our study was to determine the respective effects of habitat changes and climatic conditions on fisher and marten populations in Quebec, Canada, based on trapper knowledge. We analyzed annual fisher and marten harvest (number of pelts sold/100 km(2)) between the 1984-1985 and 2014-2015 trapping seasons using linear mixed models. Fisher harvest increased with the increased abundance of mixed forests >12 m tall, resulting from decades of forest harvesting. Fisher harvest decreased with increasing spring rains, which can affect survival when rearing young. Marten harvest decreased with increasing winter rains, which lower thermoregulation capacity and hamper movements by creating an ice crust on the snowpack, reducing access to subnivean areas. Decline in marten harvest during the 30-year study period coincided with an increase in fisher harvest, suggesting possible interspecific competition. Results highlight that managers should strive to maintain mixedwood stands taller than 12 m to maintain high quality habitat for fishers. Our study confirms the importance of working with trappers to assess furbearing population trends in response to habitat changes and climatic conditions. (c) 2019 The Wildlife Society.",10.1002/jwmg.21795,Wright et al,WOS:000498724500001,"[""Biological resource use"", ""Climate change & severe weather"", ""Invasive & other problematic species, genes & diseases""]","[""Hunting & Collecting Terrestrial Animals"", ""Logging & Wood Harvesting"", ""Habitat shifting & alteration"", ""Problematic native species/diseases""]"
Satellite-detected forest disturbance forecasts American marten population decline: The case for supportive space-based monitoring,"Limited monitoring resources often constrain rigorous monitoring practices to species or populations of conservation concern. Insufficient monitoring can induce a tautology as lack of monitoring resources makes it difficult to determine whether a species or population deserves additional monitoring resources. When in-situ monitoring resources are limited, remote habitat monitoring could be a useful supplementary tool, as linking parameterized species distribution models to spatially explicit time-series of environmental correlates allows iterative prediction of population change. Yet the performance of predictive forecasts or hindcasts has been difficult to evaluate. We paired contemporary field data, historic population estimates, and a remotely-sensed archive of landscape change to evaluate predictions of American marten (Martes americana) population decline owing to habitat loss in Maine, USA. We estimated contemporary spatial patterns in marten density relative to landscape disturbance with spatial capture-recapture models. We compared current density estimates to historical density calculations to evaluate population decline, and compared historical calculations to habitat-based model predictions to evaluate the efficacy of habitat monitoring as a proxy for direct monitoring. Marten density was negatively associated with the proportion of surrounding regenerating forest, and point estimates within focal townships were 50-80% lower than historical calculations. Habitat-based hindcasts of marten density across our entire focal area interest suggested a smaller population decline (roughly 50%) within our focal area. Thus, although habitat-based predictions underpredicted marten decline, they provided correct directional inference. Habitat monitoring and predictions from species distribution models may provide useful inference about population changes given trends in habitat at limited expense when in-situ information is lacking.",10.1016/j.biocon.2019.02.020,Wright et al,WOS:000467513500038,"[""Biological resource use"", ""Climate change & severe weather""]","[""Logging & Wood Harvesting"", ""Habitat shifting & alteration""]"
INFORMATION ON BLACK-FOOTED FERRET BIOLOGY COLLECTED WITHIN THE FRAMEWORK OF FERRET CONSERVATION,"Once feared to be extinct, black-footed ferrets (Mustela nigripes) were rediscovered near Meeteetse, Wyoming, in 1981, resulting in renewed conservation and research efforts for this highly endangered species. A need for information directly useful to recovery has motivated much monitoring of ferrets since that time, but field activities have enabled collection of data relevant to broader biological themes. This special feature is placed in a context of similar books and proceedings devoted to ferret biology and conservation. Articles include general observations on ferrets, modeling of potential impacts of ferrets on prairie dogs (Cynomys spp.), discussions on relationships of ferrets to prairie dog habitats at several spatial scales (from individual burrows to patches of burrow systems) and a general treatise on the status of black-footed ferret recovery.",10.3398/064.072.0201,Wright et al,WOS:000308283600001,"[""Invasive & other problematic species, genes & diseases"", ""Agriculture & aquaculture""]","[""Problematic native species/diseases"", ""Annual & perennial non-timber crops"", ""Livestock farming & ranching""]"
A multi-temporal approach to model endangered species distribution in Europe. The case of the Eurasian otter in Italy,"We analyzed the relationship between changes in land cover patterns and the Eurasian otter occurrence in southern Italy over the course of approximately 20 years (1985-2006) using multi-temporal species distribution models (SDMs). The study area includes five river catchments covering most of the otter's Italian range. Land cover and topographic data were used as proxies for the ecological requirements of the otter within a 300-m buffer around river courses. We used species presence, pseudo-absence data, and environmental predictors to build past (1985) and current (2006) SDMs by applying an ensemble procedure through the BIOMOD modeling package. The performance of each model was evaluated by measuring the area under the curve (AUC) of the receiver-operating characteristic (ROC). Multi-temporal analysis of species distribution was performed by comparing the maps produced for 1985 and 2006. The ensemble procedure provided good overall modeling accuracy, revealing that elevation and slope affected the otter's distribution in the past; in contrast, land cover predictors, such as cultivations and forests, were more important in the present period. During the transition period, 20.5% of the area became suitable, with 76% of the new otter presence data being located in these newly available areas. The multi-temporal analysis suggested that the quality of otter habitat improved in the past 20 years due to the expansion of forests and to the reduction of cultivated fields in riparian belts. This evidence stresses the great potential of riverine habitat restoration and environmental management in supporting the future expansion of the otter in Italy. (C) 2013 Elsevier B.V. All rights reserved.",10.1016/j.ecolmodel.2013.11.027,Wright et al,WOS:000331162000003,"[""Biological resource use"", ""Pollution"", ""Natural system modifications""]","[""Hunting & Collecting Terrestrial Animals""]"
Status of the wolverine Gulo gulo in Canada,"Wolverines Gulo gulo are found in northern forested wilderness across Canada, in alpine tundra of the western mountains, and in the arctic. They formerly occupied habitats that are now heavily settled by humans in the Prairie Provinces and eastern Canada. Forest harvesting, hydroelectric development, the exploration and development of oil, gas and minerals, transportation corridors and human settlement continue to alter, remove or fragment habitats. About 6% of all current wolverine range in Canada is within parks and protected areas, and 10% of high quality habitats in western Canada are protected. The population estimate for the western population (Yukon to Ontario) is 15,000-19,000 resident wolverines, based on the best available information on densities and areas of occupancy. With the addition of juveniles, the population before the winter trapping season may approach or exceed 20,000. Wolverine populations are apparently benefiting from the cessation of wolf Canis lupus poisoning, harvest closures, advanced trapline and harvest management systems. Recent range recoveries have been recorded in northwestern Ontario and Manitoba, where caribou numbers have increased. Wolverine populations in Canada are stable within the normal range of long-term population fluctuations elsewhere, except locally in southern Alberta and British Columbia where caribou have declined or habitats are becoming fragmented. Wolverines may be extirpated on Vancouver Island. The eastern wolverine population is either extremely rare or extirpated. The COSEWIC (Committee on the Status of Endangered Wildlife in Canada) status designations are Endangered for the eastern population and Special Concern for the western population.",10.2981/0909-6396(2007)13[76:SOTWGG]2.0.CO;2,Wright et al,WOS:000250588600009,"[""Biological resource use"", ""Energy production & mining"", ""Transportation & service corridors"", ""Residential & commercial development""]","[""Logging & Wood Harvesting"", ""Renewable energy"", ""Oil & gas drilling"", ""Roads & railroads"", ""Housing & urban areas""]"
Effectiveness of the Natura 2000 network for freshwater fish conservation in a Mediterranean region,"Protected areas (PAs) are the cornerstones of global biodiversity conservation efforts, but to fulfil this role they must be effective at conserving both habitat and species. Among protected taxa, freshwater fish are exposed to multiple disturbances and are considered one of the most endangered. The Natura 2000 reserves network was established with the aim of preserving biodiversity across Europe, but few assessments have been made on its effectiveness on the conservation of freshwater fish species. We tested the hypothesis that fish community is exposed to less anthropogenic pressures within the Natura 2000 sites than outside, hosting a higher number of native species and maintain lower number of non-native species. We tested these hypotheses considering 3,777 sampling sites, found across the entire Italian territory. Results showed that PAs did not guarantee less anthropogenic impacts and higher fish species richness than outside PAs, suggesting that PAs are not a panacea for anthropogenic pressures and safeguarding fish diversity. Nevertheless, more caution should be applied to the management measures and the design of new PAs due to the limitations of the protection of a single stretch within a whole river ecosystem. Moreover, the impossibility to operate any management of invasive fish species on the broad scale of a whole river basin is likely the most limiting factor to fish biodiversity conservation in Italy. Finally, it is also necessary to extend the analysis to other basins and Natura 2000 sites in Europe.",10.3389/fenvs.2023.1122464,Pulido-Chadid et al,WOS:000948482300001,"[""Agriculture & aquaculture"", ""Energy production & mining"", ""Transportation & service corridors""]",
Habitat Potential Mapping of Marten (Martes flavigula) and Leopard Cat (Prionailurus bengalensis) in South Korea Using Artificial Neural Network Machine Learning,"This study developed habitat potential maps for the marten (Martes flavigula) and leopard cat (Prionailurus bengalensis) in South Korea. Both species are registered on the Red List of the International Union for Conservation of Nature, which means that they need to be managed properly. Various factors influencing the habitat distributions of the marten and leopard were identified to create habitat potential maps, including elevation, slope, timber type and age, land cover, and distances from a forest stand, road, or drainage. A spatial database for each species was constructed by preprocessing Geographic Information System (GIS) data, and the spatial relationship between the distribution of leopard cats and environmental factors was analyzed using an artificial neural network (ANN) model. This process used half of the existing habitat location data for the marten and leopard cat for training. Habitat potential maps were then created considering the relationships. Using the remaining half of the habitat location data for each species, the model was validated. The results of the model were relatively successful, predicting approximately 85% for the marten and approximately 87% for the leopard cat. Therefore, the habitat potential maps can be used for monitoring the habitats of both species and managing these habitats effectively.",10.3390/app7090912,Wright et al,WOS:000414453600048,"[""Biological resource use"", ""Residential & commercial development""]","[""Logging & Wood Harvesting""]"
Habitat use and spatial behaviour of the endangered Southern river otter (Lontra provocax) in riparian habitats of Chile:: Conservation implications,"The spatial behaviour of 10 Southern river otters Lontra provocax was analysed using radio-tracking data collected in the Queule River, Southern Chile. The estimated otter density was 0.25 individuals km(-1). Females with cubs and adult otters displaying mating behaviours were the only social group recorded. Studied otters were solitary and observed behaviour patterns suggest an intrasexual territoriality. No home range overlap among males existed while an average of 33% and 87% home range overlapped among females and between sexes, respectively In the situation of core areas, only one case of overlapping between an adult male and an adult female was observed. Average home range and core area lengths were 11.3 km and 0.9 km, respectively. Otters used rivers more frequently than expected, whereas they avoided small streams. Low intensity livestock farming, without canalization of watercourses and riparian vegetation extraction practices, seems compatible with the presence of Southern river otter populations since the spatial behaviour of the studied otters was not affected under these circumstances. Based on the present official reserve sizes and distribution within the country, and also the increase of variant anthropogenic land uses outside these areas that result with consequent habitat loss and deterioration, we strongly recommend considering the importance of spatial dimension in quantity and quality habitats in further conservation planning for the Southern river otter using an integrated catchment management. (c) 2007 Elsevier Ltd. All rights reserved.",10.1016/j.biocon.2007.08.026,Wright et al,WOS:000251210800013,"[""Agriculture & aquaculture"", ""Natural system modifications""]","[""Livestock farming & ranching"", ""Dams & water management/use""]"
Modeling predator habitat to enhance reintroduction planning,"The success of species reintroduction often depends on predation risk and spatial estimates of predator habitat. The fisher (Pekania pennanti) is a species of conservation concern and populations in the western United States have declined substantially in the last century. Reintroduction plans are underway, but the ability of the species to establish a self-sustaining population is affected by predation from its primary predator, the bobcat (Lynx rufus). To develop a habitat model that incorporates both habitat of the focal species and the spatial patterning of predator habitat. To locate areas of densely aggregated habitat that would be suitable for reintroduction. Using camera survey data, we modeled the association between bobcat presence and environmental features using a classification tree. We applied this model to a spatial analysis of fisher habitat and identified reintroduction areas in the southern Washington Cascade Range. The classification tree predicted bobcat detection based on elevation and mean tree diameter. The final model identified fisher reintroduction locations primarily in or near existing wilderness areas. Fisher habitat areas identified considering both habitat and predation risk differed from those identified without considering predation. Our spatial approach is unique among fisher reintroduction plans by accounting for both resource requirements and risk of predation. It can be used as a template for future reintroduction efforts in other regions and for other species. Using similar models to refine population management and reintroduction should improve the probability of successful population establishment and stability.",10.1007/s10980-015-0177-5,Wright et al,WOS:000357293800008,"[""Biological resource use"", ""Invasive & other problematic species, genes & diseases""]","[""Logging & Wood Harvesting"", ""Problematic native species/diseases""]"
Effects of extensive fishpond management and human disturbance factors on Eurasian otter (Lutra lutra L. 1758) populations in Eastern Europe,"Wetland losses related to human activities in the past decades have caused heavy decline in the population of the Eurasian otter (Lutra lutra Linnaeus) throughout Europe. As otters are often used as flagship species for wetland conservation programmes, the understanding of their response to human disturbance and environmental factors is essential to fine-tune conservation tools for managing artificial water bodies. In this study we estimate which wetland characteristics and human factors to what extent drive the spatial distribution of otters. We investigated factors related to the habitat selection of Eurasian otters between December 2004 and January 2007 on 31 fishponds in the Hortobagy National Park, Eastern Hungary. We have shown that otter habitat selection is primarily governed by both disturbance-related characteristics and vegetation properties of fishponds, and not by humans. Moreover, we did not find the effects of artificial fisheries inputs or hunting pressures. Fishponds far from human settlements with large reed islands and dykes with trees are the key habitats for Eurasian otters. However, the presence of adjacent forests and grazing areas negatively affect the otter sign densities in fishponds.",,Wright et al,WOS:000329533900001,"[""Natural system modifications"", ""Human intrusions & disturbance""]",
Mammals of Cleopatra's Needle Critical Habitat: Outcomes of a rapid assessment,"A rapid biodiversity assessment of mammalian fauna was conducted in the Cleopatra's Needle mountain range in the biodiversity hotspot province of Palawan, Philippines to determine species diversity of, anthropogenic activities affecting and conservation status of the species in the area. Standard methods of research sampling for capturing or observing volant and non-volant mammalian species included: baited cage trapping, drift-fenced pitfall trapping, camera trapping, mist-net trapping and opportunistic hand-capturing or observing. A total of 12 mammalian species were documented. Maxomys panglima and Crucidura palawanensis were the most commonly captured species with the use of baited cage traps and pitfall traps, respectively. The rare Chiropodomys calamianensis was also captured with a baited cage trap. Aonyx cinereus is listed as Vulnerable in the International Union for Conservation of Nature Red List of Threatened Species; Prionailurus bengalensis heaneyi and Sus ahoenobarbus, are listed as Vulnerable under the Department of Environmental and Natural Resources' 2017 National List of Threatened Philippine Fauna and their Categories. The results revealed this area is an important habitat for threatened and poorly studied species of mammals, most of which are imperiled by individual threats and habitat loss.",,Wright et al,WOS:000440388800006,"[""Biological resource use"", ""Natural system modifications""]","[""Hunting & Collecting Terrestrial Animals""]"
Identification of novel haplotypes and interpretation of gene flow of mitochondrial DNA control region of Eurasian otter (Lutra lutra) for the effective conservation,"The number and distribution of Eurasian otters have declined during twentieth century due to human activity and water pollution. The global conservation status of Eurasian otter is presently 'Near Threatened (NT)' and strictly protected by being listed on the international legislation and conventions. A number of studies using the mitochondrial DNA (mtDNA) control region (CR) have been conducted in order to effectively apply conservation and reintroduction programs, especially in Europe. However, aside from Europe, there have been few studies concerning genetic diversity and phylogeny of Eurasian otters. Therefore, in this study, we sequenced partial mtDNA CR sequences (232 bp) from five South Korean Eurasian otters and analyzed 27 otters originating from parts of northeast Asia (South Korea, China, Japan and Russia (Sakhalin)), and Europe. Out of 232 bp partial mtDNA CR sequences, 13 polymorphic sites (5.6%) were identified and 4 novel mtDNA CR haplotypes (Lut16-19) were discovered from 12 Eurasian otters originating from northeast Asian region. In this study, a comprehensive analysis of genetic diversity and population structure of Eurasian otter between Europe and northeast Asia continents were conducted. Of these, different past demographic histories in Pleistocene period might have largely impacted the genetic structure of each population differently. In addition, low degree of gene flow, isolation by distance (IBD) pattern from geographically wide distanced dataset and analysis of molecular variance (AMOVA) also represented distinct genetic characteristics of Eurasian otter between Europe and northeast Asia.",10.1292/jvms.17-0678,Wright et al,WOS:000455578200028,"[""Pollution"", ""Biological resource use"", ""Agriculture & aquaculture"", ""Transportation & service corridors""]","[""Industrial & military effluents"", ""Agricultural & forestry effluents"", ""Hunting & collecting terrestrial animals"", ""Marine & freshwater aquaculture"", ""Roads & railroads""]"
The Sustainability of Wolverine Trapping Mortality in Southern Canada,"Range declines, habitat connectivity, and trapping have created conservation concern for wolverines throughout their range in North America. Previous researchers used population models and observed estimates of survival and reproduction to infer that current trapping rates limit population growth, except perhaps in the far north where trapping rates are lower. Assessing the sustainability of trapping requires demographic and abundance data that are expensive to acquire and are therefore usually only achievable for small populations, which makes generalization risky. We surveyed wolverines over a large area of southern British Columbia and Alberta, Canada, used spatial capture-recapture models to estimate density, and calculated trapping kill rates using provincial fur harvest data. Wolverine density averaged 2 wolverines/1,000 km(2) and was positively related to spring snow cover and negatively related to road density. Observed annual trapping mortality was >8.4%/year. This level of mortality is unlikely to be sustainable except in rare cases where movement rates are high among sub-populations and sizable un-trapped refuges exist. Our results suggest wolverine trapping is not sustainable because our study area was fragmented by human and natural barriers and few large refuges existed. We recommend future wolverine trapping mortality be reduced by >= 50% throughout southern British Columbia and Alberta to promote population recovery. (c) 2019 The Authors. The Journal of Wildlife Management published by Wiley Periodicals, Inc. on behalf of The Wildlife Society.",10.1002/jwmg.21787,Wright et al,WOS:000497628900001,"[""Biological resource use"", ""Transportation & service corridors""]","[""Hunting & Collecting Terrestrial Animals"", ""Roads & railroads""]"
Dynamic threats of nighttime light-represented human activities to giant pandas and their habitat,"Human activities are one of the main factors threatening the long-term survival of wild giant pandas. Long-term and large-scale human activities can be quickly assessed by night light remote sensing data, which has been more and more widely used. In this paper, we analyzed the spatial patterns of nighttime light intensity and their dynamic changes from 2000 to 2020 in the entire giant panda distribution area using long-term nighttime light remote sensing data, and evaluated the dynamic threats of nighttime light-represented human activities to giant panda populations by proximity of light source and its intensity. We also assessed the relationships between the nighttime light dynamics and the trends of habitat fragmentation. Results showed that the intensity and range of the nighttime light around panda habitat had increased significantly from 2000 to 2020. The nighttime light intensity inside the natural reserves is significantly lower than outside, and it becomes more obvious over time. The intensity and range of nighttime light inside the natural reserves first increased and then decreased during the two decades, indicating that the protection inside the natural reserves effectively reversed the rapid increase in human activities in the previous decade. From 2000 to 2020, nighttime light sources became closer to local panda populations. In particular, they approached the pandas in the first decade, and stayed away in the second decade. This is mainly reflected in the weakened threats of nighttime light-represented human activities on the core large populations of the Qinling, Minshan and Qionglai Mountains from 2010 to 2020, but the threats on the peripheral populations continued to strengthen, where nighttime light became not only closer but also more intensified. The increase in nighttime light intensity and range were also significantly positively correlated with the increase in habitat fragmentation, especially during 2000-2010. Our study reveals the dynamic changes of nighttime light-represented human activities' threats to wild giant panda and its habitat, gives advices for effectively protecting giant pandas and their habitats from human activities, and has implications for the assessment of human activities' threats to other species in the world.",10.3389/fenvs.2022.1094406,Pulido-Chadid et al,WOS:000905345300001,"[""Biological resource use"", ""Pollution"", ""Natural system modifications""]","[""Hunting & collecting terrestrial animals"", ""Logging & wood harvesting"", ""Fire & fire suppression""]"
Economic values of threatened mammals in Britain: A case study of the otter Lutra lutra and the water vole Arvicola terrestris,"We investigated the relative economic values of the otter Lutra lutra and the water vole Arvicola terrestris, two species that occupy similar habitats and face common threats of habitat change, habitat fragmentation and pollution. Willingness to pay for conservation was estimated using the contingent valuation method. Data were collected by a telephone survey using a referendum based on willingness to pay a specified amount as a single addition to tax. The most influential variables in determining respondents' willingness to pay were their age, the specified tax amount, whether they were aware of the threats to that specific species, whether they were a member of a conservation organisation and whether they walked frequently in the countryside. Mean willingness to pay values obtained were pound 11.91 for the otter, pound 7.44 for the water vole, and pound 10.92 for both species together. Aggregated over the survey population of North Yorkshire, these results equate to pound 6.4 million, pound 4.0 million and pound 5.8 million, respectively. These figures are well in excess of the calculated present values for the UK action plans for the otter and the water vole (pound 0.8 million and pound 1.0 million, respectively). The results demonstrate strong public support for mammal conservation, in particular for high profile 'flagship' species, and suggest that public profile may be as important as rarity or the degree of threat in determining a species' relative economic value. (C) 1997 Published by Elsevier Science Ltd.",10.1016/S0006-3207(97)00036-0,Wright et al,WOS:A1997XW04000011,"[""Pollution"", ""Biological resource use"", ""Natural system modifications""]","[""Hunting & collecting terrestrial animals""]"
Bayesian clustering techniques and progressive partitioning to identify population structuring within a recovering otter population in the UK,"1. After a major decline, the UK otter Lutra lutra population is now recovering in its known strongholds (northern England, Wales and Borders and southwest England) and also in central England where the population had become small, fragmented and was reinforced with captive bred individuals. Bayesian clustering and GIS are used here to identify the genetic structure of the UK otter population and to assess expansion from strongholds and the contribution of introduced otters. Large carnivores have recently started to recolonize landscapes where they were formerly absent, especially in developed countries and understanding the expansion of these populations is essential for informing conservation management, linking fragmented populations and re-establishing gene flow. 2. Three Bayesian clustering techniques were used (STRUCTURE, GENELAND SPATIAL and BAPS4 SPATIAL) to estimate the number of otter populations (K). A novel progressive partitioning approach was tested to identify genetic substructuring at various hierarchical levels using successive partitions at K = 2. 3. Four regional populations were identified that reflect known population history. Isolated populations in southwest England and in Wales and its borders showed the lowest levels of genetic diversity. Higher diversity and private alleles in northern and central England reflect the proximity to genetically diverse Scottish populations and the positive effect of reintroductions. 4. Progressive partitioning was used to produce a more detailed analysis, by allowing comparison and combination of clusters identified by different techniques and by avoiding the subjective estimation and choice of K. 5. Synthesis and applications. Although the otter population is increasing, our data show little sign of population expansion from the stronghold regions into central England, instead reflecting the success of population reinforcement in this area. Our progressive partitioning approach allows the identification of fine-scale substructure (11 groups) that enables the prioritization of management effort including identifying barriers to dispersal within and between populations and monitoring of introduced individuals.",10.1111/j.1365-2664.2011.02028.x,Wright et al,WOS:000295095100016,"[""Natural system modifications"", ""Biological resource use"", ""Pollution""]","[""Hunting & collecting terrestrial animals""]"
"Density of Fishers and the Efficacy of Relative Abundance Indices and Small-Scale Occupancy Estimation to Detect a Population Decline on the Hoopa Valley Indian Reservation, California","We used a mark-resight design to calculate density estimates of fisher (Martes pennanti), a candidate for listing under the United States Endangered Species Act, on the Hoopa Valley Indian Reservation in northwestern California, USA in order to determine population status in 1998 and 2005. Our density estimation results and simultaneous population-monitoring data provided a post hoc opportunity to evaluate the relative efficacy of 3 classical indexing techniques (catch-per-unit-effort, frequency of detection at camera stations, and frequency of detection at track-plate stations) and small-scale occupancy estimation to accurately detect population change. We calculated densities (and 95% CI) of 52 (43-64) and 14 (13-16) fishers/100 km(2) in 1998 and 2005, respectively. We detected a decline in the relative abundance of fishers between 1998 and 2005 using catch-per-unit-effort indices (chi(2) >= 10.18, P <= 0.007), but not in magnitude similar to our density estimates. We detected an increase (chi(2) = 4.23, P = 0.040) and no difference (chi(2) = 1.38, P = 0.240) in the relative abundance of fishers between surveys using frequency of detection indices at camera stations and at track-plate stations, respectively. Occupancy estimates did not differ between 1998 and 2005. We speculate changes in prey habitat, increases in predation, disease, or some combination of these potential causes, were responsible for the population decline. Our results reinforce the importance of careful thought given to the study goals and potential limitations of any technique. For populations deemed valuable (e.g., at risk or sensitive), we suggest managers consider adopting more defensible, large-scale occupancy estimation or mark-recapture methods to monitor changes in population sizes. (C) 2011 The Wildlife Society.",10.1002/wsb.19,Wright et al,WOS:000209332700005,"[""Natural system modifications"", ""Invasive & other problematic species, genes & diseases""]","[""Fire & fire suppression"", ""Viral/prion-induced diseases""]"
PAST AND PRESENT DISTRIBUTION OF BADGERS MELES-MELES IN THE COPENHAGEN AREA,"Two surveys of badgers Meles meles in the Copenhagen area, one in 1973-75 and one in 1983-85, are presented. The data suggest a 33% decrease in the number of badgers in that 10-year period. Possible reasons for this drop in population size are discussed. Human disturbance seems to play a major role and depletion of habitat only a minor role. The Danish game bag records demonstrate a halving of the number of badgersshot during the last 30 years. Among other things, this probably reflects some decline of the badger population also outside the metropolitan area. It is suggested that the causes for the decline observed within the Copenhagen area might well be contributing to a decline in badgers in the rest of the country.",10.1016/0006-3207(87)90099-1,Wright et al,WOS:A1987J602100001,"[""Biological resource use"", ""Human intrusions & disturbance""]","[""Logging & Wood Harvesting"", ""Work & other activities"", ""Recreational activities""]"
Carnivores as focal species for conservation planning in the Rocky Mountain region,"Viability analysis of well-selected focal species can complement ecosystem-level conservation planning by revealing thresholds in habitat area and landscape connectivity. Mammalian carnivores are good candidates for focal species because their distributional patterns often strongly reflect regional-scale population processes. We incorporated focal species analysis of four carnivore species, fisher (Martes pennanti), lynx (Lynx canadensis), wolverine (Gulo gulo), and grizzly bear (Ursus arctos), into a regional conservation plan for the Rocky Mountains of the United States and Canada. We developed empirical habitat models for fisher, lynx, and wolverine based on a geographically extensive data set of trapping and sighting records. Predictor variables derived directly from satellite imagery were significantly correlated with carnivore distribution and allowed us to predict distribution in areas lacking detailed vegetation data. Although we lacked similar distributional data for grizzly bear, we predicted bear habitat by adapting and extrapolating previously published, regional-scale habitat models. Predicted habitat for grizzly bear has high overlap with that for wolverine, intermediate overlap with fisher, and low overlap with lynx. High-quality habitats for fisher and lynx, unlike those for wolverine and grizzly bear, are not strongly associated with low levels of human population and roads. Nevertheless, they are naturally fragmented by topography and vegetation gradients and are poorly represented in existing protected areas. Areas with high biological productivity and low human impact are valuable habitat for all four species but are limited in extent. Predicted habitat values for lynx and wolverine are significantly correlated with trapping data from an area outside the extent of the original data set. This supports the use of empirical distribution models as the initial stage in a regional-scale monitoring program. Our results suggest that a comprehensive conservation strategy for carnivores in the region must consider the needs of several species, rather than a single, presumed umbrella species. Coordinated planning across multiple ownerships is necessary to prevent further fragmentation of carnivore habitat, especially in the U.S.-Canada border region.",10.2307/3061005,Wright et al,WOS:000170209200003,"[""Biological resource use"", ""Transportation & service corridors"", ""Residential & commercial development""]","[""Hunting & Collecting Terrestrial Animals"", ""Logging & Wood Harvesting"", ""Roads & railroads"", ""Housing & urban areas""]"
Relating Country-Level Governance and Tree Cover Loss in Sub-Saharan African Protected Areas: Identifying Knowledge Gaps and a More Nuanced Perspective,"'Good governance' is highlighted by many as being essential for improving protected area (PA) management and conservation outcomes, with a growing body of evidence based on site-level governance data. Yet how exactly governance at other levels supports or hinders successful PA implementation, and how this should be considered in conservation planning and practice, remains insufficiently understood. We conducted an exploratory analysis of the relationship between the quality of country-level governance and trends in tree cover loss within sub-Saharan African PAs. For the period 2008-2017, we correlated annual governance scores from the Ibrahim Index of African Governance (IIAG) with the annual rate of tree cover loss in the total terrestrial area of PAs in 33 forested sub-Saharan African countries. Overall governance was not correlated with tree cover loss in a simple model, but there was evidence that overall governance was positively correlated with tree cover loss in PAs when the interaction with environmental governance was included. The interaction indicated that the rate of tree cover loss decreased for a given level of overall governance as environmental governance increased. Human development was negatively correlated with forest loss. Thus, the relationship between country-level 'good governance' and conservation success is more complex than a direct and positive cause and effect. Yet, uncertainty remains about the many possible and likely confounding pathways: whilst the quality of overall governance may be mirrored at the site-level, it may also contribute to increased anthropogenic pressures on natural resources. Through this research we found significant limitations in data quality and availability both to evaluate the effectiveness of protection beyond tree cover, as well as less conventional governance aspects, such as environmental policy and regulation or site-level governance. With an expected increase in area-based protection and conservation financing in the coming decades, such data will be vital to monitor the effectiveness of our efforts and ensure financial accountability.",10.3389/ffgc.2022.807214,Pulido-Chadid et al,WOS:000765705600001,"[""Residential & commercial development"", ""Agriculture & aquaculture"", ""Biological resource use""]","[""Logging & wood harvesting""]"
Challenges to reestablishment of free-ranging populations of black-footed ferrets,"The black-footed ferret (Mustela nigripes) of North America is critically endangered due in part to its extreme specialization on formerly stable and abundant prairie dogs (Cynomys). Its close relative, the Siberian polecat (M. eversmannii) seems to have been subjected to a varying environment that was not conducive to specialization. One source of environmental variation in Asian steppes was plague (caused by Yersina pestis), which was absent from North America. Introduction of plague to North America presents serious challenges to ferret recovery. Partial solutions to other biological and political problems have been found, resulting in improved production in captivity, increased survival post-release, and thriving populations in plague-free South Dakota. (C) 2003 Academie des sciences. Published by Editions scientifiques et medicales Elsevier SAS. All rights reserved.",10.1016/S1631-0691(03)00046-5,Wright et al,WOS:000185745900018,"[""Biological resource use"", ""Agriculture & aquaculture"", ""Invasive & other problematic species, genes & diseases""]","[""Hunting & Collecting Terrestrial Animals"", ""Annual & perennial non-timber crops"", ""Livestock farming & ranching"", ""Invasive non-native/alien species/diseases""]"
"Foraging plasticity in a highly specialized carnivore, the endangered black-footed ferret","The extirpation of black-footed ferrets (Mustela nigripes) from the wild resulted from the rangewide decline of prairie dogs (Cynomys spp.) brought about by poisoning campaigns, the arrival of an exotic disease, and habitat loss. It is widely accepted that ferrets are an obligate, near monophagous, dietary specialist of prairie dogs and that high-density prairie dog colonies are necessary for effective recovery. To test the extent to which ferrets are dietary specialists, we measured the stable isotopic values of 321 ferrets of known age and sex as well as of their potential prey (e.g., prairie dogs, mice, ground squirrels, and rabbits). Our results confirmed that prairie dogs are the most common diet item for ferrets, although ferrets possessed greater foraging plasticity than previously reported, consuming substantial quantities of other species. The degree to which ferrets were specialized on prairie dogs differed between age-sex groups. Adult male and juvenile ferrets had equivalent diets, with prairie dogs constituting nearly 75% of their assimilated diet. In contrast, adult females obtained over one third of their diet from other species, notably mice. However, female ferrets appeared to have provisioned prairie dogs to their dependent offspring. Conservation of ferrets, one of North America's most endangered mammals, will require prairie dogs, not just as prey, but also for the prey-rich habitat that their colonies provide.(C) 2013 Elsevier Ltd. All rights reserved.",10.1016/j.biocon.2013.10.010,Wright et al,WOS:000333574400001,"[""Invasive & other problematic species, genes & diseases"", ""Agriculture & aquaculture""]","[""Problematic native species/diseases"", ""Annual & perennial non-timber crops"", ""Livestock farming & ranching""]"
Conservation activities for the Eurasian otter (Lutra lutra) in South Korea traced from newspapers during 1962-2010,"Within its wide range, populations of the Eurasian otter (Lutra lutra) have declined, mostly in Europe, and have only begun to re-establish after effective regulation of persistent organic pollutants in their habitat. In South Korea, otter populations have also recovered in response to improved environmental conditions and conservation programmes. Scientific research and public awareness have both facilitated conservation efforts to restore otter populations in South Korea, but how changing public attitudes to conservation have contributed to otter recovery is unknown. Because historic newspaper articles can reveal such changes, we categorised the 5168 newspaper articles about otters from 1962 to 2010 into five topics (occurrence, ecotourism, conflict, research, and restoration) and geo-tagged any otter locations mentioned to a 15 x 15 km grid to compare with the otter distribution established by five scientific surveys. Since 2000, the number of newspaper articles about conflicts between otters and urban development, and the roles of otters in encouraging eco-tourism have increased significantly. About 12% of grid squares with otters were reported only in newspaper articles, mostly in urban areas, which were under-represented in the scientific surveys that focused more on forested areas. The increase over time in the otter occurrence rate reported in urban areas suggests that high citizen interest in occurrence could be basis for understanding the ecological importance of human-carnivore coexistence. As for understanding importance of conservation, otters are a good example of a resource for establishing conservation strategies and citizen education for effective conservation. (C) 2017 Elsevier Ltd. All rights reserved.",10.1016/j.biocon.2017.03.010,Wright et al,WOS:000405881600018,"[""Pollution"", ""Biological resource use""]","[""Industrial & military effluents"", ""Agricultural & forestry effluents"", ""Hunting & collecting terrestrial animals""]"
Estimating distribution and connectivity of recolonizing American marten in the northeastern United States using expert elicitation techniques,"The American marten Martes americana is a species of conservation concern in the northeastern United States due to widespread declines from over-harvesting and habitat loss. Little information exists on current marten distribution and how landscape characteristics shape patterns of occupancy across the region, which could help develop effective recovery strategies. The rarity of marten and lack of historical distribution records are also problematic for region-wide conservation planning. Expert opinion can provide a source of information for estimating species-landscape relationships and is especially useful when empirical data are sparse. We created a survey to elicit expert opinion and build a model that describes marten occupancy in the northeastern United States as a function of landscape conditions. We elicited opinions from 18 marten experts that included wildlife managers, trappers and researchers. Each expert estimated occupancy probability at 30 sites in their geographic region of expertise. We, then, fit the response data with a set of 58 models that incorporated the effects of covariates related to forest characteristics, climate, anthropogenic impacts and competition at two spatial scales (1.5 and 5 km radii), and used model selection techniques to determine the best model in the set. Three top models had strong empirical support, which we model averaged based on AIC weights. The final model included effects of five covariates at the 5-km scale: percent canopy cover (positive), percent spruce-fir land cover (positive), winter temperature (negative), elevation (positive) and road density (negative). A receiver operating characteristic curve indicated that the model performed well based on recent occurrence records. We mapped distribution across the region and used circuit theory to estimate movement corridors between isolated core populations. The results demonstrate the effectiveness of expert-opinion data at modeling occupancy for rare species and provide tools for planning marten recovery in the northeastern United States.",10.1111/acv.12417,Wright et al,WOS:000453700100008,"[""Biological resource use"", ""Transportation & service corridors"", ""Climate change & severe weather""]","[""Hunting & Collecting Terrestrial Animals"", ""Logging & Wood Harvesting"", ""Roads & railroads"", ""Habitat shifting & alteration""]"
Inferring geographic isolation of wolverines in California using historical DNA,"Delineating a species' geographic range using the spatial distribution of museum specimens or even contemporary detection-non-detection data can be difficult. This is particularly true at the periphery of a species range where species' distributions are often disjunct. Wolverines (Gulo gulo) are wide-ranging mammals with discontinuous and potentially isolated populations at the periphery of their range. One potentially disjunct population occurred in the Sierra Nevada Mountains, California, USA, and appears to have been extirpated by the 1930s. Many early 20th century naturalists believed that this population was connected to other populations occurring in the Cascade Range of northern California, Oregon, and Washington, USA, but a recent analysis of historical records suggests that California wolverines were isolated from other populations in North America. We used DNA extracted from museum specimens to examine whether California wolverines were isolated. Both nuclear and mitochondrial DNA data indicate that California wolverines were genetically distinct from extant populations, suggesting long-term isolation. We identified 2 new control region (mitochondrial DNA) haplotypes located only within California. We used these data and referenced sequences from the Rocky Mountains, USA, to make inferences regarding potential wolverine translocations into California. In addition, we used these genetic data to make inferences about wolverine conservation throughout western North America.",10.2193/2007-026,Wright et al,WOS:000249351100010,"[""Biological resource use"", ""Climate change & severe weather""]","[""Habitat shifting & alteration""]"
Experimental design and taxonomic scope of fragmentation studies on European mammals: current status and future priorities,"Habitat loss, habitat fragmentation and habitat degradation are the greatest threats to mammals in Europe and the rest of the world. Despite the fact that extensive literature exists, no comprehensive review or synthesis is available to date and this may slow down scientific progress and hamper conservation efforts. The goal of this study is to understand if and in what direction progress has been made in the study of the effects of habitat loss and fragmentation on the spatial distribution of European terrestrial mammals. Firstly, we carry out a general synthesis which is structured around 11 key points. The aim of this point-by-point analysis is to identify trends, knowledge gaps and any significant bias in the available literature, and to highlight strengths and shortfalls of the different approaches which have to date been applied. Secondly, we follow a species-specific systematic approach: for each species, we synthesise key results. Our results show how substantial progress has been hampered for several reasons including: a large predominance of small-scale field studies of short duration, and a generalised lack of control of: (i) confounding variables; (ii) spatial autocorrelation; and (iii) false absences. Also, despite the relatively high number of studies, few were theoretical studies and even fewer were meta-analyses. The lack of meta-analyses is likely to be due to the small amount of crucial details included in the publications, such as model parameters or information on the landscape context (such as the amount of residual forest cover). We synthesise the main results for 14 species. The level of progress is highly variable: for some species, such as the red squirrel Sciurus vulgaris, a series of long-term, large-scale process-oriented studies has allowed an in-depth understanding of its ecology in fragmented landscapes. On the other hand, with other species such as the bank vole Myodes glareolus, despite a relatively large number of field studies, little progress has been made.",10.1111/j.1365-2907.2009.00157.x,Wright et al,WOS:000275762100002,"[""Agriculture & aquaculture""]","[""Annual & perennial non-timber crops"", ""Livestock farming & ranching""]"
"Movement patterns, habitat selection, and corridor use of a typical woodland-dweller species, the European pine marten (Martes martes), in fragmented landscape","Woodland fragmentation through land consolidation practices (the merging of small fields by the removal of separating structures like hedgerows) is recognised as a major threat to biodiversity in Europe. While its impact on the occurrence of species has frequently been the object of focus, its impact on the movements of individuals has rarely been studied. We used paths of radio-tracked European pine martens (Martes martes (L., 1758)), a forest-dwelling species, with fixes taken at 3 min intervals to determine their habitat use in fragmented landscape. Our results differ from those generally reported in the literature. Monitored individuals were not confined to large forests, and made additional use of small wood plots and hedgerows. Indeed, individuals moved faster in forests than in all other habitat types, which suggests that martens preferentially foraged in small woods, edges, and hedgerows. Roads and buildings were not avoided; fields, however, were avoided, although they did not act as barriers. Martens stayed close to forest cover when venturing into open ground, which suggests that although not restricted to forests, pine martens exhibit a certain dependence on the presence of trees in the vicinity.",10.1139/Z08-076,Wright et al,WOS:000259833500006,"[""Agriculture & aquaculture""]","[""Annual & perennial non-timber crops"", ""Livestock farming & ranching""]"
"THE STATUS OF 2 ENDANGERED CARNIVORES OCCURRING IN THE CAPE-PROVINCE, SOUTH-AFRICA, FELIS-SERVAL AND LUTRA-MACULICOLLIS","Following a survey of carnivores occurring in Cape Province, in addition to the large carnivores, 2 smaller species were also endangered. The serval F. serval is now considered to be extinct as a viable species in the Province, but, reintroductions could be successful. Populations of the spotted-necked otter L. maculicollis still occur in the Bushman''s, Buffalo and Keiskamma Rivers and in the vicinity of the headwaters of the Orange River system. No positive evidence was obtained to show that they occur in any system west of 26.degree. East in the Cape Province. Other than trying to retain suitable water quality in these rivers, little can be done to improve the conservation position of this otter.",10.1016/0006-3207(85)90024-2,Wright et al,WOS:A1985AKR1900006,"[""Agriculture & aquaculture""]","[""Annual & perennial non-timber crops""]"
Linking habitat characteristics with genetic diversity of the European pine marten (Martes martes) in France,"Although typically considered as a forest specialist species, the European pine marten (Martes martes) is an example of a number of species that have recently been found to also live in fragmented landscapes. Considering that habitat fragmentation and loss is a major threat to the persistence of mammal species in such landscapes, we investigated the association between habitat characteristics and genetic diversity across four pine marten populations occupying contrasting landscapes in France with different degrees of forest availability and fragmentation. Bayesian and multivariate clustering methods evidenced the presence of three genetic clusters and isolation by distance between populations was found at the national scale. We found an overall moderate level of genetic variability, but no evidence of a bottleneck or deficit in heterozygosity in any of the populations. No pattern of isolation by distance was found within the populations, except in the one located in the Pyrenean Mountains which appeared partly isolated from other continental populations and also showed a lower level of genetic diversity. No obvious association between the pattern of genetic variability and the pattern of forested habitat characteristics was found. We discuss the possibility that pine martens show greater behavioural plasticity than typically expected allowing them to adapt to different habitat types.",10.1007/s10344-012-0634-2,Wright et al,WOS:000311498000003,"[""Agriculture & aquaculture""]","[""Annual & perennial non-timber crops"", ""Livestock farming & ranching""]"
Defining key habitats for low density populations of Eurasian badgers in Mediterranean environments,"Populations of Eurasian badgers (Meles meles) living in Mediterranean ecosystems are of conservation concern. Deciduous forests are considered the main habitats of these badger populations in mountains, but key habitats for badgers have not been distinguished in Mediterranean lowlands. We provide a quantitative analysis of the overall habitat selection and preferences of Eurasian badgers in a Mediterranean area (Donana, SW Spain). Data on 17 radiomarked animals in a rabbit-based population and three animals from another population with no single staple food were analysed by compositional analysis for determining selection and preference order, and Jacobs' index for absolute preference/avoidance. Results indicate that, in the rabbit-based area, badgers preferred well-preserved Mediterranean scrubland at every level of the analysis. In the area where badgers had no staple food there was no clear pattern. Rabbit abundance explained a significant amount of variance of the Jacobs' index in the rabbit-based area at all levels of the analysis. It is concluded that badgers are selecting those habitat types which hold key resources, such us food or shelter. Thus, not only deciduous forest and associated pastures, but also scrubland holding healthy rabbit populations are key habitats for Mediterranean badgers living in the Iberian peninsula. (C) 2000 Elsevier Science Ltd. All rights reserved.",10.1016/S0006-3207(00)00043-4,Wright et al,WOS:000088235500005,"[""Agriculture & aquaculture""]","[""Annual & perennial non-timber crops"", ""Livestock farming & ranching""]"
Home range and movements of long-tailed weasels in a landscape fragmented by agriculture,"Quantitative assessments of home-range dynamics and movements of long-tailed weasels (Mustela frenata) are lacking, in spite of the importance of these data to understanding how habitat fragmentation influences behavior, ecology, and interspecific interactions. During autumn to late winter 1998-2000, we monitored 11 long-tailed weasels (7 male, 4 female) via radiotelemetry to examine home-range dynamics and movement rates in an Indiana landscape fragmented by agriculture. Mean (+/- SE) 95% adaptive kernel contour area for adult females and adult males was 51.8 +/- 8.1 ha and 180.3 +/- 60.3 ha, respectively, and differed significantly. Hourly rate of movement for male long-tailed weasels (130.5 +/- 12.7 m) was greater than that of females (79.2 +/- 13.5 m). Weasels demonstrated greater hourly rates of movement during the fallow season (138.2 +/- 12.8 m) compared with the preharvest season (63.0 +/- 11.2 m). Mean hourly rates of movement were lower in corridors, forest patches, and grassland patches compared to crop fields. Mean hourly rate of movement was positively related with home-range size (P < 0.001) with the greatest rates of movement in the largest home ranges. Mean hourly rate of movement varied inversely with prey biomass (P = 0.07). Our results are consistent with the notion that long-tailed weasels may be sensitive to agriculturally induced fragmentation of habitat and the importance of maintaining landscape connectivity for species conservation.",10.1644/1545-1542(2004)085<0079:HRAMOL>2.0.CO;2,Wright et al,WOS:000220140300014,"[""Agriculture & aquaculture""]","[""Annual & perennial non-timber crops"", ""Livestock farming & ranching""]"
Key landscape factors for Eurasian otter Lutra lutra visiting rates and fish loss in estuarine fish farms,"Conflicts between the conservation of large vertebrates and the use of biological resources are common and affect many species and activities. The vast majority of the Portuguese fish farms are located in estuarine protected areas and production of marine fish species is done mostly in semi-intensive regimes and with the imposition of some restrictive rules. This exposed form of production is prone to predation by wild animals. The Eurasian otter Lutra lutra is widely distributed in Portugal and this combination of factors has led to a conflict scenario between fish farming and the conservation of otters. This study aimed to determine the influence of landscape factors in otter damages in fish farms of Sado estuary (SW Portugal) and the usefulness of visiting rates and otter diet as surrogates for damage assessment. The impact of otter predation (damage) in each fish farm was assessed by combining the percentage of consumption of reared species with otter daily food consumption, daily visitation rates, and number of otters visiting each fish farm. Landscape descriptors were recorded in the field and several landscape metrics were calculated using a geographic information system. Multiple linear regressions were used to identify key landscape factors for damage and for damage surrogates. Distance to streams and refuge cover areas were identified as key landscape features to damages. This information can be used as a management tool in landscape planning, specifically in estuaries with fish-farming activity, as high-risk farms can be identified and selectively protected.",10.1007/s10344-009-0250-y,Wright et al,WOS:000268309900004,"[""Agriculture & aquaculture""]","[""Marine & freshwater aquaculture""]"
"Body size, niche breadth, and ecologically scaled responses to habitat fragmentation: mammalian predators in an agricultural landscape","The ability to make a priori assessments of a species' response to fragmentation, based on its distribution in the landscape, would serve as a valuable conservation and management tool. During 1997-1999, we monitored 717 scent stations to examine seasonal use of forest patches, corridors, and crop fields by coyotes (Canis latrans), domestic cats (Felis catus), foxes (Vulpes vulpes and Urocyon cinereoargenteus), raccoons (Procyon lotor), striped skunks (Mephitis mephitis), opossums (Didelphis virginiana), and long-tailed weasels (Mustela frenata). For each species we developed landscape-based ecologically scaled landscape indices (ELSI), and we modeled species spatial distribution across three spatial scales (landscape-level, element-level, and local habitat-level). Our results suggest that these predators view landscape fragmentation at different spatial scales and demonstrate strong interspecific differences in their response to elements of the landscape. All species except coyotes and domestic cats avoided agricultural fields. In general, predator species that were more mobile (i.e. high ESLI for landscape connectivity; coyotes) were characterized by landscape- and element-based logistic models. In contrast, models including local habitat features generally were most appropriate for less mobile or more stenophagous predators (e.g. long-tailed weasels). Our analysis extends the application of the ESLI concept to species assemblages that do not appear to function as metapopulations, and it highlights the importance of examining spatial scale and species-specific responses to habitat fragmentation. We discuss the relevance of these findings for defining ecological landscapes, understanding predator-prey interactions at multiple spatial scales, and conserving predator and prey populations in fragmented landscapes. (C) 2002 Elsevier Science Ltd. All rights reserved.",10.1016/S0006-3207(02)00156-8,Wright et al,WOS:000179101100013,"[""Agriculture & aquaculture""]","[""Annual & perennial non-timber crops"", ""Livestock farming & ranching""]"
Habitat selection of European badger Meles meles in a highly fragmented forest landscape in northern Italy: the importance of hedgerows and agro-forestry systems,"The European badger is a common and widespread species considered as a least-concern species by the IUCN. However, there are still many threats for its conservation, especially in areas where the original landscape has been highly modified by humans. The aim of this study was to define the habitat selection criteria of the European badger in a highly modified lowland area in northern Italy, with particular attention to the role that hedgerows and agro-forestry systems could have for this species. The study area is a typical lowland cultivated landscape, where small forest remnants are scattered within an agricultural matrix mainly characterized by intensive cereal crops and areas devoted to agro-forestry. Data collection followed a stratified random sampling design and consisted of detecting the presence of the species within 62 2-km cells. Presence signs were spotted along linear transect from April to September 2014. We investigated the association between species presence/abundance and the environmental variables measured within each cell by means of resource selection probability functions using GLMs. In our study area the European badger significantly depended on broadleaved forests, but the species also selected traditional poplar plantations, short rotation forestry, reforestations, and hedgerows. Conversely, the species avoided meadows with shrubs and trees and areas with scarce or absent vegetation. In conclusion, the European badger seemed to benefit from agricultural landscape elements, such as agro-forestry systems and hedgerows, which probably serve as forest surrogates for this species, both in providing food resources and suitable sett locations.",10.4404/hystrix-00005-2017,Wright et al,WOS:000450046400009,"[""Agriculture & aquaculture""]","[""Livestock farming & ranching""]"
"Effects of agro-forestry activities, cattle-raising practices and food-related factors in badger sett location and use in Portugal","Mediterranean landscapes in Europe are characterized by a mixed matrix of agriculture, agro-forestry or cattle-farming areas, which have influenced native communities for centuries. Recently, new changes were imposed on these agro-forestry landscapes due to novel management options that provide new challenges for wildlife. From a conservation perspective, there is an urgent need to assess what are the impacts and ecological responses of local wildlife populations to those changes. In the present study, we assessed the influence of human-caused disturbances (e.g. agroforestry practices, cattle-breeding activities and game management), together with food/water and landscape-related factors, on sett site selection by European badgers. We also tested the role of these factors, together with climatic variability, on sett use. We detected that areas further away from water sources, but close to game species feeding structures, have a higher probability of hosting a European badger sett. Moreover, sett use was promoted by low disturbance: setts with lower cattle presence and without understory removal activities were more often in use. Thus, our study shows that, in our study area, agro-forestry and cattle breeding activities constrain badger sett use, while food and water availability influence their distribution. Although badgers have been adapting to anthropogenic activities for centuries, they respond differently depending on the type and intensity of management. Thus, to ensure biodiversity persistence and sustainable human exploitation of the landscape, we need to identify trade-offs between wildlife ecological adaptations and anthropogenic agriculture, forestry and cattle production. (C) 2015 Deutsche Gesellschaft fur Saugetierkunde. Published by Elsevier GmbH. All rights reserved.",10.1016/j.mambio.2015.11.005,Wright et al,WOS:000372379500011,"[""Agriculture & aquaculture""]","[""Annual & perennial non-timber crops"", ""Livestock farming & ranching""]"
Small-clawed otters (Aonyx cinereus) in Indonesian rice fields: latrine site characteristics and visitation frequency,"Latrine sites, or areas where otters scent-mark and deposit feces, are a habitat feature that serve an important role in communication for many otter species. The small-clawed otter (Aonyx cinereus) inhabits both natural and rice field landscapes in Southeast Asia. However, latrine site use by small-clawed otters in rice field landscapes is largely unknown. Based on a 53-week field survey and landscape analyses, we investigated latrine site use by small-clawed otters in rice field landscapes in West Sumatra, Indonesia. Using land use and/or local environmental variables as predictors, we performed generalized linear model analyses to explain the spatial patterns of latrine site occurrence and otter visitation frequency to latrine sites. We determined that small-clawed otters use some latrine sites repeatedly over time; 10 latrine sites were still in use more than 7 years after their initial discovery. Generalized linear model analyses revealed that an intermediate number of rice field huts was the single most important predictor of latrine site occurrence, whereas distance to the nearest settlement, distance to the river, and mean water depth of the rice field adjacent to the latrine site were important predictors of otter visitation frequency to latrine sites. These results indicate that the latrine site preferences of small-clawed otters in rice field landscapes are strongly associated with intermediate levels of rice farming activities. Indonesian rice fields are being degraded or disappearing at an accelerated rate because of land conversion and modernization of agriculture. We emphasize an urgent need for design and implementation of otter-friendly rice farming to conserve small-clawed otters.",10.1007/s11284-017-1496-6,Wright et al,WOS:000415248500015,"[""Agriculture & aquaculture""]","[""Marine & freshwater aquaculture""]"
Impact of Population Expansion on Genetic Diversity and Structure of River Otters (Lontra canadensis) in Central North America,"Populations of North American river otters (Lontra canadensis) declined throughout large portions of the continent during the early 1900s due to habitat degradation and unregulated trapping. River otters had been extirpated in North Dakota (ND), but the Red River Valley has since been recolonized, with potential source populations including the neighboring states of Minnesota or South Dakota, or the Canadian province of Manitoba (MB). We genotyped 9 microsatellite loci in 121 samples to determine the source population of river otters in the Red River Valley of ND, as well as to assess population structure and diversity of river otters in central North America. Overall, genetic diversity was high, with an average observed heterozygosity of 0.58. Genetic differentiation was low (F-ST < 0.05) between river otters in ND and those of Minnesota, suggesting that eastern ND was recolonized by river otters from Minnesota. River otters from MB were genetically distinct from all other sampled populations. Low genetic differentiation (F-ST 0.044) between South Dakota and Louisiana (LA) suggested that reintroductions using LA stock were successful. The genetic distinctiveness of river otters from different geographic regions should be considered when deciding on source populations for future translocations.",10.1093/jhered/est069,Wright et al,WOS:000328427800004,"[""Biological resource use""]","[""Hunting & Collecting Terrestrial Animals""]"
What determines the effectiveness of national protected area networks?,"More than 15% of global terrestrial area is under some form of protection and there is a growing impetus to increase this coverage to 30% by 2030. But not all protection is effective and the reasons some countries' protected areas (PAs) are more effective than others' are poorly understood. We evaluate the effectiveness of national PA networks established between 2000 and 2012 globally in avoiding forest loss, taking into account underlying deforestation threats using a combination of matching methods and cross-sectional regressions. We then assess which demographic, agricultural, economic, and governance factors are most strongly associated with national PA effectiveness using machine learning methods. We estimate that national PAs established between 2000 and 2012 reduced deforestation in those areas by 72%, avoiding 86 062 km(2) of forest loss. The effectiveness of national PAs varied by strictness of protection based on International Union for Conservation of Nature category. Strictly PAs reduced forest loss by 81% compared to what would have occurred without protection, while less strictly PAs reduced forest loss by 67%. Thus, the 26% of new PAs that were strictly protected contributed 39% of the total forest loss avoided within PAs between 2000 and 2012. If every country's PAs were as effective as the country with the most effective PAs within the same region, they would have increased the area of deforestation avoided by 38%, saving a further 119 082 km(2) of forest. Part of the variation in PA effectiveness across countries is explained by the placement of PA in areas facing higher deforestation threat. Countries with lower agricultural activity, higher economic growth and better governance are most strongly associated with greater country-level PA effectiveness.",10.1088/1748-9326/ac05ed,Pulido-Chadid et al,WOS:000667941300001,"[""Biological resource use""]","[""Logging & wood harvesting""]"
Genetic Effects of Sable (Martes zibellina L.) Reintroduction in Western Siberia,"In the middle of the 20th century, massive introductions of sables were performed to recover the area of this valuable fur species. In this work, genetic variation of a naturalized sable population from the Vakh River basin (Nizhnevartovskiy district, Khanty-Mansi Autonomous Okrug) was investigated. This population developed as a result of sable introduction from Cisbaikalia in 1952aEuro'1957. The naturalized sable population of the Vakh basin occupies an intermediate position between two autochthonous sable populations from the Ob River area and Cisbaikalia, as assessed by variation of five microsatellite loci. Apparently, the genetic structure of the modern sable population from the Vakh basin was formed by mixing the gene pools of the original Cisbaikalian population and the neighboring autochthonous populations from the Ob River area which recovered their numbers in a natural way. Data on genetic variation in the naturalized sable population agree with the results of previous morphological studies and can be employed for long-term monitoring of the outcome of sable introduction.",10.1134/S1022795418030079,Wright et al,WOS:000428626500011,"[""Biological resource use""]","[""Hunting & Collecting Terrestrial Animals""]"
"Distribution and occupancy of wolverines on tundra, northwestern Alaska","Understanding wildlife distribution and habitat use is needed for effectively balancing resource development, wildlife conservation, and Alaska Native subsistence on the North Slope of Alaska, USA. This region includes the National Petroleum Reserve-Alaska (NPR-A), a 96,000-km(2) remote area of largely undeveloped lands that is important for wildlife, including caribou (Rangifer tarandus), wolves (Canis lupus), and wolverines (Gulo gulo). We focused our study on spring distribution and occupancy of wolverines in the NPR-A because a baseline distribution estimate is required to understand current distribution and track changes over time. We conducted aerial surveys of wolverine tracks in snow during March and April of 2014 and 2015, surveying over 84,400 km(2) using 100-km(2) hexagonal sampling units. We used hierarchical Bayesian occupancy modeling to determine wolverine distribution and estimate probability of occupancy within each hexagon, relative to measured covariates with potential to affect either detection or occupancy. Probability of wolverine occupancy increased as well-drained soils increased, suggesting that wolverines prefer drier areas or habitat features associated with well-drained soils. In addition, as standard deviation of elevation increased, wolverine occupancy also increased, indicating that wolverines may prefer areas with more rugged and variable terrain. Mean elevation was not retained as a covariate in the best-fitting model, supporting the importance of terrain ruggedness rather than elevation on wolverine distribution within the NPR-A. Spatially, areas of highest wolverine occupancy occurred within the southern and northeastern portions of the study area, with lowest occupancy in the northern portion of the study area west of Teshekpuk Lake. Based on the spatial pattern of wolverine probability of occupancy, we proposed 4 potential wolverine management zones with varying priorities for monitoring and managing wolverine populations. (c) 2018 The Wildlife Society. We used wolverine detection data from aerial surveys of wolverine tracks in snow across our study area on the North Slope of Alaska to model wolverine occupancy in the region with respect to measured habitat covariates. We found that wolverine occupancy showed a strong spatial pattern, with higher occupancy in areas with drier soils and more rugged elevation, and proposed 4 potential wolverine management zones based on occupancy values across the region.",10.1002/jwmg.21439,Wright et al,WOS:000435816100013,"[""Biological resource use""]","[""Hunting & Collecting Terrestrial Animals""]"
The influence of public access and sett visibility on badger (Meles meles) sett disturbance and persistence,"The impact of public rights of way on badger setts was examined in the Bradford area of West Yorkshire using comparisons of 38 setts surveyed in 1985-1996 and again in 1992-1993. Badger setts were compared on the basis of whether they were still in use or not, and on the number of illegal disturbance events recorded over the study period. The number of, and distance from, public accesses did not influence sett persistence, and the least frequently disturbed setts (i.e. those with an average of one or less disturbance incidents every 2 years) were closer to a larger number of accesses. Frequency of poaching was high near to heavily disturbed setts and those no longer occupied at the later survey. Less frequently disturbed setts were associated with landowners who were unsupportive of badger conservation: it is possible that such landowners are highly protective of their land and thus incidentally reduce the frequency of poaching and other forms of disturbance. Setts in areas with formal authorized shooting were less disturbed. Setts still in use tended to be: in open habitats and visible from roads and nearby dwellings. Setts in open areas were less often disturbed than those in wooded sites. Since public access may not reduce sett persistence and may even be beneficial in an area of high wilful persecution, there are implications for the management of public access.",10.1111/j.1469-7998.1998.tb00186.x,Wright et al,WOS:000078548500019,"[""Biological resource use""]","[""Hunting & Collecting Terrestrial Animals""]"
Both forest composition and configuration influence landscape-scale habitat selection by fishers (Pekania pennanti) in mixed coniferous forests of the Northern Rocky Mountains,"Informed forest management and effective conservation planning require an understanding of how forest patterns influence wildlife species. The fisher (Pekania pennanti) is a wide-ranging, mesocarnivore species that occurs at low population densities and uses large tracts of forested lands in the western USA. Loss and fragmentation of forested habitats are considered primary threats to fisher populations, however, these factors influence two different components of landscape pattern: composition and configuration. We used data from 18 fishers fitted with Argos satellite transmitter collars to evaluate habitat selection at the landscape scale (i.e., 50-100 km(2)) in north-central Idaho. We developed a set of a priori models about how fishers might respond to forest pattern and tested the hypothesis that both forest composition and configuration influence habitat selection by fishers at broad spatial scales. Model selection results indicated that a model incorporating metrics of both forest configuration and forest composition performed significantly better those that with either alone. Fishers selected landscapes for home ranges with larger, more contiguous patches of mature forest and reduced amounts of open areas. Landscapes that had >= 50% mature forest arranged in connected, complex shapes with few isolated patches, and open areas comprising <= 5% of the landscape characterized a forest pattern selected by fishers in our study. To evaluate how well different forest management histories in our study region might provide habitat for fishers, we compared metrics of forest composition and configuration within fisher home ranges with metrics from forests managed under three distinct management histories. Landscapes managed primarily for timber production and lands managed as roadless/wilderness had significantly more open areas, less mature forest, and reduced proximity of mature forest patches than occupied fisher home ranges. These results can be used to facilitate effective conservation of fishers through informed forest management planning. (C) 2013 Elsevier B.V. All rights reserved.",10.1016/j.foreco.2013.11.029,Wright et al,WOS:000331851100009,"[""Biological resource use""]","[""Logging & Wood Harvesting""]"
"Effects of mid-winter snow depth on stand selection by Wolverines, Gulo gulo luscus, in the boreal forest","Wolverines (Gulo gulo luscus) in a study area in the boreal upland forests of northwestern Alberta and northeastern British Columbia (approximately 57degreesN) were noted to be limited to upland landscapes, despite abundant food in adjacent lowland landscapes. Snow-tracking suggested that the species was selecting for the densest climax conifer stands for travel in search of food. It was hypothesized that snow depth was a limiting factor for Wolverines in the boreal forest during midwinter, and that they selected for this stand-type because of the buffering effect of this type of canopy on ground snow-depths. A series of snow-depth measurements were collected. Snow depths collected along Wolverine trails were very significantly lower than random snow depths collected under upland canopy (F = 32.84, df = 1, P << 0.010). There was a significant buffering effect on snow depth indicated for upland canopy (F = 11. 1, df = 1, P < 0.010), while adjacent lowland canopy had no significant buffering effect on snow depth (F = 3.45, df = 1, P > 0.05). Wolverines were hypothesized to be limited to upland landscapes in the study area because of the buffering effect on snow-depth of the stand types found there, and not for reasons of food availability. Climax conifer stands were interpreted as being of high importance to Wolverine survival during winter. Conservation implications include the detrimental effect on Wolverine populations likely to result from current timber harvesting practices in the boreal forest.",10.22621/cfn.v118i1.882,Wright et al,WOS:000226325800004,"[""Biological resource use""]","[""Logging & Wood Harvesting""]"
RFLP analysis of the mitochondrial DNA of otters (Lutra lutra) from Europe -: implications for conservation of a flagship species,"The distribution of otters (Lutra lutra) in Europe is largely fragmented, mainly due to historic anthropogenic causes. Nevertheless, in eastern Germany a large coherent area is inhabited by a viable otter population. In this paper, the mitochondrial genome of 81 otters is studied by RFLP analysis of PCR-amplified 1.5 and 2.5 kb long fragments, particularly to estimate the amount of genetic variability of European otters, and to identify possible geographical population subsets for conservation management. No restriction site polymorphism was detected within the control region (1.5 kb), but polymorphism of cleaving sites in the 2.5 kb fragment could be assigned to three haplotypes. Two occurred exclusively in a comparatively small area northwest and west of Berlin, which may be considered a region of increased genetic variability in otters. The low level of mtDNA variability in European otters might be due to genetic drift in postglacial founder populations with long-term low densities, and continuous historical overhunting. (C) 1999 Elsevier Science Ltd. All rights reserved.",10.1016/S0006-3207(99)00042-7,Wright et al,WOS:000081066500008,"[""Biological resource use""]","[""Hunting & Collecting Terrestrial Animals""]"
Differential response of a carnivore community to predator control: a spatio-temporal observational study,"Predator control has historically shaped management towards minimising predator pressure on sensitive species in most hunting and protected areas. Despite widespread use, few studies of medium-sized carnivores have evaluated such control. To fill this void, we studied the effect of control on shaping a carnivore community consisting of European badgers Meles meles Linnaeus, 1758, stone martens Martes foina Erxleben, 1777 and red foxes Vulpes vulpes Linnaeus, 1758, in the Serra de Montsant area (NE Spain), and we report the recovery dynamics for different habitats (forest, scrubland and cultivated land) over time (3 years) when that control was halted. The results show that non-selective predator control is inadequate to reconcile the conservation of ecosystems with hunting. Specifically, it favours the frequency of occurrence of red foxes, which are the main consumer of small game species, and also reduces the frequency of occurrence of European badgers and stone martens, which are protected species. The recovery or regression sequence was observed over time in an area where there had previously been control, and was compared with the point of reference provided by an uncontrolled area. The results show the recovery of European badgers (135% over 3 years) and stone martens (285% over 3 years), and the regression of red foxes (-10% over 3 years) when control is halted. Monitoring the different habitats, European badgers recover first on cultivated land, then scrubland and more slowly in forest. Stone martens recover first in forest, and then scrubland and cultivated land. In contrast, red foxes maintain their numbers in scrubland, and decline slightly in forest and on cultivated land. The observed preferences have been associated with the capacity to meet basic needs of food, protection and balance with competitors.",10.1080/11250003.2014.893378,Wright et al,WOS:000338989400013,"[""Biological resource use""]","[""Hunting & Collecting Terrestrial Animals""]"
Genetic monitoring suggests increasing structure following recolonization by fishers,"Population bottlenecks, fragmentation, and isolation can have lasting effects on population genetic structure by decreasing diversity and increasing differentiation among regions. Fishers (Pekania pennanti) were extirpated from many regions of Ontario, Canada, in the early twentieth century because of overharvest, habitat loss, and predator control, although the species has since recolonized much of its former range. Between 2001 and 2003, the recolonized population could be split into several genetically distinct clusters likely corresponding to historical trapping refuges. We reassessed the genetic diversity and population structure of fishers approximately 10 years after recolonization to determine whether homogenization had occurred among genetic clusters, and whether hypothesized northward migration had continued following recolonization of southeastern Ontario by fishers from the Adirondack Mountains of New York, USA. We found no significant changes in the uppermost level of genetic structure but did find evidence of increased lower-level structure and decreased migration throughout the province, contrary to our hypothesis. This may be indicative of a reduction in fisher density or could be due to the population reaching a migration-drift equilibrium following a period of rapid expansion. Our results highlight the potential importance and utility of continued genetic monitoring following local extirpation and recolonization. Conservation managers can use periodically sampled population genetic information to adapt and update management strategies. (c) 2018 The Wildlife Society. Gene flow among fishers in Ontario, Canada has decreased since 2001-2003, hierarchical genetic structure appears to have increased, and expansion from southeastern Ontario is no longer occurring, or is occurring at a smaller scale than it was 10 years ago. Continued genetic monitoring of fishers in southeastern and central Ontario is warranted.",10.1002/jwmg.21495,Wright et al,WOS:000442501700009,"[""Biological resource use""]","[""Hunting & Collecting Terrestrial Animals"", ""Logging & Wood Harvesting""]"
Complete mitochondrial genome reveals the phylogenetic relationship of sable Martes zibellina linkouensis,"Over-hunting of the sable (Martes zibellina) in China since the 1950s has resulted in a dramatic decline of sable population size; and owing to effective conservation measures in recent years, sable populations in some areas are going through a rapid recovery. We first determined and annotated the whole mtDNA genome of the Lesser Khingan Mountains sable M. zibellina linkouensis to better understand the evolutionary relationship of this subspecies. The complete mitogenome is 16 460 by in length, including 13 protein-coding genes, 22 tRNA genes, 2 rRNA genes, and 1 control region. We built the phylogenetic tree of three sable subspecies in Northeast China and other 10 species of Mustelinae.",10.3109/19401736.2015.1118070,Wright et al,WOS:000395598600099,"[""Biological resource use""]","[""Hunting & Collecting Terrestrial Animals""]"
Historical biogeography sets the foundation for contemporary conservation of martens (genus Martes) in northwestern North America,"Effective conservation of insular populations requires careful consideration of biogeography, including colonization histories and patterns of endemism. Across the Pacific Northwest of North America, Pacific martens (Martes caurina) and American pine martens (Martes americana) are parapatric sister species with distinctive postglacial histories. Using mitochondrial DNA and 12 nuclear microsatellite loci, we examine processes of island colonization and anthropogenic introductions across 25 populations of martens. Along the North Pacific Coast (NPC), M. caurina is now found on only 2 islands, whereas M. americana occurs on mainland Alaska and British Columbia and multiple associated islands. Island populations of M. caurina have a longer history of isolation reflected in divergent haplotypes, private microsatellite alleles, and relatively low within-population diversity. In contrast, insular M. americana have lower among-population divergence and higher metrics of within-population diversity. On some NPC islands, introductions of M. americana may be related to decline of M. caurina. Long-term persistence of these species likely has been influenced by anthropogenic manipulations, including wildlife translocations and industrial-scale deforestation, yet, the distinctive histories of these martens have not been incorporated into natural resource policies.",10.1093/jmammal/gyx047,Wright et al,WOS:000403818600014,"[""Biological resource use""]","[""Logging & Wood Harvesting""]"
Badger hair in shaving brushes comes from protected Eurasian badgers,"The Eurasian badger (Meles meles) is included in Appendix III of the Bern Convention and protected by national laws in many European countries. Badger hair is used to manufacture luxury shaving brushes, although it is frequently argued that the hog badger (Arctonyx collaris), which in Europe is an introduced and unprotected species, is the origin of the hair used. We applied an extraction protocol to recover DNA from the unrooted hair of shaving brushes obtained from commercial companies in The Netherlands and Spain. The tested brushes originated from The Netherlands, Spain, France, Italy and the United Kingdom where the Eurasian badger is a protected species. We sequenced 191 bp of the mitochondrial DNA control region and 170 bp of the cytochrome b gene and compared the sequences obtained with Eurasian badger and hog badger reference sequences of the same mitochondrial DNA regions obtained in our laboratory and from GenBank. Sequences obtained from four shaving brushes were clearly hog badger sequences, whereas four sequences clustered with Eurasian badger sequences of both European and Asian origins. One of the shaving brushes made of Eurasian badger was produced in France, where it is legal to capture or trade the species under certain conditions. The remaining three brushes originated from The Netherlands, where it is illegal to possess, sell, transport or use for commercial purposes dead Eurasian badgers or products derived from them. (c) 2005 Elsevier Ltd. All rights reserved.",10.1016/j.biocon.2005.08.013,Wright et al,WOS:000236096500014,"[""Biological resource use""]","[""Hunting & Collecting Terrestrial Animals""]"
Temporal Changes in Population Dynamics of American Martens,"Population parameters of American martens ( Martes americana) are often monitored to guide management actions. In order to better understand changing marten population demographics, we estimated marten abundance and several population parameters on a portion of northeast Chichagof Island (NCI), Southeast Alaska, USA, using capture-mark-recapture methods in combination with radiotelemetry and compared these data with demographic estimates derived from the trapper catch from the larger NCI area. We found that capture probability remained relatively high across trapping sessions by using a standard live-trapping protocol, and we found no evidence of capture probability being consistently affected by population or environmental factors. Estimated marten numbers varied greatly over the period, ranging from a low of 14.1 martens (0.17/km(2)) during winter 1997-1998 to a high of 45.6 martens (0.55/km(2)) during winter 1995-1996. The annual trend was for decreasing numbers from winter 1990-1991 to winter 1992-1993, then increasing numbers through winter 1995-1996. By winter 1996- 1997, numbers had dropped substantially and remained low through 1997-1998. All population parameters varied temporally, including annual survival (0.34-1.00), sex ratio (1.0-3.5), mean age (0.5-2.9), body condition (20.08-1.35), and fecundity (0.44-2.70). Yearly trapper catches on NCI varied greatly from 19 to 354 martens (0.02 martens/km(2) to 0.31 martens/km(2)) because of changing trapper effort and marten abundance. We found mean ages of carcasses a good predictor of population mean age, but sex ratios were highly variable. Marten numbers and fecundity were strongly correlated with rodent abundance, especially long-tailed voles (Microtus longicaudus). By monitoring demographic parameters of the population or trapper-caught carcasses, managers can gain insight into temporal population dynamics. Also, total captures of individuals may provide a useful estimate of marten numbers without the expense of radiocollaring and tracking individuals because population estimates were highly correlated with number of individuals captured during a standard survey. Because of their high vulnerability to trapping, close monitoring of marten populations is important for the conservation and sustained-yield management of the species. A tracking strategy developed with input data on preseason abundance and age structure may be the best management approach, especially for small populations with limited immigration. (JOURNAL OF WILDLIFE MANAGEMENT 73(8): 1269-1281; 2009)",10.2193/2008-169,Wright et al,WOS:000271437400003,"[""Biological resource use""]","[""Hunting & Collecting Terrestrial Animals""]"
Estimating sustainable harvest in wolverine populations using logistic regression,"Population viability analysis (PVA) is a common tool to evaluate population vulnerability. However, most techniques require reliable estimates of underlying population parameters, which are often difficult to obtain and PVA are, therefore, best used in a qualitative context. Logistic regression is a powerful alternative to traditional PVA methods but has received surprisingly limited attention. Logistic regression fits regression equations to binary output from PVA models at a specific point in time to predict probability of a binary response over a range of parameter values. We used logistic regression on output from stochastic population models to evaluate the relative importance of demographic parameters for wolverine (Gulo gulo) populations and to estimate sustainable harvest in a wolverine population in Alaska. Our analysis indicated that adult survival is the most important demographic parameter to reliably estimate in wolverine populations because it had a greater effect on population persistence than did both fecundity and subadult survival. In accordance with this, harvest rate had a greater effect on population persistence than did any of the other harvest- and migration-related variables we tested. Furthermore, a high proportion of harvested females strengthened the effect of harvest. Hypothetical wolverine populations suffered high probabilities of both extinction and population decline over a range of realistic population sizes and harvest regimes. We suggest that harvested wolverine populations must be regarded as sink populations and that source populations in combination with sufficient dispersal corridors must be secured for any wolverine harvest to be sustainable.",10.2193/2007-336,Wright et al,WOS:000257454100010,"[""Biological resource use""]","[""Hunting & Collecting Terrestrial Animals""]"
A comparison on the response to forest fragmentation by medium-sized Iberian carnivores in central Spain,"We studied the use of forest fragments by five medium-sized carnivore species in 280 forest fragments on the two Iberian plateaus. We looked for indirect evidence (faeces, tracks, dens) of fragment use (occurrence) by the species and analysed whether occurrence could be related to four groups of variables: local (vegetation structure and patch size), landscape (distance to possible colonisation sources), regional (fragment location on the northern or southern plateau) and the vegetation type of the fragments. We analysed the differential response of species according to their life-history and behavioural traits. The relationship between use by each species and the factors studied was analysed using stepwise logistic regressions. Results indicate that three factors are crucial to explain fragment use: fragment size, geographic location and vegetation type. Large fragments are used more than smaller ones, the northern plateau is more suitable than the southern plateau, and holm oak and broad-leaved oak forests are more used than pine woods. The effects and magnitude varied slightly among species, depending on habitat requirements or life-history traits. Data indicate that conservation strategies in fragmented environments must take into account elements functioning at different spatial scales, and that it is essential to consider each case within a characteristic regional context.",10.1023/A:1015856703786,Wright et al,WOS:000176184700009,"[""Biological resource use""]","[""Logging & Wood Harvesting""]"
"Conflict between spotted-necked otters and fishermen in Hlan River, Benin","The spotted-necked otter (Lutra maculicollis) is believed to be declining across its range and, in Benin, has recently been listed as endangered. In Benin, the spotted-necked otter is largely restricted to the south of the country, where it is threatened by a number of factors, including conflict with fishermen. Understanding the nature and extent of this conflict, and the impact that it has on local fishermen, as well as identifying feasible mitigation strategies, represents a critical challenge for conservation managers. This study documents otter damage experienced by 30 fishermen in the Hlan River, in the Southern Benin wetlands. We performed hierarchical classification analysis using Ward distances to categorize fish species according to the level of otter damage suffered, and used generalized linear models to identify predictors that best explained otter damage. Our results suggest that of the 16 fish species commonly caught by fishermen in the Hlan River, otters favored the most valuable species (but these were also the most abundant in the catch). However, although otter damage was extensive, monthly total income loss attributable to spotted-necked otter damage (including fish loss and damage to equipment) was estimated at only 9% per fishermen (considerably lower than the 30% reported by a preliminary survey of 163 fishermen in the same area). Our model showed that otter damage increased significantly with the number of adult fish captured by fisherman while the cost of otter damage increased with the length of time that the fishing equipment was left unattended. We suggest that otter damage could be reduced if fishing equipment were checked at least twice a day by fishermen, and recommend a maximum interval between checks of 700 min (12 h). Long-term sustainable management of these conflicts will require an integrated approach taking into account socio-economic, political and environmental dimensions. (C) 2015 Elsevier GmbH. All rights reserved.",10.1016/j.jnc.2015.06.007,Wright et al,WOS:000360202300008,"[""Biological resource use""]","[""Fishing & Harvesting Aquatic Resources""]"
Landscape-scale habitat selection by fishers translocated to the Olympic Peninsula of Washington,"The fisher was extirpated from much of the Pacific Northwestern United States during the mid- to late-1900s and is now proposed for federal listing as a threatened species in all or part of its west coast range. Following the translocation of 90 fishers from central British Columbia, Canada, to the Olympic Peninsula of Washington State from 2008 to 2010, we investigated the landscape-scale habitat selection of reintroduced fishers across a broad range of forest ages and disturbance histories, providing the first information on habitat relationships of newly reintroduced fishers in coastal coniferous forests in the Pacific Northwest. We developed 17 a priori models to evaluate several habitat-selection hypotheses based on premises of habitat models used to forecast habitat suitability for the reintroduced population. Further, we hypothesized that female fishers, because of their smaller body size than males, greater vulnerability to predation, and specific reproductive requirements, would be more selective than males for mid- to late-seral forest communities, where complex forest structural elements provide secure foraging, resting, and denning sites. We assessed 11 forest structure and landscape characteristics within the home range core-areas used by 19 females and 12 males and within randomly placed pseudo core areas that represented available habitats. We used case-controlled logistic regression to compare the characteristics of used and pseudo core areas and to assess selection by male and female fishers. Females were more selective of core area placement than males. Fifteen of 19 females (79%) and 5 of 12 males (42%) selected core areas within federal lands that encompassed primarily forests with an overstory of mid-sized or large trees. Male fishers exhibited only weak selection for core areas dominated by forests with an over story of small trees, primarily on land managed for timber production or at high elevations. The amount of natural open area best distinguished the use of core areas between males and females, with females using substantially less natural open area than males. Although sex-specific selection has been suspected for fishers, we identified factors that distinguish the selection of core areas by females from those of males, information which will be valuable to managers planning reintroductions or providing suitable habitat to promote fisher recovery in the Pacific Northwest. (C) 2016 Elsevier B.V. All rights reserved.",10.1016/j.foreco.2016.02.032,Wright et al,WOS:000375169500018,"[""Biological resource use""]","[""Logging & Wood Harvesting""]"
Global protected area impacts,"Protected areas (PAs) dominate conservation efforts. They will probably play a role in future climate policies too, as global payments may reward local reductions of loss of natural land cover. We estimate the impact of PAs on natural land cover within each of 147 countries by comparing outcomes inside PAs with outcomes outside. We use 'matching' (or 'apples to apples') for land characteristics to control for the fact that PAs very often are non-randomly distributed across their national landscapes. Protection tends towards land that, if unprotected, is less likely than average to be cleared. For 75 per cent of countries, we find protection does reduce conversion of natural land cover. However, for approximately 80 per cent of countries, our global results also confirm (following smaller-scale studies) that controlling for land characteristics reduces estimated impact by half or more. This shows the importance of controlling for at least a few key land characteristics. Further, we show that impacts vary considerably within a country (i.e. across a landscape): protection achieves less on lands far from roads, far from cities and on steeper slopes. Thus, while planners are, of course, constrained by other conservation priorities and costs, they could target higher impacts to earn more global payments for reduced deforestation.",10.1098/rspb.2010.1713,Pulido-Chadid et al,WOS:000289719900005,"[""Biological resource use""]","[""Logging & wood harvesting""]"
"Conservation importance of Nakai-Nam Theun National Protected Area, Laos, for small carnivores based on camera trap data","Laos supports at least 21 species of small carnivores (Viverridae, Prionodontidae, Mustelidae, and Herpestidae) and is considered to be globally important for the conservation of many of these, yet for most species, baseline data on diversity, distribution, conservation, and taxonomic status remain limited. Nakai-Nam Theun National Protected Area (NPA), central-eastern Laos, is ranked among the highest priority of the country's NPAs for national and global biodiversity importance and is one of the largest remaining contiguous forest blocks in Indochina. A wildlife monitoring programme based on camera trap surveys debuted in the area in 2006. From 2006-2011, 10 blocks were sampled covering 900 km(2) and totalling 20,452 camera trap days. Excluding Felidae, 10 species of small carnivores were photographed during this survey, including the first confirmed record in the wild of Owston's civet Chrotogale owstoni for the area and the second for Laos. This long-term camera-trap programme is one of only two long-term wildlife monitoring programmes in Laos and as such provides some of the most comprehensive data available on small carnivores for the country. The frequency of records for each species, local distribution, and general behaviour observed are presented. Other species known to occur in the area but unrecorded by this camera trap survey are discussed. In total, at least 15 species of small carnivores occur in Nakai Nam Theun NPA. Although small carnivore species may be more resilient to hunting activities than larger mammals, the intensity of hunting with ground snares in the area is likely to result in dramatic population declines if it is not better controlled. Nakai-Nam Theun NPA should be considered as a priority area for the conservation of small carnivores, notably for Vulnerable Owston's civet and its otter species.",,Wright et al,WOS:000342864800007,"[""Biological resource use""]","[""Hunting & Collecting Terrestrial Animals""]"
A Landscape Habitat Suitability Model for the Humboldt Marten (Martes caurina humboldtensis) in Coastal California and Coastal Oregon,"Models that predict the distributions and habitat suitability for species of conservation concern can be useful for guiding survey, monitoring, and conservation planning efforts. The Humboldt marten (Martes caurina humboldtensis) has significantly declined throughout its historical range in coastal California and Oregon and this taxon is known from a few remnant populations. We developed a landscape habitat suitability model to identify areas of suitable habitat not yet surveyed, to provide a template for designing monitoring programs and research studies, and to inform the development of a conservation strategy. We used the results of 1,159 occupancy surveys to develop a predictive habitat model using Generalized Additive Modeling to relate Humboldt marten detections to combinations of environmental and habitat attributes hypothesized to influence marten distribution. We measured 30 candidate variables at three spatial scales, using 0.5, 1.0, and 3.0 km, and although several models were competitive, each contained the same three core variables: old growth structural index measured at the 1-km scale, serpentine habitat measured at the 3-km scale, and annual precipitation measured at the 3-km scale. The final model had an overall correct classification rate of 91% for marten detections, 82% for non-detections and a true skill statistic of 0.73. Model predictions were stable when cross-validated, with the correct classification of marten detections (89%) varying little. The largest complexes of predicted suitable habitat occurred in the areas with the three extant marten populations (north coastal California, south coastal Oregon, and central coastal Oregon), however connectivity of suitable habitat to areas outside these three areas appears limited.",10.3955/046.093.0104,Wright et al,WOS:000469996800003,"[""Biological resource use""]","[""Logging & Wood Harvesting""]"
Genetic variation and population structure in Scandinavian wolverine (Gulo gulo) populations,"Wolverine (Gulo gulo) numbers in Scandinavia were significantly reduced during the early part of the century as a result of predator removal programmes and hunting. Protective legislation in both Sweden and Norway in the 1960s and 1970s has now resulted in increased wolverine densities in Scandinavia. We report here the development of 15 polymorphic microsatellite markers in wolverine and their use to examine the population sub-structure and genetic variability in free-ranging Scandinavian wolverine populations as well as in a sample of individuals collected before 1970. Significant subdivision between extant populations was discovered, in particular for the small and isolated population of southern Norway which represents a recent recolonization. Overall genetic variability was found to be,lower than previously reported for other mustelids, with only two to five alleles per locus and observed heterozygosities (H-o) ranging from 0.269 to 0.376 across the examined populations, being lowest in southern Norway Analysis of the mitochondrial DNA control region revealed no variation throughout the surveyed populations. As the historical sample did not show higher levels of genetic variability, our results are consistent with a reduction in the genetic variation in Scandinavian wolverines that pre-dates the demographic bottleneck observed during the last century. The observed subdivision between populations calls for management caution when issuing harvest quotas, especially for the geographically isolated south Norwegian population.",10.1046/j.1365-294X.2001.01184.x,Wright et al,WOS:000166647100007,"[""Biological resource use""]","[""Hunting & Collecting Terrestrial Animals""]"
Characterizing land disturbance in Atewa Range Forest Reserve and Buffer Zone,"Changes in land cover of protected areas and their buffers have serious implications on the conservation of biodiversity within such biomes because land use has been recognized as one of the major drivers of biodiversity change. Atewa Range Forest Reserve is one of Ghana's Upper Guinea Forests declared as a Globally Significant Biodiversity Area (GSBA). But the reserve is under threat from several human disturbances which could impact on the land cover of the reserve.This study examined the spatial and temporal changes in land cover of Atewa Range Forest Reserve and it's buffer between 1986 and 2013 using remote sensing. Land use and land cover (LULC) classification and change detections were undertaken using one Landsat Multispectral Scanner (MSS) image of 1986 and Landsat ETM+ images of 2003 and 2013.The study also investigated the driving forces of LULC and the effectiveness of the Forest and Wildlife Policy of 1994 in the management of the reserve. Results of image classification showed that much of the peripheral closed and open vegetative covers have been converted to farms and bushes with little disturbance within the interior of the reserve. The study revealed that, the conservation management policies were yielding very little results due to a number of policy deficiencies including low staff strength, lack of logistics and low remuneration. Enforcement of legal instruments against illegal logging, small scale mining and farming activities within the reserve, improvement in the staff strength and their condition of service, intensification of public education on the value of forest and the need to protect it are some of the major recommendations that could curb encroachment on the reserve. (C) 2015 Elsevier Ltd. All rights reserved.",10.1016/j.landusepol.2015.08.020,Pulido-Chadid et al,WOS:000367105800043,"[""Biological resource use""]","[""Logging & wood harvesting""]"
Microsatellite DNA and mitochondrial DNA variation in remnant and translocated sea otter (Enhydra lutris) populations,"All existing sea otter (Enhydra lutris) populations have suffered at least 1, and in some cases 2, population bottlenecks. The 1st occurred during the 18th and 19th centuries as a result of commercial hunting that eliminated sea otters from much their native range and reduced surviving populations to small remnants. The 2nd bottleneck occurred when small numbers of otters were reintroduced, via translocation, to areas where the species had been eliminated. We examined genetic variation at 7 microsatellite loci and the mitochondrial DNA (mtDNA) control region in 3 remnant populations, Amchitka Island (Aleutian Islands, Alaska), central coastal California, and Prince William Sound (Alaska), and in 2 reintroduced populations, southeast Alaska and Washington, that were founded with transplants from Amchitka, and in the case of southeast Alaska, individuals from Prince William Sound as well. We found no evidence of reduced genetic diversity in translocated populations. Average expected microsatellite heterozygosities (H,) were similar in all populations (range, 0.40-0.47), and mtDNA haplotype diversities were higher in reintroduced populations (0.51 for both Washington and southeast Alaska) than in remnant populations ((X) over bar = 0.35; range, 0.18-0.45). The levels of genetic diversity we observed within sea otter populations were relatively low when compared with other mammals and are thought to be the result of fur trade exploitation.",10.1644/1545-1542(2002)083<0893:MDAMDV>2.0.CO;2,Wright et al,WOS:000177770800025,"[""Biological resource use""]","[""Hunting & Collecting Terrestrial Animals""]"
Role of isolation and habitat quality in shaping species abundance:: a test with badgers (Meles meles L.) in a gradient of forest fragmentation,"Aim This paper describes badger (Meles meles L. 1758) abundance in remnant forests of the two Iberian plateaux. The relative role of factors related to habitat quality and to isolation were tested in order to explain variations in badger abundance according to forest-scrubland cover at the landscape scale. It was predicted that isolation would be more important where there is less forest cover (greater fragmentation), while habitat quality would predominate in areas where forest cover is greater (less fragmentation). Location Thirty-six forests (> 90 ha) were sampled, 16 in the North and 20 in the South plateau. Twelve forests were sampled in each one of the following categories of regional forest-scrubland cover in the landscape (10 x 10 km): < 20%, 20-30%, > 30%. Methods In each forest, 4-km transects were followed to look for badger setts. The number of badger setts km(-1) was used as a surrogate of badger abundance. The transects were divided into 250 m segments in which a series of environmental variables related to habitat quality were estimated. Moreover, for each forest patch three variables related to isolation on a landscape or regional scale were measured on forest maps (1 : 400,000): the distance to riparian woodland, distance to the mountains of Central Spain and distance to other large forests on the plateau (> 10,000 ha). The prediction through Pearson correlations was tested and forward stepwise multiple regressions performed with the different subsets of data (different forest-scrubland categories). Results The results support the established prediction, in areas with under 20% forest cover, that isolation was the best predictor of badger abundance in forest fragments, while in areas with over 20% cover, the most important predictors were those associated with intraforest habitat quality (shrub cover and rock cover). Main conclusions Data for badger abundance in fragmented forests indicate that factors determining species distribution and numbers in heterogeneous environments are highly dependent on landscape pattern. Isolation is the main factor explaining distribution in highly fragmented situations in which the pattern can be explained through metapopulation models. However, in less fragmented situations, distribution models are more easily described in terms of habitat suitability (niche models).",10.1046/j.1365-2699.2001.00552.x,Wright et al,WOS:000169689800009,"[""Biological resource use""]","[""Logging & Wood Harvesting""]"
Innovative Techniques for Estimating Illegal Activities in a Human-Wildlife-Management Conflict,"Effective management of biological resources is contingent upon stakeholder compliance with rules. With respect to disease management, partial compliance can undermine attempts to control diseases within human and wildlife populations. Estimating non-compliance is notoriously problematic as rule-breakers may be disinclined to admit to transgressions. However, reliable estimates of rule-breaking are critical to policy design. The European badger (Meles meles) is considered an important vector in the transmission and maintenance of bovine tuberculosis (bTB) in cattle herds. Land managers in high bTB prevalence areas of the UK can cull badgers under license. However, badgers are also known to be killed illegally. The extent of illegal badger killing is currently unknown. Herein we report on the application of three innovative techniques (Randomized Response Technique (RRT); projective questioning (PQ); brief implicit association test (BIAT)) for investigating illegal badger killing by livestock farmers across Wales. RRT estimated that 10.4% of farmers killed badgers in the 12 months preceding the study. Projective questioning responses and implicit associations relate to farmers' badger killing behavior reported via RRT. Studies evaluating the efficacy of mammal vector culling and vaccination programs should incorporate estimates of non-compliance. Mitigating the conflict concerning badgers as a vector of bTB requires cross-disciplinary scientific research, departure from deep-rooted positions, and the political will to implement evidence-based management.",10.1371/journal.pone.0053681,Wright et al,WOS:000313682700035,"[""Biological resource use""]","[""Hunting & Collecting Terrestrial Animals""]"
Predicted distribution of the yellow-throated marten Martes flavigula (Mammalia: Carnivora: Mustelidae) on Borneo,"The yellow-throated marten Martes flavigula is a wide-ranging species across much of Asia. It is active mainly during the day, is semi-arboreal and has an omnivorous diet. On Borneo, it has a wide elevation range, from coastal lowland to lower montane habitat of 1700 m a.s.l. Records from camera-trapping and other wildlife surveys imply a widespread distribution, but the species is encountered less frequently than in many other parts of its global range. We collected a total of 195 occurrence records from all political units of Borneo except South Kalimantan. To reduce possibly confounding effects of sampling bias on habitat suitability we used 56 records in a Balanced Model and 94 records in a Spatial Filtering Model. Respondents' opinions on habitat preference showed large variation, except for lowland and upland dipterocarp forests, which were consistently perceived as highly suitable; disturbed areas such as burnt forests and bare areas were perceived to be less favourable. The habitat suitability model predicted that the yellow-throated marten is widespread within Borneo, likely to occur in mosaics of lowland and upland forests, including old plantations and active logging areas; but unlikely to use young plantations and crops, perhaps including oil palm plantations. The effects of logging on yellow-throated marten are not well understood, yet the species's population size on Borneo will depend on how tree plantations and logging concessions are managed and harvested. More surveys above about 1200 m a.s.l., where information is still limited, would enable more confident habitat assessments. Further research could determine if the Bornean subspecies, M.f. saba, could be a cryptic species.",,Wright et al,WOS:000393214300004,"[""Biological resource use""]","[""Logging & Wood Harvesting""]"
"Fine-scale distributions of carnivores in a logging concession in Sarawak, Malaysian Borneo","Coarse-scale patterns of distribution and abundance of species are the outcome of processes occurring at finer spatial scales, hence the conservation of species depends on understanding their fine-scale ecology. For Bornean carnivores, little is known about fine-scale predictors of species occurrence and it is assumed that the two main threats to wildlife on Borneo, habitat disturbance and hunting, also impact their occurrence. To increase our understanding of the Borneo carnivore community, we deployed 60 cameras in a logging concession in northern Sarawak, Malaysian Borneo, where different landscape covariates, both natural and anthropogenic, were present. We built single-species occupancy models to investigate fine-scale carnivore occupancy. Overall, forest disturbance had a negative effect on Hose's civet (Diplogale hosei), banded civet (Hemigalus derbyanus) and yellow-throated marten (Manes flavigula). Further, banded civet had greater occupancy probabilities in more remote areas. Logging roads had the most diverse effect on carnivore occupancy, with Hose's civet and masked palm civet (Paguma larvata) negatively affected by roads, whereas Malay civet (Viverra tangalunga), short-tailed mongoose (Herpestes brachyurus) and leopard cat (Prionailurus bengalensis) showed higher occupancy closer to roads. Canopy height, canopy closure, number of trees with holes (cavities) and distance to nearest village also affected occupancy, though the directions of these effects varied among species. Our results highlight the need to collect often overlooked habitat variables: moss cover and 'kerangas' (tropical heath forest) were the most important variables predicting occurrence of Hose's civet. The preservation of such forest conditions may be crucial for the long-term conservation of this little-known species. Our results confirm that logged forests, when left to regenerate, can host diverse carnivore communities on Borneo, provided less disturbed habitat is available nearby, though human access needs to be controlled. We recommend easy-to-implement forest management strategies including maintaining forest next to logging roads; preserving fruiting trees and trees with cavities, both standing and fallen; and blocks of remote, less disturbed, mid- to high-elevation forest with understorey vegetation. (C) 2017 Deutsche Gesellschaft fur Saugetierkunde. Published by Elsevier GmbH. All rights reserved.",10.1016/j.mambio.2017.04.002,Wright et al,WOS:000413132400009,"[""Biological resource use""]","[""Logging & Wood Harvesting"", ""Hunting & Collecting Terrestrial Animals""]"
Shaping carnivore communities by predator control: competitor release revisited,"The traditional way to deal with hunting interests is often focused on predator control. This approach requires a detailed understanding of predator responses to game management. Control methods can be non-selective and, consequently, can potentially have a negative impact on non-target predator species, affecting carnivore guild. In order to assess the potential risks associated with non-selective predator control in the presence of intraguild competition, the classical Lotka-Volterra competition model was used, but with two additional factors: a linear factor for capture mortality (mortality caused by predator control) and a factor for vacated niche occupancy associated with immigration. Simulation in a scenario with three species revealed that one of them, the red fox , which presented the highest intrinsic growth rate, can show population increases even under moderate control, whereas the population of European badger , with a lower intrinsic growth rate, was reduced and, in some cases, may even become extinct. Lastly, the stone marten presented a differential response, depending on the removal intensity and strategy employed. This behaviour is compatible with the results observed in a Mediterranean environment subjected to two types of game management: non-selective predator control (culling) and no control. In areas with non-selective control and moderate predator removal, the red fox population remained stable, while the stone marten and the European badger populations reduced markedly or disappeared.",10.1007/s11284-012-0931-y,Wright et al,WOS:000304204800013,"[""Biological resource use""]","[""Hunting & Collecting Terrestrial Animals""]"
Size-dependent resistance of protected areas to land-use change,"One of the major threats facing protected areas (PAs) is land-use change and habitat loss. We assessed the impact of land-use change on PAs. The majority of parks have been effective at protecting the ecosystems within their borders, even in areas with significant land-use pressures. More in particular, the capacity of PAs to slow down habitat degradation and to favour habitat restoration is clearly related to their size, with smaller areas that on average follow the dominant land-use change pattern into which they are embedded. Our results suggest that small parks are not going to be viable in the long term if they are considered as islands surrounded by a 'human-dominated ocean'. However, small PAs are, in many cases, the only option available, implying that we need to devote much more attention to the non-protected matrix in which PAs must survive.",10.1098/rspb.2007.1756,Pulido-Chadid et al,WOS:000255056600009,"[""Biological resource use""]","[""Hunting & collecting terrestrial animals""]"
Evaluating River Otter Demography Using Noninvasive Genetic Methods,"The decline in river otter (Lontra canadensis) populations during the late nineteenth and early twentieth centuries throughout North America has led to protective status and strict harvest regulations. Despite sustained interest in protecting river otters, relatively few contemporary studies have evaluated the current status of populations, especially in California. An effective way to estimate river otter population sizes and facilitate monitoring is with noninvasive genetic methods. Our objective was to establish baseline demographic information for an understudied river otter population in northern California by estimating river otter abundance using noninvasive genetic sampling, supplemented with data obtained from an observation-based citizen science project focusing on river otters. We extracted DNA from scat and genotyped samples at 6 microsatellite loci. We used Program MARK to build mark-recapture models to estimate river otter abundance and pooled visual observations from a citizen science project maintained in Humboldt County, California to supplement population estimates with information regarding pups and group size. Between 41 and 44 river otters were in the study area based on noninvasive genetic samples, and group sizes ranged 1-7 or 2-12 based on observational and genetic data, respectively. The Humboldt Bay region had a high density of river otters (0.93otters/km) as compared to other coastal systems; resource attributes of Humboldt Bay could contribute to this difference. Results reported herein demonstrate methods appropriate for establishing baseline river otter demographics. (c) 2013 The Wildlife Society.",10.1002/jwmg.610,Wright et al,WOS:000326011100005,"[""Biological resource use""]","[""Hunting & Collecting Terrestrial Animals""]"
Failure to coordinate management in transboundary populations hinders the achievement of national management goals: The case of wolverines in Scandinavia,"Large carnivores are expanding in Europe, and their return is associated with conflicts that often result in policies to regulate their population size through culling. Being wide-ranging species, their populations are often distributed across several jurisdictions, which may vary in the extent to which they use lethal control. This creates the conditions for the establishment of source-sink dynamics across borders, which may frustrate the ability of countries to reach their respective management objectives. To explore the consequences of this issue, we constructed a vec-permutation projection model, applied to the case of wolverines in south-central Scandinavia, shared between Norway (where they are culled) and Sweden (where they are protected). We evaluated the effect of compensatory immigration on wolverine population growth rates, and if the effect was influenced by the distance to the national border. We assessed to what extent compensatory immigration had an influence on the number of removals needed to keep the population at a given growth rate. In Norway, the model estimated a stable trend, whereas in Sweden it produced a 10% annual increase. The effect of compensatory immigration corresponded to a 0.02 reduction in population growth rate in Sweden and to a similar increase in Norway. This effect was strong closer to the Norwegian-Swedish border, but weak when moving away from it. An average of 33 wolverines was shot per year in the Norwegian part of the study area. If no compensatory immigration from Sweden had occurred, 28 wolverines shot per year would have been sufficient to achieve the same goal. About 15.5% of all the individuals harvested in Norway between 2005 and 2012 were compensated by immigrants, causing a decrease in population growth rate in Sweden. Synthesis and applications. When a population is transboundary, the consequences of management decisions are also transboundary, even though the political bodies in charge of those decisions, the stakeholders who influence them, and the taxpayers who finance them are not. It is important that managers and citizens be informed that a difference in management goals can reduce the efficiency, and increase the costs, of wildlife management.",10.1111/1365-2664.13379,Wright et al,WOS:000478601300005,"[""Biological resource use""]","[""Hunting & Collecting Terrestrial Animals""]"
Historical harvest and incidental capture of fishers in California,"Recent petitions to list the fisher (Martes pennanti) under the Endangered Species Act have brought attention to fisher conservation. Although commercial trapping of fishers in California ended in 1946, summarizing the commercial harvest data can provide a historical perspective to fisher conservation and may indicate the prevalence of incidental fisher captures in traps set fur other species. We investigated the relationships between historical fisher harvests and the price paid for fisher pelts, number of trapping licenses sold, cost of a trapping license, total number of 5 sympatric species harvested, and their pelt prices in California. The frequency of incidental captures was also assessed by interviewing trappers, biologists, and wardens in California. Between 1919-1946, relatively few fishers were legally trapped in California (n = 462, (x) over bar = 18.5 annually), and their harvest declined steadily. Fisher harvests were positively related to fisher pelt price but were more strongly related to the number of trapping licenses sold, indicating that fishers were vulnerable to trappers in general as opposed to only those trappers specifically targeting them. We estimated an incidental capture rate of 1 per 407 set-nights and a mortality-injury rate of 24% from data obtained from 5 trappers in California. Trappers are an important source of information on the distribution of fishers and their cooperation is necessary to determine the effects of incidental capture on fisher populations.",,Wright et al,WOS:A1996WB99700001,"[""Biological resource use""]","[""Hunting & Collecting Terrestrial Animals""]"
SEA OTTER DIETS IN A DECLINING POPULATION IN ALASKA,"Diet of sea otters (Enhydra lutris) using a haulout site on the north side of the Alaska Peninsula was determined from 50 scats. Dominant prey species were mussels (Mytilus edulis), followed by three species of clams (Siliqua spp., Spisula polynyma, and Tellina lutea), sand dollars (Echinarachnius parma), and helmet crabs (Telmessus cheiragonus). Our results support preliminary findings by Cimberg et al. (1984) that this sea otter population preys heavily on mussels and that the presence of low caloric value sand dollars in their diet is significant. Coupled with population estimates, our results also provide evidence that this population of sea otters may be declining due, in part, to overdepletion of food resources.",10.1111/j.1748-7692.1991.tb00114.x,Wright et al,WOS:A1991GN34400004,"[""Biological resource use""]","[""Fishing & Harvesting Aquatic Resources""]"
"Assessment of the sustainability of wolverine harvest in British Columbia, Canada","Wolverines (Gulo gulo) are distributed across much of northern and western Canada and Alaska, USA, and they extend south into the mountainous western United States. Wolverines occur in most regions of British Columbia, Canada, with the highest population densities occurring in the interior mountainous areas. Wolverine populations in British Columbia have been primarily managed to provide a sustainable harvest for trappers and hunters. We used spatially based population estimates, population vital rate data, and spatially based harvest data to evaluate the sustainability of wolverine harvest (trapping and hunting) from 1985 to 2004. The median annual provincial wolverine harvest from 1985 to 2004 was 172 wolverines per year (x = 174.8), which was less than the median simulated estimate of provincial recruitment (195.9 wolverines/yr; x = 209.7). Harvests in individual population units ranged from 0 to 280 over the 20-year period. Spatially, wolverine harvest was likely to have been unsustainable in 15 of the 71 population units with wolverines, and it was likely to have been sustainable in the remaining population units. Harvest in 5 of the other 56 population units was marginally sustainable and thus of potential management concern. To improve harvest management of wolverines in British Columbia, wildlife managers should focus on improved data collection and monitoring at a provincial scale, and they should work with trappers and hunters at regional scales to address issues specific to individual population units. Further research is required to improve the reliability of wolverine vital rate and population data.",10.2193/2007-095,Wright et al,WOS:000249351100012,"[""Biological resource use""]","[""Hunting & Collecting Terrestrial Animals""]"
Influence of tree thinning on the abundance of mammals in a Japanese larch Larix kaempferi plantation,"We examined the influence of tree thinning on the abundance of mammals in a Japanese larch Larix kaempferi plantation in Mt Gariwang, Pyeongchang, South Korea. In 2014 and 2015, from April to October, we recorded the presence of tracks as a proxy for abundance, for the following seven mammalian species: Korean hare Lepus coreanus, raccoon dog Nyctereutes procyonoides, Siberian weasel Mustela sibirica, Eurasian badger Meles meles, water deer Hydropotes inermis, roe deer Capreolus pygargus, and wild boar Sus scrofa. We also assessed how the intensity of tree thinning affected vegetation cover; there were significant differences in number of standing trees, basal area, coverage of vegetation layers, and number and volume of downed trees among the control, moderately thinned, and intensively thinned stands. We found significant differences in the abundance of tracks among the stands for three mammal species. In four mammal species, the abundance of track was significantly correlated with volume of downed trees, coverage of ground vegetation, number of downed trees, and number of standing trees, according to stepwise analysis. The presence and abundance of mammals is linked to habitat variables and forest managers should consider how habitat modifications will affect wildlife.",10.1080/19768354.2016.1276961,Wright et al,WOS:000396557700010,"[""Biological resource use""]","[""Logging & Wood Harvesting""]"
Interaction between artisanal fishery and the top predator Lontra felina in Chile,"The sea otter (Lontra felina) lives along the rocky coastline exposed southeast Pacific between Peru (6 degrees S), Cape Horn, Chile (56 degrees S) and States island, Argentina. This native carnivore is classified as Vulnerable in the Red Book of Terrestrial Vertebrates of Chile. Between September and November 2004 we assessed their diet through fecal analysis and records of food remnants. We used a quantitative overlap index to test for coincidental similarity between the 2 analyses, and also we applied a survey to fisherfolks at Caleta El Manzano de Pucatrihue, southern Chile, to learn about the perception they have of L. felina impact on local fishing. Based on an analysis of 35 faeces the diet was represented by 60.8% of crustaceans, 32.4% of fishes and 6.7% of shellfishes presences. Of 150 food remnants the prey corresponds to 55.3% of crustaceans, 44.0% of molluscs and 0.7% of birds. The two analyses carried out had a slow similarity (= 0.35 +/- 0.22). L. felina preys on resources exploited by artisanal fishing, but fishing gears are not damaged by this marine mammal. A 66.7% of the fishermen said that otters not affect their fishing, while 30.0% said the opposite; holding as cause the consumption by L. felina on the same resources exploited by them (e.g., Concholepas concholepas). Although this mammal does not cause significant damage to local fisheries still exists at present, however, illegal hunting of this otter in the study area. The reasons for this action ranging from the sale of their skin until his killing by a simple recreation.",10.4067/S0718-19572016000300013,Wright et al,WOS:000391864900013,"[""Biological resource use""]","[""Hunting & Collecting Terrestrial Animals""]"
A test of aversive agents on wolverines,"Wolverine (Gulo gulo) predation on sheep (Ovis aces) on summer range in mountain areas has been documented in Norway during the last 15 years. Norweigan government policy is to sustain viable wolverine populations. However, the conflict created by wolverine predation on sheep and domestic reindeer results in strong local pressure for licenses to kill wolverines, and results as well in illegal killing. Illegal killing poses a threat to sustainable management of this protected species. Because sheep are present only in the alpine ecosystem during the short summer period, wolverine populations probably are not dependent on sheep predation. The aim of our study was to find nonlethal taste and olfactory agents that have an aversive effect on wolverines. We showed that certain chemicals and oils are potential aversive agents for captive wolverines by adding small amounts of chemicals to die normal diet, and by observing their reaction both directly and through video analysis. Five oils and 3 chemicals in combination Sate distinctive aversive reactions and were considered a good choice for tests in the field with wild wolverines. Development of dispensers is necessary for using the chemicals as long-lasting repellents on sheep. Volatile repellents attached to lambs are a potential method for decreasing wolverine predation on sheep.",10.2307/3802609,Wright et al,WOS:A1997XD77900029,"[""Biological resource use""]","[""Hunting & Collecting Terrestrial Animals""]"
Analyzing multi-temporal satellite imagery and stakeholders' perceptions to have an insight into how forest co-management is changing the protected area landscapes in Bangladesh,"Forest protected area co-management, which is viewed as an effective forest conservation strategy in many parts of the world, got rooted in Bangladesh in 2004. Nevertheless, its success in maintaining healthy status of forest landscapes is subject to strong challenges in Bangladesh where anthropogenic pressure on forest resources is extremely high. In his study, satellite imageries of two randomly selected important PAs of the country - Lawachara National Park (LNP) and Teknaf Wildlife Sanctuary (TWS) - were analyzed and linked to people's perception in understanding the conservation dynamics in the co-managed PAs. While the overall rate of forest cover loss declined from 33.56% during 2004-2011 to 11.23% during 2011-2017, the net impact on individual PA was not so positive: forest cover declination rate increased in LNP but decreased in TWS. However, even though bushy area is on significant rise in LNP (4.72% during 2004-2011, 40.12% during 2011-2017), it showed a little falling trend in TWS (7.44% during 2004-2011, 6.61% during 2011-2017). While people engaged in co-management were more inclined to highlight the success of co-management activities (Odds ratio = 1.721), the forest officials were less likely to say so (Odds ratio = 0.758). All parties except the direct beneficiaries of co-management activities had the same perception that co-management did not significantly improve the forest cover conditions in the PAs. The study, a combination of science and the society, has come up with a succinct conclusion that common people have strong insights into the extent of impact of forest management policy, and thus, their opinion should be accounted for while formulating or implementing such policy.",10.1016/j.forpol.2019.01.011,Pulido-Chadid et al,WOS:000458806600007,"[""Biological resource use""]","[""Logging & wood harvesting""]"
The neglected otters in China: Distribution change in the past 400 years and current conservation status,"Freshwater biodiversity is currently facing critical threats worldwide. As top predators, otters are indicator species of ecosystem health, and flagship species for conservation in freshwater ecosystems. Three otter species - Luna lutra, Aonyx cinereus, and Lutrogale perspicillata - exist in China. They were once widely distributed but have experienced dramatic decline in the late 20th century, being listed as Class II protected animals in China. We searched in gazetteers, publications, online news, museum specimens, and camera trapping databases, and conducted questionnaire surveys to obtain otter records to reconstruct the historical (1550-1950), recent (1950-2000), and current (post-2000) distribution maps of otters in China. Unlike many other mammal species, otters' range did not contract during 1550-1950. Otters' recent and current distributions were comparable or even surpassed their historical ranges. However, applying rigorous verification criteria, only 57 sites in China were confirmed with otter occurrence since 2000. The potential distribution of L. lutra was mainly on the Tibetan Plateau and in northeast China, whereas only small and sparse patches remained in southeast China, where otters were frequently recorded in historical gazetteers. Although being endangered, otters have been neglected in China, with few research projects and no project funded by National Natural Science Foundation of China. Consequently, even wildlife experts have poor knowledge of otters. Surveys and specific research are urgently needed for otters in China. Public education is also advocated to raise awareness of otter conservation. Without sound information generated from research and urgent conservation actions, otter species will remain severely threatened in China.",10.1016/j.biocon.2018.10.028,Wright et al,WOS:000452815200029,"[""Biological resource use""]","[""Hunting & Collecting Terrestrial Animals""]"
If a tree falls in a forest: implications of forest structure persistence for the Pacific marten (Martes caurina),"A global decline in large trees, largely driven by anthropogenic influences, has potentially dire consequences for cavity-dependent wildlife. For several species of conservation concern in western North America, including Pacific martens (Martes caurina), fishers (Pekania pennanti), and spotted owls (Strix occidentalis), large live and dead trees (snags) with cavities are forest structural elements that are requisite to fulfilling life history requirements. More than a century may be necessary for trees to develop cavities of a suitable size for use by martens, fishers, and owls, yet the relative amount of time that such trees persist as usable prior to senescence is largely unknown, despite the implications for how forests are managed as habitat for these wildlife species. To address this uncertainty, in 2016, we re-located 44 live trees and snags identified as marten rest structures between 2009 and 2012 in the Lassen National Forest, California. Upon re-location, we assessed structure persistence by determining whether structures had changed type (e.g., a live tree that died and transitioned to a snag) or usability (any structure that was degraded to a point where it was no longer usable by a marten). After 5-7 yr, 25% (n = 11) of marten rest structures changed type and 16% (n = 7) appeared to be unusable-a stark contrast compared to a similar study investigating persistence of fisher rest structures, which documented one-third of the change in structure type and no change in usability over roughly twice the return interval (8-12 yr). Our results emphasize the vast disparity between the lengthy period required for trees to become suitable for marten use and the potentially short period for which they may remain usable. We suggest that forest managers consider the importance of these fine-scale forest structural elements when developing broad-scale strategies to reduce fire risk and improve resilience in western North American forests.",10.1002/ecs2.2819,Wright et al,WOS:000483832300016,"[""Biological resource use""]","[""Logging & Wood Harvesting""]"
"Deforestation in an African biodiversity hotspot: Extent, variation and the effectiveness of protected areas","The Eastern Arc Mountains of Tanzania show exceptional endemism that is threatened by high anthropogenic pressure leading to the loss of natural habitat. Using a novel habitat conversion model, we present a spatially explicit analysis of the predictors of forest and woodland conversion in the Eastern Arc over 25 years. Our results show that 5% (210 km(2)) of evergreen forest and 43% (2060 km(2)) of miombo woodland was lost in the Eastern Arc Mountains between 1975 and 2000. Important predictors of habitat conversion included distance to natural habitat edge, topography and measures of remoteness. The main conservation strategy in these mountains for the past 100 years has been to develop a network of protected areas. These appear to have reduced rates of habitat loss and most remaining evergreen forest is now within protected areas. However, the majority of miombo woodland, an important source of ecosystem services, lies outside formal protected areas, where additional conservation strategies may be needed. (C) 2013 Elsevier Ltd. All rights reserved.",10.1016/j.biocon.2013.04.016,Pulido-Chadid et al,WOS:000323086800007,"[""Biological resource use""]","[""Logging & wood harvesting""]"
"RIVER OTTER (LUTRA-CANADENSIS) REINTRODUCTION IN PENNSYLVANIA, PRERELEASE CARE AND CLINICAL-EVALUATION","The Pennsylvania River Otter Reintroduction Project (PRORP) was initiated in 1982 to restore river otters (Lutra canadensis) to portions of their historic range in Pennsylvania. To date, 75 otters have been successfully reintroduced to five watersheds in north-central and western Pennsylvania. Otters were obtained by live trapping in northeastern Pennsylvania and Maryland or were purchased from commercial dealers and trappers in Louisiana, New York, Michigan, and New Hampshire. Prior to reintroduction, otters usually underwent a period of captivity of 10-14 days to facilitate clinical evaluation, treatment of injuries, convalescence following surgical implantation of radio transmitters, and prerelease conditioning. Captive management techniques for physical and chemical restraint, evaluation of health status, housing, and nutrition were developed and refined by a team of wildlife biologists and laboratory animal veterinarians to enhance reintroduction success by promoting the release of healthy, well-conditioned otters. The incorporation of a captive management plan within the framework of otter relocation efforts has contributed to successful restoration of otter populations in Pennsylvania.",,Wright et al,WOS:A1993LA70700005,"[""Biological resource use""]","[""Hunting & Collecting Terrestrial Animals""]"
MARTEN ACTIVITY IN UNCUT AND LOGGED BOREAL FORESTS IN ONTARIO,"Marten (Martes americana) experience greater survival and production rates in old growth forests than in postclear-cut forests. To determine whether total time active and foraging success contribute to these differences, we compared marten movements and hunting activities in their preferred old-forests habitats to those in logged forests. Marten in uncut forests captured up to 119% (P = 0.003) more prey biomass than those in logged forests, depending on prey populations. We found few marten activity differences by forest type attributable to differences in density and prey species, or habitat structure. Distances between core areas in individual home ranges were greater (P < 0.001) in logged forests than in uncut forests. In years when food was scarce, mean distance between core areas was greater (P < 0.001) than in years of abundant food. Total diel time active was the same for males and females, but females were more (P < 0.001) nocturnally active than males in uncut forests or all marten in logged forests. Marten activity declined (P < 0.01) from less-than-or-equal-to14 hours/day in summer to <4 hours/day in late winter. Marten changed their activity patterns from active at all times of the day (24 hr) in summer, to diurnal in winter. We hypothesize that marten activity in winter may be influenced by energy conservation, particularly when temperatures are below -15 C. Access to the subnivean zone was more available in uncut forests than in logged forests, but marten in each habitat hunted beneath the snow at similar rates (P = 0.76) suggesting that subnivean access may not be a limiting feature of habitat structure in boreal forest. Marten may prefer old coniferous forests because of a greater rate of prey capture compared with that in more open habitats presented by logged forests.",10.2307/3809392,Wright et al,WOS:A1994NF08300014,"[""Biological resource use""]","[""Logging & Wood Harvesting""]"
"Decline in American Marten Occupancy Rates at Sagehen Experimental Forest, California","We compared the distribution and frequency of American marten (Martes americana) detections during historic surveys and a recent survey on the Sagehen Experimental Forest (SEF) in the Sierra Nevada Mountains, California. This area has been the location of 9 previous marten surveys during 1980-1993, each involving a systematic detection/non-detection survey on the same grid. These data are a time series of information on the occupancy of martens that can be related to habitat change in the study area. Our objectives were to 1) resurvey martens in SEF using methodology similar to previous studies to assess current marten occupancy; 2) evaluate changes in marten occupancy during the period 1980-2008; and 3) examine associations between marten occurence and changes in habitat and landscape metrics. Current marten occupancy was estimated using surveys conducted in summer 2007, winter 2007-2008, and summer 2008. From 1978 to 2007 there was a decrease in predicted habitat patch size, core area, and total amount of marten habitat in the study area, as well as an increase in distance between patches. Marten detections in 2007-2008 were approximately 60% lower than in surveys in the 1980s. We detected no martens in the summers of 2007 and 2008, and 10 detections in winter 2007-2008 were limited to higher elevations in the southwestern portion of SEF. No martens were detected in the lower elevations where most of the recent forest management activity occurred. We suggest that the marten population at SEF has been negatively affected by the loss and fragmentation of habitat. We recommend that future management of forests in the Sagehen basin focus on restoring and connecting residual marten habitat to improve habitat quality for martens. (C) 2011 The Wildlife Society.",10.1002/jwmg.228,Wright et al,WOS:000296424900012,"[""Biological resource use""]","[""Logging & Wood Harvesting""]"
Home-range sizes and altitude selection for arctic foxes and wolverines in an alpine environment,"We compared the use of space and habitat by wolverines, Gulo gulo, and arctic foxes, Alopex lagopus, on the Snohetta plateau and surrounding mountains in south-central Norway. The arctic foxes used smaller annual home ranges than the wolverines, whose home ranges were among the largest yet reported for the species. In both species, resident males used larger home ranges than resident females. Arctic foxes used a much narrower, and higher, range of altitudes than wolverines, always above the tree line. Wolverines used lower altitudes in winter than in summer. Female wolverines showed pronounced seasonal peaks in their use of the peripheral areas of their home ranges. Both species showed an ability to cross at least some transportation corridors (road, rail, human settlements) in the area. The habitat available at Snohetta appears suitable for arctic foxes and does not explain the failure of the population to recover during 67 years of protection. Because of predation on domestic sheep, wolverines will probably be confined to a series of core conservation areas (CCA). At present densities (0.28-0.36 wolverines per 100 km(2)), the CCA surrounding Snohetta can contain from 36 to 50 wolverines.",10.1139/cjz-76-3-448,Wright et al,WOS:000074719800009,"[""Biological resource use""]","[""Hunting & Collecting Terrestrial Animals""]"
BREEDING PATTERNS AND REPRODUCTIVE SUCCESS OF CALIFORNIA SEA OTTERS,"Following commercial exploitation in the eighteenth and nineteenth centuries, sea otter (Enhydra lutris) populations in Alaska, British Columbia, and Washington recovered at 17-20% a year, yet the California population increased at only 5% a year. This slow rate of increase is perplexing, given that unoccupied and apparently favorable habitats occur throughout the sea otter's California range, and higher growth rates occurred among northern sea otter populations. Better knowledge of the demography of the California population is important in understanding these disparate population growth rates. We studied the reproductive biology and behavior of 53 tagged female sea otters from 1985 to 1991 in Monterey Bay, California. During the study, 136 pups were born to these females. Observations of each female enabled us to determine exact or estimated pup birth dates, which we used to calculate lengths of gestation, pup dependency, and reproductive cycle. Seasonal trends in pupping, in the proportion of adult females with pups, and in pup separations from their mothers were relatively uniform throughout the year. The average interval between separation from pup and subsequent birth was 198 days, the interbirth interval was 407 days, and estimated birth rate was 0.90/year for all adult females. For females that pupped annually (did not lose undetected newborns), the average interbirth interval was 342 days, given an estimated birth rate of 1.07/year. Length of the reproductive cycle increased with increasing length of prior pup dependency. However, the interval between separation from pup and subsequent birth was delayed among females that prematurely lost their pups. The average length of dependency for pups that survived to weaning was 166 days, but ranged from 120 to 280 days. The maximum preweaning survival rate was 0.60-0.65, less than values measured or inferred for some Alaskan populations. Most pups that did not survive to weaning were lost within a month of birth. The probability of successfully weaning pups and the length of dependency increased (P = 0.077) with mothers' ages, thus indicating that reproductive success may increase among females with greater mothering experience. The high preweaning pup mortality we observed probably accounts for much of the relatively slow growth rate of the California sea otter population.",10.2307/3809308,Wright et al,WOS:A1994NW89300001,"[""Biological resource use""]","[""Hunting & Collecting Terrestrial Animals""]"
Fisher survival in eastern Ontario,"Fishers (Martes pennanti) have recolonized eastern Ontario, Canada, but little is known about the survival of this harvested population. We estimated fisher survival and cause-specific mortality in Leeds and Grenville County, Ontario, from 2003-2005. The overall 2-year survival rate (95% CI) was 0.35 (0.21-0.56, n = 59). We attributed observed mortality rates mainly to natural causes (28.6%) and nuisance trapping (21.4%). Given reported recruitment rates, our estimated fisher mortality has likely led to population declines in the study area, especially during 2003. Thus, we do not recommend an increase in fisher harvest quotas in the study area at this time.",10.2193/2006-064,Wright et al,WOS:000247168500026,"[""Biological resource use""]","[""Hunting & Collecting Terrestrial Animals"", ""Logging & Wood Harvesting""]"
Interactions between the Neotropical otter (Lontra longicaudis) and gillnet fishery in the southern Brazilian coast,"The Neotropical otter (Lontra longicaudis) is an aquatic carnivore that interacts with fisheries activities and competes with fisherman for resources. Information about the biology and conservation issues of a species can be obtained from traditional ecological knowledge collected from the communities that share the same resources. In this sense, the objective of this study was to describe conflicts between the otters and two fishing communities (Imbe and Tramandai) in the Tramandai Lagoon (29 degrees 57'S; 50 degrees 11'W), in southern Brazil. We conducted 36 interviews that represented 72% of the local fishermen that use gillnets in the lagoon. All fishermen reported that otters interfered with fishing activities, by feeding on fish in the gillnets, and 75% of those interviewed reported gear damage. Fifty percent of the fishermen reported that observed the otters used the lagoon daily. Many fishermen (41.6%) also reported that the amount of damage attributed to the otters was considered small, but the depredation was reported as occurring daily (55.5%). Fishermen from Imbe have a more negative perception of the interaction with otters, probably because they usually fish near to the area most frequently used by otters. This amplifies the magnitude of the conflict and damage. In order to minimize the depredation of fish by otters directly on the gillnets, we suggested some measures to fishery management, as well as additional studies about the potential prey overlap between the Neotropical otter and the fishery. (C) 2012 Elsevier Ltd. All rights reserved.",10.1016/j.ocecoaman.2012.03.007,Wright et al,WOS:000305262100002,"[""Biological resource use""]","[""Hunting & Collecting Terrestrial Animals""]"
Management strategies for the wolverine in Scandinavia,"The use of Population Viability Analysis has recently been criticized mainly because uncertainties in population predictions are often ignored. We analyzed the viability of Scandinavian wolverine Gulo gulo populations that allow for the inclusion of uncertainties in parameter estimates and stochastic effects on population dynamics. We used the insight gained from analyses of stochastic population models to quantitatively analyze different management options for the wolverine. These management options were based on data from an individual-based demographic study in the Sarek National Park, Sweden, and data from monitoring schemes in Norway and Sweden. Stochastic components in population dynamics of the wolverine were large. Strong density regulation occurred around the carrying capacity. According to the World Conservation Union (2001), the carrying capacity of populations must exceed 46 sexually mature (>= 3-yr old) females to be considered not vulnerable. Continuation of the current levels of offtake in Norway will lead to extinction of the wolverine over large parts of the country. Hence, current rates of mortality of female wolverine make the northern population endangered, whereas the southern population is classified as vulnerable. Management plans allowing harvest of individuals should be based on a proportional threshold harvest strategy. Only 40-60% of the surplus individuals exceeding a certain threshold for harvesting should be removed. Our analyses emphasized the importance of including estimates of precision in parameter estimates, including stochastic factors in recommendations based on Population Viability Analysis, and examining the robustness of the conclusions against variation in crucial parameters by sensitivity analyses.",10.2193/0022-541X(2005)069[1001:MSFTWI]2.0.CO;2,Wright et al,WOS:000233385900015,"[""Biological resource use""]","[""Hunting & Collecting Terrestrial Animals""]"
Popularity of pet otters on YouTube: evidence of an emerging trade threat,"In response to growing reports of otters in the pet trade, and suggestions that the popularity of pet otters on social media may be driving demand, we collated YouTube videos of pet otters to test for trends in the number of videos published, their exposure (number of views) and popularity. We used English-language search terms to provide a global overview, as well as local language search terms for four South East Asian countries identified as being of potential importance in the pet otter trade (Indonesia, Malaysia, Thailand and Vietnam), and Japan. We found that not only had the number of videos depicting pet otters increased in the last two to three years (2016-2018), but that their popularity and/or engagement had also increased. Notwithstanding some country-level differences in the details of effects observed, the greatest increases in both the number of videos produced and their popularity occurred in Indonesia and Japan. At a global-level, commercial viral video sites appeared to be influential in terms of posting highly popular pet otter videos. At a national level, potentially influential videos tended to be produced by four or five individual otter owners. The appearance of phrases such as I want one in the comments section of the English-language videos, although not necessarily a statement of actual intent, suggests that these videos may be driving demand amongst their viewers and followers; similar analyses of video comments in each local language are warranted. Our results show an increase in social media activity that may not only be driving the apparent increase in popularity, but also amplifying awareness of the availability of these animals as pets, as well as creating and perpetuating the (erroneous) perception of otters as a suitable companion animal. At a global level, there are welfare concerns associated with otters in the pet trade, and, in South East Asia specifically, there are serious conservation concerns. We recommend increased regulation of these activities on social media, increased public awareness of the negative impacts of the pet trade on otters, and increased international protection. Specifically, we suggest the need to uplist both small-clawed and smooth-coated otters (Aonyx cinereus and Lutrogale perspicillata, respectively) to CITES Appendix 1.",10.3897/natureconservation.36.33842,Wright et al,WOS:000487329100001,"[""Biological resource use""]","[""Hunting & Collecting Terrestrial Animals""]"
"Isolation and Characterization of Microsatellite Markers for the Sable, Martes zibellina (Mammalia: Mustelidae)","The number of wild sables has declined dramatically in recent years due to the high value and increasing demand of their fur. In order to evaluate the genetic diversity and population structure for the conservation and management of sables (Martes zibellina), we developed six microsatellite markers using a method of fast isolation by AFLP of sequences containing repeats (FIASCO) from them in this study. The primers designed by Primer Premier 5.0 based on conservative regions were tested on 22 individuals. Our results demonstrated that the number of alleles per locus ranged from two to five and the mean number of alleles was 3.67. The observed and expected heterozygosities ranged from 0.227 to 0.545 and 0.201 to 0.630, respectively. The polymorphic information content value ranged from 0.181 to 0.573. Null allele frequency varied from -0.0548 to 0.0563. The sets of loci proved to correctly discriminate populations using Principal Coordinate analysis. These polymorphic markers will be useful tools for investigating genetic diversity and population structure of this species.",10.17582/journal.pjz/2017.49.5.sc1,Wright et al,WOS:000416295400044,"[""Biological resource use""]","[""Hunting & Collecting Terrestrial Animals""]"
"The diversity, status and conservation of small carnivores in a montane tropical forest in northern Laos","Laos harbours globally significant populations of small carnivores, including mustelids and viverrids of conservation concern and felids that are relatively rare or unknown from other parts of Asia. However, few have received conservation attention as managers still lack basic information on the status and distribution of even the most common species. We conducted the country's first systematic camera-trap monitoring of carnivores in the Nam Et-Phou Louey National Protected Area on the Laos-Vietnam border, with intensive sampling across 500 km(2) from 543 to 2,288 m altitude for 8,499 camera-trap days during 2003-2006. Surveys detected 14 species of small carnivores, including the first record of Owston's civet Chrotogale owstoni for Laos. Preliminary occupancy estimates for the seven most common species ranged from 11% for marbled cat Pardofelis marmorata to 42% for Asian golden cat Pardofelis temminckii. Activity patterns of viverrids were primarily nocturnal whereas mustelids, except for hog badger Arctonyx collaris, were diurnal. Leopard cat Prionailurus bengalensis was largely nocturnal, marbled cat primarily diurnal and Asian golden cat as likely detected during the day as at night. Our results led to the establishment of a contiguous 3,000-km(2) protected area core zone and regulations that protect threatened species and control harvest of managed species.",10.1017/S0030605309990238,Wright et al,WOS:000271732400026,"[""Biological resource use""]","[""Hunting & Collecting Terrestrial Animals""]"
SIMULATION MODELING OF AMERICAN MARTEN (MARTES AMERICANA) POPULATIONS - VULNERABILITY TO EXTINCTION,"American marten (Martes americana) are medium-sized mammalian carnivores inhabiting forest communities across northern North America. Martens are susceptible to local extinction from habitat alterations, trapping, and other factors. We (RCL) developed a population model called VORTEX to estimate extinction probabilities for marten populations as a management tool. The model permits managers to simulate various levels of timber harvesting, commercial trapping, and other factors to estimate their effects on marten populations. This paper describes this model and illustrates its benefits by using marten data from the Greater Yellowstone Ecosystem of northwestern Wyoming. Results are preliminary. Populations of 50 and 100 martens were simulated. The most optimistic scenario with populations of 100 individuals, no trapping, no logging, and no migrants showed a probability (66%) of surviving 100 years. Extinction probabilities were sensitive to immigration and emigration rates. Numerous scenarios were simulated and showed a range of results. Results of population viability analysis can be translated into area requirements if densities are known or can be estimated. In turn, various habitat patches and interconnecting corridors can be examined for their ability to support viable marten populations. Population modeling is invaluable to ''adaptive management'' of martens as well as other species.",,Wright et al,WOS:A1993MT81900006,"[""Biological resource use""]","[""Hunting & Collecting Terrestrial Animals"", ""Logging & Wood Harvesting""]"
"A recovering flagship: giant otters, communities and tourism in northern Peru","Context. Ecotourism, driven by viewing large charismatic fauna, is often assumed to contribute to the conservation of animals and their habitats. Giant otter populations continue to increase and repopulate areas near communities, leading to problems with fishermen because of perceived competition and damage to nets. Aims. We investigate attitudes towards giant otters in rural northern Peru, to see whether negative perceptions towards the species are mitigated by involvement in tourism. Methods. We interviewed 103 people from communities on the following three Amazonian rivers where giant otter populations have recovered: one where logging and hunting are main activities, and where there is no tourism and only a low level of fishing; one with a medium level of tourism and a high level of fishing; and, one with a higher level of both tourism and fishing. We asked interviewees about their main commercial activities and experiences and opinions of giant otters. Key results. Whereas two-thirds of interviewees declared predominantly positive opinions about giant otters, just under half mentioned competition with giant otters for fish, and a fifth reported giant otters damaging fishing equipment. However, there was no difference between opinions about otters of people who identified fishing as their main source of income and those who did not. Although people working directly for tourism companies were no more likely to say that they received benefits from giant otters than were other people, and there was no significant difference in their opinions about otters when people receiving indirect benefits from tourism were also included in the sample, this group was significantly more likely to have positive opinions about otters. Conclusions. Both positive and negative opinions occurred in our study areas, and we detected only limited changes in the perceptions of people living with giant otters with respect to their involvement with tourism. Implications. To mitigate negative perceptions of giant otters and the threat of persecution, benefits from tourism must reach those who are likely to perceive or experience costs from coexistence. We highlight the need for research into the value of otters to tourism, and to disseminate the results in rural areas where otter tourism may benefit local people.",10.1071/WR14032,Wright et al,WOS:000350284200004,"[""Biological resource use""]","[""Hunting & Collecting Terrestrial Animals""]"
"Updated status of the Sea Otter, Enhydra lutris, in Canada","Sea Otters (Enhydra lutris) ranged historically across the north Pacific from the central Pacific coast of Baja California, to northern Japan. An intensive fur hunt in the 18th and 19th centuries extirpated the Sea Otter from much of its range. The species was protected in 1911, and now occupies approximately half of its historic range. Presently, the worldwide population of Sea Otters is thought to be about 150 000 animals. The British Columbia Sea Otter population, originating from 89 animals reintroduced to Vancouver Island from 1969 to 1972, has increased at a finite rate of 18.6% per year, a rate similar to reintroduced populations in Washington and southeast Alaska. In 1995, a minimum of 1522 Sea Otters were found in British Columbia. Most of these animals occurred off Vancouver Island, but at least 135 Sea Otters were found near Goose Island, 125 km north of Vancouver Island. The origin of this latter group is uncertain. Sea Otters are presently classed as threatened in British Columbia and are protected under Federal and Provincial regulations.",,Wright et al,WOS:A1997XJ31500016,"[""Biological resource use""]","[""Hunting & Collecting Terrestrial Animals""]"
"Status of Pacific Martens (Martes caurina) on the Olympic Peninsula, Washington","Pacific martens (Martes caurina) remain common in montane regions of the Pacific states, yet their distribution and status on the Olympic Peninsula, Washington, is uncertain. Between 1968-2008, six reliable marten detections exist; a dead juvenile female (2008) indicates martens were reproducing on the Peninsula within the last decade. To assess the status of martens, we describe carnivore surveys conducted from 1991-2008 (n = 223 stations). Additionally, we present results from three survey efforts we conducted from 2013-2016 (n = 747 stations). Although a suite of carnivore species was detected, surveys from 1991-2008 failed to detect either martens or fishers. Surveys from 2013-2016 detected reintroduced fishers, and resulted in two marten detections near Mt. Olympus, 4 km apart. A marten was photographed opportunistically near Mt. Cruiser in 2015, 44 km from Mt. Olympus. Altogether, nine reliable detections of Pacific martens were obtained between 1968 and 2016, including three since 2008. Evidence suggests martens are absent from the lower elevation regions they once occupied and occur at exceedingly low densities at higher elevations. To understand the trend in marten populations on the Peninsula and develop appropriate conservation strategies, additional broad- and fine-scale surveys using detection devices that enable the genetic identification of individuals will be needed.",10.3955/046.093.0204,Wright et al,WOS:000488004300005,"[""Biological resource use""]","[""Logging & Wood Harvesting""]"
Evolving protected-area impacts in Panama: impact shifts show that plans require anticipation,"Protected areas (PAs) are the leading forest conservation policy, so accurate evaluation of future PA impact is critical in conservation planning. Yet by necessity impact evaluations use past data. Here we argue that forward-looking plans should blend such evaluations with anticipation of shifts in threats. Applying improved methods to evaluate past impact, we provide rigorous support for that conceptual approach by showing that PAs' impacts on deforestation shifted with land use. We study the Republic of Panama, where species-dense tropical forest faces real pressure. Facing variation in deforestation pressure, the PAs' impacts varied across space and time. Thus, if shifts in pressure levels and patterns could be anticipated, that could raise impact.",10.1088/1748-9326/9/3/035007,Pulido-Chadid et al,WOS:000334068000028,"[""Biological resource use""]","[""Logging & wood harvesting""]"
Synthesis of survival rates and causes of mortality in North American wolverines,"Understanding population vital rates is fundamental to the evaluation of conservation options for wolverines (Gulo gulo). We estimated survival rates and causes of wolverine mortality in trapped and untrapped populations within montane, boreal, and tundra environments using data from 12 North American radiotelemetry studies conducted between 1972 and 2001. Rates were based on data for 62 mortalities of 239 radiomarked wolverines. Mortalities included 22 wolverines that were trapped or hunted, 3 road or rail killed, 11 that were predated, 18 that starved, and 8 deaths of unknown cause. Annual survivorship rates were estimated for sex and age class using Kaplan-Meier staggered-entry techniques. Survival was substantially lower in trapped (<0.75 for all age-sex classes) than in untrapped (>0.84 for all age-sex classes) populations. Human-caused mortality was mostly additive to natural mortality for wolverines in a management context. Logistic growth rate estimates indicated that trapped populations would decline (lambda congruent to 0.88) in the absence of immigration from untrapped populations (lambda congruent to 1.06). We recommend a system of spatial harvest controls in northern, continuous populations of wolverines and reduction of harvest along with more spatially explicit conservation measures in southern metapopulations.",10.2193/0022-541X(2004)068[0493:SOSRAC]2.0.CO;2,Wright et al,WOS:000222901700007,"[""Biological resource use""]","[""Hunting & Collecting Terrestrial Animals""]"
"The co-management approach has positive impacts on mangrove conservation: evidence from the mono transboundary biosphere reserve (Togo-Benin), West Africa","Literature on conservation science has documented the increasing use of the co-management approach to effectively conserve natural resources. Although some studies found the co-management approach as highly effective, others also reported some uncertainties associated with the use of this conservation approach. Using the mono transboundary biosphere reserve (MTBR) as a case study, this work assessed the effectiveness of the co-management approach for mangrove conservation in West Africa. Data was collected in two protected sites of the reserve (one in Togo and the other in Benin). Exploratory sequential mixed method via in-depth interviews (n = 17), focus group discussions (n = 14), household surveys (n = 274) and expert-based surveys (n = 10) were carried out, and data was analyzed using the InVEST-based Habitat Risk Assessment (HRA) model, chi-square tests and simple probability of likelihood. Findings showed that the co-management approach has lowered anthropogenic stressors to mangroves in the reserve. Under the co-management approach, all the mangroves located in the Benin side of the reserve are identified as under low risk whereas 42% of the mangrove cover are considered under low risk and 58% under medium risk in Togo. Local perception also portrayed the reduction of mangrove degradation in the study sites following the adoption of the co-management approach in the two countries. However, there are some challenges such as the financial support provision and regular community engagement which need to be thoroughly researched and addressed to achieve the sustainability of the positive impacts of the co-management in the MTBR.",10.1007/s11273-022-09894-0,Pulido-Chadid et al,WOS:000851347000001,"[""Biological resource use""]","[""Logging & wood harvesting""]"
Status of American martens in coastal forests of the Pacific states,"American martens (Martes americana) are associated strongly with mature conifer forests and once occurred throughout the mountains of the coastal Pacific states. We sought to document the distribution of martens in this region using historical records and to understand recent change in their distribution. We described the distribution of martens from 1900 to 1949 using museum and trapping records and compared it to recent (1989-1998) detections at camera and track-plate stations. Martens were detected at only 12 of the 237 (5.1%) survey sample units in coastal California, Oregon, and Washington. Martens are absent from most of the historical range of the Humboldt marten (M. a. humboldtensis) in California and also may have declined on the Olympic Peninsula of Washington. Few data exist from northwestern Oregon and southwestern Washington, but the limited amount of protected public land and absence of reported road kills are reasons for concern fur populations in this region. Martens still occur in the central and southern coastal mountains of Oregon. Our results suggest that conservation of martens in coastal forests will require new initiatives to protect existing populations and new efforts to document all populations of martens in this region. Conservation measures should include a reevaluation of timber harvest plans that affect habitat in coastal forests, interagency cooperation on a coastal marten conservation assessment, and the collection of new survey information, especially on private lands in southwestern Washington and northwestern Oregon.",10.1644/1545-1542(2001)082<0478:SOAMIC>2.0.CO;2,Wright et al,WOS:000168879100020,"[""Biological resource use""]","[""Logging & Wood Harvesting""]"
Have China's national forest reserves designated since 1990 conserved forests effectively?,"China's forests were severely degraded by human activities during the latter half of the 20th century. Therefore, China enacted ambitious programs of natural forest protection and afforestation to protect and expand forests. Yet it is unclear how the programs, especially the designation of forest reserves, have affected forest cover and fragmentation. We evaluated the effectiveness of China's national forest reserves designated since 1990 in conserving forests, by analyzing four forest metrics (i.e., percentage forest cover, mean forest patch size, mean forest patch radius of gyration, and forest patch cohesion index) derived from a newly produced 30 m annual China land cover dataset from 1990 to 2019. We found that overall forest cover increased and fragmentation decreased from baseline years, when reserves were designated, to 2019 in both reserves and their surrounding areas, and only the increase in forest cover relative to baseline was significantly greater in reserves than in surrounding areas. The designation time of reserves under national protection had no considerable effect on changes in the four metrics, but for zonation, the core zone showed a significantly higher increase in forest patch cohesion index relative to baseline than the buffer and transition zones. Nevertheless, forest cover declined and fragmentation increased in highly forested reserves, suggesting destructive human activities and ineffective management. Thus, forest protection and regeneration programs were moderately successful. We recommend that there is significant improvement needed to ensure greater protection of existing forests and reduction of threats to promote effective management.",10.1016/j.jenvman.2022.114485,Pulido-Chadid et al,WOS:000783627100005,"[""Biological resource use""]","[""Logging & wood harvesting""]"
Illegal pet trade on social media as an emerging impediment to the conservation of Asian otters species,"Social media has become an increasingly popular platform to trade legal and illegal wildlife. Here, we evaluate the online trade of otters, a group of globally threatened taxa in Thailand, a country of high global social media use. During the 14-month period, we monitored five Facebook groups to establish a primary understanding of the scope and scale of the trade. We recorded 160 sales posts (337 individual otters) of two species, the Asian small-clawed otter (Aonyx cinereus) (81%) and the smooth-coated otter (Lutrogale perspicillata) (19%). Newborn otter pups accounted for 53% of the offers, whereas young otters accounted for 35%. Prices averaged US$78, where the smooth-coated otter was offered at a significantly higher price than the Asian small-clawed otter. Juvenile otters were also significantly more expensive than newborns. Trade appears to be domestic; however, the potential for international trade cannot be overlooked. Although otters are protected domestically, we find that the trade is easily accessible and prevalent. The results reflect current inadequacies in enforcement and legislation in keeping pace with the rapidly shifting nature of the Internet in Thailand and throughout the global Internet community. A consistent collaborative effort from consumers, enforcement agencies, and operators is required to address this illicit trade. (C) 2018 National Science Museum of Korea (NSMK) and Korea National Arboretum (KNA), Publishing Services by Elsevier.",10.1016/j.japb.2018.09.004,Wright et al,WOS:000514194200001,"[""Biological resource use""]","[""Hunting & Collecting Terrestrial Animals""]"
EFFECTS OF CHANGES IN FISH POPULATIONS IN LAKE VICTORIA ON THE FOOD OF OTTERS (LUTRA-MACULICOLLIS SCHINZ AND AONYX-CAPENSIS LICHTENSTEIN),"Observations were made on feeding by spotted-necked otters (Lutra maculicollis), and the Cape clawless otter (Aonyx capensis), in Lake Victoria, Tanzania. Spotted-necked otters lived mostly in small packs. Their prey consisted mainly of cichlid fishes. A method is described for estimating prey size from the diameter of fish eye-lenses found in the otters' faeces. Spotted-necked otters took mostly small prey but they also often ate relatively large, introduced fish species, in contrast to reports on their food elsewhere and in Lake Victoria before the recent change in fish populations. Clawless otters ate mostly crabs. The populations of spotted-necked otters have declined along most coasts of Lake Victoria, possibly because of changes in fish populations and vegetation. Introduced fish species were preyed upon in certain types of shore-line vegetation especially on uninhabited islands. The clawless otter is not likely to be affected by the changes in fish populations.",10.1111/j.1365-2028.1990.tb01167.x,Wright et al,WOS:A1990FA60700007,"[""Biological resource use""]","[""Fishing & Harvesting Aquatic Resources""]"
Abundance Trends of American Martens in Michigan Based on Statistical Population Reconstruction,"Estimating the dynamics of furbearer populations is challenging because their elusive behavior and low densities make observations difficult. Statistical population reconstruction is a flexible approach to demographic assessment for harvested populations, but the technique has not been applied to furbearers. We extended this approach to furbearers and analyzed 8 yr of age-at-harvest data for American marten (Martes americana) in the Upper Peninsula of Michigan. Marten abundance estimates showed a general downward trend from an estimate of (N) over cap = 1,733.3 ((SE) over cap = 861.3) animals in 2000 to (N) over cap = 1,163.9 ((SE) over cap= 520.1) in 2007. The harvest probability of martens increased nearly 5-fold from 0.0542 (SE = 0.0250) in 2000 to 0.2637 ((SE) over cap = 0.1154) in 2007, which corresponded to a 5-fold increase in trap-nights. Continued monitoring of martens in the Upper Peninsula, Michigan, and a reassessment of current harvest regulations are necessary given the estimated decreases. Moreover, we do not encourage the use of harvest indices as the sole technique to assess the status and trends of marten and fisher populations. Auxiliary studies in the Upper Peninsula, Michigan, will allow for continued use and improvement in the application of these models. (C) 2011 The Wildlife Society.",10.1002/jwmg.227,Wright et al,WOS:000296424900011,"[""Biological resource use""]","[""Hunting & Collecting Terrestrial Animals""]"
"Carnivores' diversity and conflicts with humans in Musk Deer National Park, Azad Jammu and Kashmir, Pakistan","Pakistan's northern expanses have rich diversity of mammalian carnivores, but majority of them are either threatened or endangered due to habitat degradation and conflict with humans. This study was conducted between May and June 2014 with the aim of determining the diversity of mammalian carnivores and their conflict with humans in Musk Deer National Park (MDNP), Azad Jammu and Kashmir (AJK). Forty motion-triggered cameras (Reconyx((TM))) were installed in different watersheds of MDNP to determine carnivore species diversity. A human-carnivore conflict study was conducted through semi-structured questionnaires where 149 respondents were randomly selected from 18 villages in the park. A total of nine carnivore species were documented, namely snow leopard (Panthera uncia), common leopard (Panthera pardus), leopard cat (Prionailurus bengalensis), brown bear (Ursus arctos), Asiatic black bear (Ursus thibetinus), grey wolf (Canis lupus), red fox (Vulpes vulpes), stone marten (Martes foina), and yellow-throated marten (Martes flavigula). During the past year, a total of 817 livestock were lost to disease and carnivore predation. Carnivores were held responsible for 276 livestock losses which translated into an annual economic loss of USD 28,145 (USD 189 per household). Both Asiatic black bear and brown bear also damaged maize and potato crops causing economic losses of USD 16,330 (USD 110 per household). Depredation of livestock was greatly affected by four factors: prey type, season of depredation, location of depredation, and livestock guarding practices. Based on the responses, the people of Folwai village showed the most negative perception towards carnivores. Majority of the respondents declared grey wolf, brown bear, and Asiatic black bear to be the most dangerous carnivores in the park. Our results showed that MDNP has rich diversity of carnivores but their survival in the park is in danger due to conflict with humans over excessive livestock depredations and crop raiding. Active livestock guarding practices can reduce carnivore attacks. Educating local people, vaccinating their livestock, and compensating affected families can greatly reduce negative perceptions.",10.1007/s10344-016-1029-6,Wright et al,WOS:000383861000006,"[""Biological resource use""]","[""Hunting & Collecting Terrestrial Animals""]"
Effect of felling on the distribution of rodents and their predators in a transitional mixed forest,"The influence of felling on the distribution of rodents and their predators in a transitional coniferous-deciduous forest in northern Belarus was investigated in relation to stand age, forest type, and soil richness. The study was conducted in two areas differing by top-grounds (day and sand soils) and, in turn, having different habitat carrying capacities. Three forest parts were investigated: 1) 10%, 2) 20-30%, and 3) 40-60% covered by recent clearcuts. Three age classes of the clearcuts, namely 1) less than 2 years old, 2) 2-5 years old and 3) 6-12 years old, were considered. In total, we obtained data on small rodent numbers in 84 clearcuts, and the data on predators - in 67 clearcuts and the woodland parts differed by logging rate. Eventually, we became convinced that felling generally led to an increase in the abundance and species richness of rodents and their predators and that was attributable in the clearcuts aged up to 12 years. First, logging led to higher densities of Apodemus mice, the red fox Vulpes vulpes L., weasel Mustela nivalis L., tawny owl Strix aluco L., common buzzard Buteo buteo L. and adder Vipera berus L. Also, with the increased felling rate Microtus voles and the long-eared owl Asio otus L. penetrated in transitional woodlands. Too intensive forest harvesting (more than 40% of recent clearcuts) led to the decline in the populations of several predatory species such as the pine marten Martes martes L., Tengmalm's owl Aegolius funereus L., Ural owl Strix uralensis Pall., and pygmy owl Glaucidium passerinum L. The decline in rodent predators found in the conditions of too intensive logging rate was different in the woodlands on sand and clay top-grounds. In the conditions of clay soil too intensive felling led to the pronounced decline of a marked part of the rodent predatory guild inhabiting woodlands, and the species densities decreased to the level that was lower than the initial one. Conversely, in initially Poor habitats in the woodland on sandy deposits, logging of any rate led to the increase in numbers of rodents and their predators compared to undisturbed forest. But moderate logging was found to be the most favourable for the community there.",,Wright et al,WOS:000256959500011,"[""Biological resource use""]","[""Logging & Wood Harvesting""]"
Reproductive characteristics of female wolverines (Gulo gulo) in Scandinavia,"We Studied reproduction of 56 female wolverines (Gulo gulo) in 2 areas of northern Scandinavia. Minimum average age at 1st reproduction was 3.4 years. Mean proportion of females (>= 3 years old) reproducing was 0.53 (95% confidence interval [CI] = 0.43-0.63, n = 94), and the annual mean was 0.58 (95% Cl = 0.35-0.80, n = 83). Mean annual birth rate was 0.74 (95% Cl = 0.33-1.14, n = 83) young per female (>= 3 years old). Mean size of 74 litters was 1.88 (95% Cl = 1.68-2.07, range = 1-4). Examination Of Our data Suggests that female wolverines have low productivity and low capacity to compensate for increased mortality. Therefore, wildlife managers Should consider wolverine demographics, especially mortality of adult female wolverines, when developing and implementing conservation policies and harvest regulations.",10.1644/04-.1,Wright et al,WOS:000235845500011,"[""Biological resource use""]","[""Hunting & Collecting Terrestrial Animals""]"
Effectiveness of Africa's tropical protected areas for maintaining forest cover,"The effectiveness of parks for forest conservation is widely debated in Africa, where increasing human pressure, insufficient funding, and lack of management capacity frequently place significant demands on forests. Tropical forests house a substantial portion of the world's remaining biodiversity and are heavily affected by anthropogenic activity. We analyzed park effectiveness at the individual (224 parks) and national (23 countries) level across Africa by comparing the extent of forest loss (as a proxy for deforestation) inside parks to matched unprotected control sites. Although significant geographical variation existed among parks, the majority of African parks had significantly less forest loss within their boundaries (e.g., Mahale Park had 34 times less forest loss within its boundary) than control sites. Accessibility was a significant driver of forest loss. Relatively inaccessible areas had a higher probability (odds ratio >1, p<0.001) of forest loss but only in ineffective parks, and relatively accessible areas had a higher probability of forest loss but only in effective parks. Smaller parks less effectively prevented forest loss inside park boundaries than larger parks (T = -2.32, p<0.05), and older parks less effectively prevented forest loss inside park boundaries than younger parks (F-2,F-154 = -4.11, p<0.001). Our analyses, the first individual and national assessment of park effectiveness across Africa, demonstrated the complexity of factors (such as geographical variation, accessibility, and park size and age) influencing the ability of a park to curb forest loss within its boundaries.",10.1111/cobi.12851,Pulido-Chadid et al,WOS:000400962000008,"[""Biological resource use""]","[""Logging & wood harvesting""]"
Temporal variation in the population characteristics of harvested wolverine (Gulo gulo) in northwestern Canada,"Context. Wolverines (Gulo gulo) are harvested for fur in northern Canada; however, the impacts of harvest are poorly known. Additionally, wolverine population data are largely absent for much of their northern range. Demographic data collected from harvested wolverines provide information on the vulnerability and variability of different sex and age cohorts to harvest, which, in turn, may have implications for harvest sustainability. Aims. We examined the temporal variability of different sex and age cohorts in wolverine harvest among years, and within the harvest season, in Yukon, Canada. We also examined the pregnancy status of female wolverines in relation to the harvest date, so as to evaluate the impact of the harvest-season length on breeding wolverines. Methods. We determined the sex and age composition of harvested wolverines via dissections of 655 carcasses collected from 2005 to 2014. We determined the reproductive status and fetal measurements for female wolverines via dissections of reproductive tracts. Key results. The harvest consisted mostly of males, particularly of young individuals. The sex ratio of harvested animals did not fluctuate significantly, but we observed variation in the age structure among years. The age structure varied within the harvest season (November to March), with a greater proportion of adults being harvested in late winter. Active gestation was evident in females harvested after mid-January, and near-term or postpartum females were harvested during late February and March. Conclusions. Late winter harvest is likely to have a more significant impact on populations than is early winter harvest, because of increased harvest of adults and breeding females. Wolverine harvest season extends to the onset of the denning season in late February and March, indicating a concern for ethical harvest. Implications. Limiting the legal harvest season to early winter may contribute to improved harvest sustainability and protection of breeding wolverines in northern latitudes.",10.1071/WR17063,Wright et al,WOS:000418348700006,"[""Biological resource use""]","[""Hunting & Collecting Terrestrial Animals""]"
Relationship between small-game hunting and carnivore diversity in central Spain,"Small-game hunting plays an important economic role in central Spain and some game species are key food resources for threatened predators. Small carnivores may reduce numbers of important game species. To alleviate predation pressure on game populations, management is often focused on predator control. Control methods can be non-selective, and so could potentially have a negative impact on non-target carnivore species, affecting carnivore guild composition and diversity. Using data on carnivore diversity in 70 quadrants (5 x 5 km) in a large area of central Spain with two main land uses (small-game hunting and a mixture of big-game hunting and forestry), we assessed how game management was related to carnivore diversity. Carnivore species richness was significantly lower in those areas managed for small-game hunting than in areas where other land uses predominated. The apparently least affected species by predator control was the red fox (Vulpes vulpes), the main target species of predator control. Results suggested that low carnivore species richness was linked to small-game hunting activities, which was probably associated with non-selective predator control practices. Therefore, in order to reconcile carnivore conservation and economic goals it is imperative to develop and to evaluate selective predator control techniques.",10.1007/s10531-004-0823-8,Wright et al,WOS:000234053800011,"[""Biological resource use""]","[""Hunting & Collecting Terrestrial Animals""]"
"An assessment of British farmers' and gamekeepers' experiences, attitudes and practices in relation to the European Polecat Mustela putorius","Postal questionnaires were distributed to farmers and gamekeepers within the Polecat's Mustela putorius main range in Britain. Only 11% of responding farmers had ever experienced damage by Polecats; 28% regarded the species as a threat to livestock. Conversely 53% of farmers believed Polecats control Rabbits Oryctolagus cuniculus, and 39% believed they control rodents on the farm. Two-thirds of responding gamekeepers had experienced Polecat predation of penned game, with the commonest access routes via 'pop-holes' and beneath the perimeter wire. Most gamekeepers (68%) regarded the Polecat as a minor pest, but ranked it as a less serious threat to game than predators such as the Fox Vulpes vulpes, Feral Cat Felis catus, Stoat Mustela erminea, corvids and Mink Mustela vison. Majorities of both farmers and gamekeepers would be concerned about an increase in the numbers of Polecats, and most wished to be free to control the species. Trapping was regarded as the main defence against Polecat predation of game; 91% of gamekeepers had trapped Polecats over the preceding 5 years. A minority of farmers carried out Polecat control; this activity was more prevalent on farms near the fringe of the species' range. Pest-control practices likely to impact accidentally or indirectly upon Polecats, such as rodenticide use, fumigation ('gassing') of Rabbit burrows and ferreting, were also more prevalent on farms towards the fringe of the species' range. These findings are discussed in the light of the Polecat's status as a Scheduled species recovering its range in Britain. In anticipation of the species' further spread into areas where game shooting is prevalent, recommendations are made regarding the need to improve game husbandry and to modify trapping practice. In particular, the night-time closure of pop-holes and the effective exclusion of Polecats from tunnel traps are suggested as a means of promoting greater tolerance of Polecats and compliance with the law.",10.1046/j.1365-2907.1999.00039.x,Wright et al,WOS:000081403700001,"[""Biological resource use""]","[""Hunting & Collecting Terrestrial Animals""]"
Human caused mortality in the endangered Scandinavian wolverine population,"The wolverine is a relatively long lived mustelid species with low average annual reproduction which in theory makes them sensitive to changes in survival rates. In a multi-year study we monitored 211 radio-marked wolverines to estimate age-specific survival rates and mortality causes in an endangered population. Our data suggests that poaching forms a substantial part of wolverine population dynamics in northern Scandinavia causing up to 60% of adult mortality. Average annual adult survival rate was 0.91. Male and female survival rates did not differ. Twenty-five adult wolverines were confirmed to have died during the study. Fifty-two percent of confirmed adult mortality was human caused. The most important cause of adult mortality was poaching (9). Annual adult survival was lower (0.86) when 15 adult resident wolverines that were assumed to have died due to poaching were included in the analyses. Natural mortality among subadults and adults was less frequent in our study population compared to North American wolverine populations. Adult survival was significantly lower during the snow season (December-May) than during the snow-free season (June-November), while natural mortality was more evenly distributed between seasons. We explain this by the frequency of poaching which is higher during snow season. Our results underline the need to frame the underlying human dimension factors behind poaching to facilitate conservation and management of endangered populations. (C) 2008 Elsevier Ltd. All rights reserved.",10.1016/j.biocon.2008.10.028,Wright et al,WOS:000263303600008,"[""Biological resource use""]","[""Hunting & Collecting Terrestrial Animals""]"
Monitoring parks through remote sensing: studies in Nepal and Honduras,"The effectiveness of parks as management regimes is hotly contested. Much of the current discussion centered around comparisons of management regimes can be traced to a dearth of cross-site quantitative evaluations, Remote sensing provides a particularly effective tool for this purpose, yet analysis of remotely sensed data requires fieldwork to interpret human activities and the socioeconomic and political contexts that relate to land cover change. This paper examines the effect of establishment of the Celaque National Park, Honduras, and the Royal Chitwan National Park buffer zone, Nepal, on limiting deforestation. In Celaque, the park itself has been largely successful in maintaining forest cover. However, recent changes in land use patterns have led to increasing pressure on the park boundaries, exacerbated by the lack of involvement of local residents. In the Royal Chitwan National Park, in contrast, participatory approaches towards co-management have been implemented over the past decade in the park buffer zone. With significant incomes derived from ecotourism, complete protection of the buffer zone forest has been adopted, leading to significant regrowth of tree cover. However, local decision-making power is limited, and buffer zone management has largely proven successful due to the investment and support provided by international donor agencies. These two case studies demonstrate the utility of remote sensing and Geographical Information Systems analysis in providing a spatiotemporal perspective for assessing management policies. They also demonstrate the importance of fieldwork to provide a nuanced understanding of the socioeconomic and institutional conditions affecting the outcomes of forest management regimes.",10.1007/s00267-004-0028-7,Pulido-Chadid et al,WOS:000226582800013,"[""Biological resource use""]","[""Logging & wood harvesting""]"
Indicators for Assessing Habitat Values and Pressures for Protected Areas-An Integrated Habitat and Land Cover Change Approach for the Udzungwa Mountains National Park in Tanzania,"Assessing the status and monitoring the trends of land cover dynamics in and around protected areas is of utmost importance for park managers and decision makers. Moreover, to support the Convention on Biological Diversity (CBD)'s Strategic Action Plan including the Aichi Biodiversity Targets, such efforts are necessary to set a framework to reach the agreed national, regional or global targets. The integration of land use/cover change (LULCC) data with information on habitats and population density provides the means to assess potential degradation and disturbance resulting from anthropogenic activities such as agriculture and urban area expansion. This study assesses the LULCC over a 20 year (1990-2000-2010) period using freely available Landsat imagery and a dedicated method and toolbox for the Udzungwa Mountains National Park (UMNP) and its surroundings (20 km buffer) in Tanzania. Habitat data gathered from the Digital Observatory for Protected Areas (DOPA)'s eHabitat+ Web service were used to perform ecological stratification of the study area and to develop similarity maps of the potential presence of comparable habitat types outside the protected area. Finally, integration of the habitat similarity maps with the LULCC data was applied in order to evaluate potential pressures on the different habitats within the national park and on the linking corridors between UMNP and other protected areas in the context of wildlife movement and migration. The results show that the UMNP has not suffered from relevant human activities during the study period. The natural vegetation area has remained stable around 1780 km(2). In the surrounding 20 km buffer area and the connecting corridors, however, the anthropogenic impact has been strong. Artificially built up areas increased by 14.24% over the last 20 years and the agriculture area increased from 11% in 1990 to 30% in the year 2010. The habitat functional types and the similarity maps confirmed the importance of the buffer zone and the connecting corridors for wildlife movements, while the similarity maps detected other potential corridors for wildlife.",10.3390/rs8100862,Pulido-Chadid et al,WOS:000387357300076,"[""Biological resource use""]","[""Logging & wood harvesting""]"
Differential resilience of Amazonian otters along the Rio Negro in the aftermath of the 20th century international fur trade,"Commercial hunting for the international trade in animal hides in the 20th century decimated many populations of aquatic wildlife in Amazonia. However, impacts varied significantly between different species and regions, depending upon hunting intensity, accessibility of habitat, and the inherent resilience of various species and their habitats. We investigated the differential responses of two Amazonian Mustelid species, the neotropical otter and giant otter, to commercial hunting pressure along the upper Rio Negro in Brazil, and examined historical factors that influenced spatial and temporal variation in commercial exploitation. We analyzed previously unanalyzed data from historical records of hide shipments to track changes in hide sales and prices for the two species in the late 20th century. We also gathered oral histories from older Baniwa people who had witnessed or participated in commercial otter hunting. These complimentary data sources reveal how intrinsic biological and social characteristics of the two otter species interacted with market forces and regional history. Whereas giant otter populations were driven to local or regional extinction during the late 20th century by commercial hunting, neotropical otters persisted. In recent decades, giant otter populations have returned to some parts of the upper Rio Negro, a development which local people welcome as part of a generalized recovery of the ecosystems in their territory as a result of the banning of animal pelt exports and indigenous land demarcation. This paper expands the scope of the field historical ecology and reflects on the role of local knowledge in biodiversity conservation.",10.1371/journal.pone.0193984,Wright et al,WOS:000428845900003,"[""Biological resource use""]","[""Hunting & Collecting Terrestrial Animals""]"
Terrestrial carnivores and human food production: impact and management,"1. The production of food for human consumption has led to an historical and global conflict with terrestrial carnivores, which in turn has resulted in the extinction or extirpation of many species, although some have benefited. At present, carnivores affect food production by: (i) killing human producers; killing and/or eating (ii) fish/shellfish; (iii) game/wildfowl; (iv) livestock; (v) damaging crops; (vi) transmitting diseases; and (vii) through trophic interactions with other species in agricultural landscapes. Conversely, carnivores can themselves be a source of dietary protein (bushmeat). 2. Globally, the major areas of conflict are predation on livestock and the transmission of rabies. At a broad scale, livestock predation is a customary problem where predators are present and has been quantified for a broad range of carnivore species, although the veracity of these estimates is equivocal. Typically, but not always, losses are small relative to the numbers held, but can be a significant proportion of total livestock mortality. Losses experienced by producers are often highly variable, indicating that factors such as husbandry practices and predator behaviour may significantly affect the relative vulnerability of properties in the wider landscape. Within livestock herds, juvenile animals are particularly vulnerable. 3. Proactive and reactive culling are widely practised as a means to limit predation on livestock and game. Historic changes in species' distributions and abundance illustrate that culling programmes can be very effective at reducing predator density, although such substantive impacts are generally considered undesirable for native predators. However, despite their prevalence, the effectiveness, efficiency and the benefit:cost ratio of culling programmes have been poorly studied. 4. A wide range of non-lethal methods to limit predation has been studied. However, many of these have their practical limitations and are unlikely to be widely applicable. 5. Lethal approaches are likely to dominate the management of terrestrial carnivores for the foreseeable future, but animal welfare considerations are increasingly likely to influence management strategies. The adoption of non-lethal approaches will depend upon proof of their effectiveness and the willingness of stakeholders to implement them, and, in some cases, appropriate licensing and legislation. 6. Overall, it is apparent that we still understand relatively little about the importance of factors affecting predation on livestock and how to manage this conflict effectively. We consider the following avenues of research to be essential: (i) quantified assessments of the loss of viable livestock; (ii) landscape-level studies of contiguous properties to quantify losses associated with variables such as different husbandry practices; (iii) replicated experimental manipulations to identify the relative benefit of particular management practices, incorporating (iv) techniques to identify individual predators killing stock; and (v) economic analyses of different management approaches to quantify optimal production strategies.",10.1111/j.1365-2907.2008.00122.x,Wright et al,WOS:000255061200002,"[""Biological resource use""]","[""Hunting & Collecting Terrestrial Animals""]"
Are ranger patrols effective in reducing poaching-related threats within protected areas?,"1. Poaching is one of the greatest threats to wildlife conservation world-wide. However, the spatial and temporal patterns of poaching activities within protected areas, and the effectiveness of ranger patrols and ranger posts in mitigating these threats, are relatively unknown. 2. We used 10 years (2006-2015) of ranger-based monitoring data and dynamic multi-season occupancy models to quantify poaching-related threats, to examine factors influencing the spatio-temporal dynamics of these threats and to test the efficiency of management actions to combat poaching in Nyungwe National Park (NNP), Rwanda. 3. The probability of occurrence of poaching-related threats was highest at lower elevations (1,801-2,200 m), especially in areas that were close to roads and tourist trails; conversely, occurrence probability was lowest at high elevation sites (2,6013,000 m), and near the park boundary and ranger posts. The number of ranger patrols substantially increased the probability that poaching-related threats disappear at a site if threats were originally present (i.e. probability of extinction of threats). Without ranger visits, the annual probability of extinction of poaching-related threats was an estimated 7%; this probability would increase to 20% and 57% with 20 and 50 ranger visits per year, respectively. 4. Our results suggest that poaching-related threats can be effectively reduced in NNP by adding ranger posts in areas where they do not currently exist, and by increasing the number of patrols to sites where the probability of poaching activities is high. 5. Synthesis and applications. Our application of dynamic occupancy models to predict the probability of presence of poaching-related threats is novel, and explicitly considers imperfect detection of illegal activities. Based on the modelled relationships, we identify areas that are most vulnerable to poaching, and offer insights regarding how ranger patrols can be optimally deployed to reduce poaching-related threats and other illegal activites, while taking into account potential sampling biases. We show that poaching can be effectively reduced by increasing ranger patrols to areas under high risk of poaching activities, and by adding ranger patrols near these sites. These findings are broadly applicable to national parks and protected areas experiencing a high degree of poaching and other illegal activities.",10.1111/1365-2664.12965,Pulido-Chadid et al,WOS:000417764600011,"[""Biological resource use""]","[""Hunting & collecting terrestrial animals""]"
"The diet of denning female Europeanpine martens (Martes martes) in Galloway Forest District, South West Scotland, Great Britain","Populations of Europeanpine marten (Martes martes) across Great Britain declined dramatically during the 18th and 19th centuries due to deforestation and human-wildlife conflicts. Pine marten recovery from their northern Scottish stronghold is limited following reintroduction in Galloway Forest District, south-west Scotland, in the 1980s. With suggestions that martens have influenced red squirrel population increases in neighbouring Ireland, marten reintroduction efforts are a priority in Great Britain. Reintroduction requires establishment of recruiting populations that depend on suitable food availability to meet the associated higher energy demands of recruitment. We, therefore, investigated the diet of reproductive denning female martens during denning (March-April), and the mixed sex population in summer for the first time in Galloway. Scats (n=114) were analysed from clumps collected from occupied artificial den boxes in 2015 and 2016, as well as genetically verified scats (n=44) from summer transects in 2014. We compared our results with other Scottish studies and found that carrion frequency of occurrence and biomass of prey ingested differed most significantly between the regional mixed sex spring diets and the diet of denning females in Galloway. Anurans, birds, and small mammals were the likely substitution of carrion; we hypothesise that these differences are related to sex-specific behaviours and scavenging risk. We, therefore, suggest that there are differences in the diet of denning female martens compared to mixed sex spring populations and that future translocations should consider abundances of anurans in Galloway, and even more importantly than before, small mammals and birds across Great Britain.",10.1007/s13364-018-0398-5,Wright et al,WOS:000455666000009,"[""Biological resource use""]","[""Hunting & Collecting Terrestrial Animals"", ""Logging & Wood Harvesting""]"
Recovery of the Endangered giant otter Pteronura brasiliensis on the Yavari-Mirin and Yavari Rivers: a success story for CITES,"The giant otter Pteronura brasiliensis was hunted almost to extinction in the Peruvian Amazon during a period of professional trade in wild animal skins during 1920-1973. In 1973 the Department of Agriculture of Peru (INRENA) prohibited commercial hunting in the Peruvian Amazon, and the giant otter was included in Appendix I of CITES. From 1973 to 2004 giant otter populations experienced a slow recovery in numerous rivers of the Peruvian Amazon. Here, we report the population growth of the giant otter on the Yavari-Mirin and Yavari Rivers in northeast Peru. The first evaluations of giant otter populations in these rivers, in which no individuals were sighted, were in 1992-1993. During surveys in 1996 and 1997 two individuals were sighted. In 2001, 19 individuals were sighted and in 2003 and 2004, 41 individuals were observed. This increase demonstrates a slow recovery and shows that the population has not yet reached its carrying capacity. The prohibition of international trade in otter skins by CITES, supported by INRENA, helped the population recover and was important in the conservation of this species.",10.1017/S0030605309990196,Wright et al,WOS:000274770200014,"[""Biological resource use""]","[""Hunting & Collecting Terrestrial Animals""]"
Conflict between Fishermen and Giant Otters Pteronura brasiliensis in Western Brazilian Amazon,"The recovery of giant otter populations after the hunting prohibition and restriction of the pelt trade resulted in more frequent conflicts with fishermen. In this study, fishermangiant otter conflicts were analyzed in the Uacari Sustainable Development Reserve, where giant otters are accused of interfering with fisheries by eating the fish (predation), frightening the fish away (local interference), and damaging fishing equipment (direct interference). Interference by predation was analyzed by evaluating overlap in fish species consumption between humans (measured by subsistence and commercial catches) and giant otters. The giant otter diet was assessed from fecal samples, and the human diet through questionnaires. Local and direct interferences were analyzed through fish samples using gillnets and comparing capture efficiency with and without giant otters presence. The overlap between human and giant otter diets was low (0.37), varied seasonally, and was smaller in the low water (0.24) than in the high water period (0.60), when both species tend to be more generalists. Overlap between fish species consumed by giant otters and those exploited by commercial fisheries was small (0.34). Giant otter presence during the experimental fishing was low (9.5%), restricted to the high water period, and did not significantly reduce the captures (U = 13, P = 0.61). The low overlap in diet may be a result of differences in preferences and fishing strategies. The conflict between giant otters and fishermen is greater in the high water period, when the income of the fisheries decreases; however, the conflict seems to be mainly motivated by the resident's prejudice against giant otters.",10.1111/j.1744-7429.2011.00828.x,Wright et al,WOS:000303496500020,"[""Biological resource use""]","[""Fishing & Harvesting Aquatic Resources""]"
A conceptual framework for understanding illegal killing of large carnivores,"The growing complexity and global nature of wildlife poaching threaten the survival of many species worldwide and are outpacing conservation efforts. Here, we reviewed proximal and distal factors, both social and ecological, driving illegal killing or poaching of large carnivores at sites where it can potentially occur. Through this review, we developed a conceptual social-ecological system framework that ties together many of the factors influencing large carnivore poaching. Unlike most conservation action models, an important attribute of our framework is the integration of multiple factors related to both human motivations and animal vulnerability into feedbacks. We apply our framework to two case studies, tigers in Laos and wolverines in northern Sweden, to demonstrate its utility in disentangling some of the complex features of carnivore poaching that may have hindered effective responses to the current poaching crisis. Our framework offers a common platform to help guide future research on wildlife poaching feedbacks, which has hitherto been lacking, in order to effectively inform policy making and enforcement.",10.1007/s13280-016-0852-z,Wright et al,WOS:000397818800001,"[""Biological resource use""]","[""Hunting & Collecting Terrestrial Animals""]"
Temporal and spatial dynamics of boreal forest structure in western Newfoundland: Silvicultural implications for marten habitat management,The conservation of marten (Martes americana) populations within managed forests will require planning at appropriately large temporal and spatial scales. A conceptual model of stand-level dynamics is constructed from empirical study of forests in western Newfoundland and related to the habitat requirements of resident marten. The model suggests that the critical elements of marten foraging habitat are currently found within a senescent forest stand structure. Implications of the model are discussed as they relate to landscape-level disturbance patterns. Changes in both stand-level dynamics and landscape-level phenomena indicate that intensive silviculture is necessary to promote marten habitat within managed forests in Newfoundland. We propose a density management regime designed to provide a marten habitat window within a reasonable pulpwood rotation period. The stand-level prescriptions are intended as a tool to be incorporated into an overall landscape management regime.,10.1016/S0378-1127(96)03837-6,Wright et al,WOS:A1996WA37900002,"[""Biological resource use""]","[""Logging & Wood Harvesting""]"
"Monitoring of organochlorine pesticides in and around Keoladeo National Park, Bharatpur, Rajasthan, India","Keoladeo National Park (KNP) is an important wintering ground for thousands of birds that undertake a perilous journey over the Himalaya to make a seasonal home in a wetland ecosystem. However, this wetland is now getting polluted by various types of contaminants such as pesticides because of the agricultural practices in the catchment area from where the park receives water. Keeping this in mind, the present study has been undertaken to assess the organochlorine pesticide (OCP) residues in the sediments inside and around KNP. Samples were collected from the different blocks of the park. The concentrations of alpha-HCH, beta-HCH, gamma-HCH, delta-HCH, S-HCH, aldrin, dieldrin, heptachlor, hept.epoxide, endosulfan-I, endosulfan-II, endo.sulfate, S-endosulfan, endrin, 4,4'-DDE, 4,4'-DDD, and DDT were quantified using gas chromatography with electron capture detection. Analysis showed that the samples were contaminated with the above mentioned pesticides and that the concentration of total OCPs in the sediments varied from 0.1173 (dieldrin) to 5.558 ppm (gamma HCH) in the samples collected from inside the park, whereas a range of pesticides varying in concentration from 0.1245 (4,4'-DDD) to 7.54 ppm (gamma HCH) was found in samples from outside the park. Residues of S-HCH and S-endosulfan were not detected in any of the sediment samples. The occurrence of pesticides inside the park is a major threat to the park's biodiversity. Eco-friendly agriculture practices with minimal use of inorganic chemicals are suggested to minimize the pesticide residue levels in the park.",10.1007/s10661-011-2340-z,Pulido-Chadid et al,WOS:000307332300006,"[""Biological resource use""]","[""Logging & wood harvesting""]"
"Land cover dynamics in the Simien Mountains (Ethiopia), half a century after establishment of the National Park","The Simien Mountains house several endangered and endemic wildlife species and provide important ecosystem services. Despite its regional environmental importance, the Simien Mountains are listed as World Heritage in Danger since 1997. This raised the need for an evaluation of landscape changes from before the establishment of the Simien Mountain National Park (SMNP) in 1969. For this purpose, historical terrestrial photographs (1966-2009) were re-analyzed from 2014 repeats, using an expert rating system with eight correspondents. An increase in forest was observed in the eastern and western edge of the SMNP at Sankaber and Imet Gogo (20-40%). In contrast, centrally in the SMNP (around Gich), the area covered with dense forest decreased with an estimated rate of -1.4% per decade. There is no significant effect (p > 0.05) of the boundary of the SMNP on woody vegetation change, because of continued anthropogenic pressure (especially wood cutting and livestock grazing) inside the SMNP. Also elevation and distance to scout camps do not affect rates of change, and however, the density of houses within 2.2 km (a proxy of population pressure) is able to explain 32% of the spatial distribution of woody vegetation decrease (p < 0.05). A subset of six repeated photographs, indicated an uplift of the treeline by more than 1 m year(-1), in areas with low anthropogenic pressure. This is potentially related to increasing (average annual) temperature warming of up to 1.5 degrees C over the past 50 years. Overall, further reduction in anthropogenic pressure is urgent and crucial for recovery of the afro-alpine vegetation and the interrelated endangered wildlife in the Simien Mountains.",10.1007/s10113-016-1070-8,Pulido-Chadid et al,WOS:000394991000013,"[""Biological resource use""]","[""Hunting & collecting terrestrial animals""]"
Contrasting levels of genetic differentiation among populations of wolverines (Gulo gulo) from northern Canada revealed by nuclear and mitochondrial loci,"Habitat loss, fragmentation, overharvest, and other anthropogenic factors have resulted in population and distribution declines for North American wolverines (Gulo gulo). Currently. wolverines east of the Hudson Bay are endangered and possibly extinct, whereas the status of wolverines throughout the remainin2 Holarctic is vulnerable. Three previous studies using nuclear loci have detected little to no significant structuring among wolverines sampled across northern Canada. Based on these results it has been suggested that wolverines in northern Canada represent a single, panmictic population. However. as has been shown in numerous studies, in cases of female site fidelity, it is possible to have demographically autonomous populations even with male-biased gene flow. To better assess the genetic structure of wolvefines in northern Canada, we examined nine microsatellite loci and DNA sequence variation from a 200 bp fragment of the mitochondrial (mtDNA) control region for 270 wolverines from nine collecting areas representing three regions of northern Canada. In agreement with previous studies. microsatellite analyses revealed a lack of significant population substructure (F-ST = 0.0004). However. analysis of molecular variance, comparisons of pairwise F-ST values and nested-clade analysis of the mtDNA data revealed considerable genetic structuring among samples of wolverines from these three regions of northern Canada. These mitochondrial data provide evidence that wolverines in Canada are genetically structured due to female philopatry. The contrasting patterns of genetic differentiation based on nuclear and mitochondrial data highlight the importance of examining both nuclear and mitochondrial loci when attempting to elucidate patterns of genetic structure.",10.1007/s10592-004-1976-4,Wright et al,WOS:000226236200002,"[""Biological resource use""]","[""Hunting & Collecting Terrestrial Animals"", ""Logging & Wood Harvesting""]"
"Modeling Behavior by Coastal River Otter (Lontra Canadensis) in Response to Prey Availability in Prince William Sound, Alaska: A Spatially-Explicit Individual-Based Approach","Effects of climate change on animal behavior and cascading ecosystem responses are rarely evaluated. In coastal Alaska, social river otters (Lontra Canadensis), largely males, cooperatively forage on schooling fish and use latrine sites to communicate group associations and dominance. Conversely, solitary otters, mainly females, feed on intertidal-demersal fish and display mutual avoidance via scent marking. This behavioral variability creates hotspots of nutrient deposition and affects plant productivity and diversity on the terrestrial landscape. Because the abundance of schooling pelagic fish is predicted to decline with climate change, we developed a spatially-explicit individual-based model (IBM) of otter behavior and tested six scenarios based on potential shifts to distribution patterns of schooling fish. Emergent patterns from the IBM closely mimicked observed otter behavior and landscape use in the absence of explicit rules of intraspecific attraction or repulsion. Model results were most sensitive to rules regarding spatial memory and activity state following an encounter with a fish school. With declining availability of schooling fish, the number of social groups and the time simulated otters spent in the company of conspecifics declined. Concurrently, model results suggested an elevation of defecation rate, a 25% increase in nitrogen transport to the terrestrial landscape, and significant changes to the spatial distribution of hotspots with declines in schooling fish availability. However, reductions in availability of schooling fish could lead to declines in otter density over time.",10.1371/journal.pone.0126208,Wright et al,WOS:000355979500012,"[""Climate change & severe weather""]",
Summer Precipitation Predicts Spatial Distributions of Semiaquatic Mammals,"Climate change is predicted to increase the frequency of droughts and intensity of seasonal precipitation in many regions. Semiaquatic mammals should be vulnerable to this increased variability in precipitation, especially in human-modified landscapes where dispersal to suitable habitat or temporary refugia may be limited. Using six years of presence-absence data (2007-2012) spanning years of record-breaking drought and flood conditions, we evaluated regional occupancy dynamics of American mink (Neovison vison) and muskrats (Ondatra zibethicus) in a highly altered agroecosystem in Illinois, USA. We used noninvasive sign surveys and a multiseason occupancy modeling approach to estimate annual occupancy rates for both species and related these rates to summer precipitation. We also tracked radiomarked individuals to assess mortality risk for both species when moving in terrestrial areas. Annual model-averaged estimates of occupancy for mink and muskrat were correlated positively to summer precipitation. Mink and muskrats were widespread during a year (2008) with above-average precipitation. However, estimates of site occupancy declined substantially for mink (0.56) and especially muskrats (0.09) during the severe drought of 2012. Mink are generalist predators that probably use terrestrial habitat during droughts. However, mink had substantially greater risk of mortality away from streams. In comparison, muskrats are more restricted to aquatic habitats and likely suffered high mortality during the drought. Our patterns are striking, but a more mechanistic understanding is needed of how semiaquatic species in human-modified ecosystems will respond ecologically in situ to extreme weather events predicted by climate-change models.",10.1371/journal.pone.0135036,Wright et al,WOS:000359666100020,"[""Climate change & severe weather""]","[""Droughts""]"
Genetic isolation of wolverine (Gulo gulo) populations at the eastern periphery of their North American distribution,"Conservation strategies have a tendency to discount range peripheries, but recent evidence suggests that range edges may be important to species persistence by harboring genetic variants not found in core distributions. Wolverines in Canada are recognized as existing in two populations-an endangered eastern population and an extant western population thought to be largely panmictic. Studies from western North America identified strong patterns of female philopatry and increased genetic structure at the current southwestern periphery. Due to the paucity of data from the contemporary eastern periphery, it remains unclear if similar patterns exist at this range edge. Using neutral microsatellite and mitochondrial DNA markers from a broad geographic extent (> 2,500 km), we found that wolverines at the eastern periphery displayed strong patterns of genetic distinctiveness from northwestern populations. While the microsatellite data suggest contemporary genetic structure exists, the haplotypic composition of the eastern periphery drastically differed from the core, indicating longstanding differences between regions. Further research is needed to determine if wolverines from the eastern periphery show evidence of interactions with the functionally extirpated eastern population, if functional markers display similar patterns of genetic diversity, and what relevance these may have in their evolutionary potential. Pronounced environmental fluctuations at range boundaries likely contribute to peripheral populations having genotypes with a greater capacity to respond to future selection pressures like climate change and may become a vital source of genetic diversity should core regions become replaced by edge habitats, and thus warrant separate conservation consideration.",10.1007/s10592-012-0399-x,Wright et al,WOS:000310642300010,"[""Climate change & severe weather""]","[""Habitat shifting & alteration""]"
More than range exposure: Global otter vulnerability to climate change,"Climate change impact on species is commonly assessed by predicting species' range change, a measure of a species' extrinsic exposure. However, this is only one dimension of species' vulnerability to climate change. Spatial arrangement of suitable habitats (e.g., fragmentation), their degree of protection or human disturbance, as well as species' intrinsic sensitivity, such as climatic tolerances, are often neglected. Here, we consider components of species' intrinsic sensitivity to climate change (climatic niche specialization and marginality) together with components of extrinsic exposure (changes in range extent, fragmentation, coverage of protected areas, and human footprint) to develop an integrated vulnerability index to climate change for world's freshwater otters. As top freshwater predators, otters are among the most vulnerable mammals, with most species being threatened by habitat loss and degradation. All dimensions of climate change exposure were based on present and future predictions of species distributions. Annual mean temperature, mean diurnal temperature range, mean temperature of the wettest quarter, precipitation during the wettest quarter, and precipitation seasonality prove the most important variables for otters. All species are vulnerable to climate change, with global vulnerability index ranging from -0.19 for Lontra longicaudis to -36,9 for Aonyx congicus. However, we found that, for a given species, climate change can have both positive and negative effects on different components of extrinsic exposure, and that measures of species' sensitivity are not necessarily congruent with measures of exposure. For instance, the range of all African species would be negatively affected by climate change, but their different sensitivity offers a more (Hydrictis maculicollis, Aonyx capensis) or less (Aonyx congicus) pessimistic perspective on their ability to cope with climate change. Also, highly sensitive species like the South American Pteronura brasiliensis, Lontra provocax, and Lutra perspicillata might face no exposure to climate change. For the Asian Lutra sumatrana, climate change would instead lead to an increased, less fragmented, and more protected range extent, but the range extent would also be shifted into areas with higher human disturbances. Our study represents a balanced example of how to develop an index aimed at comparatively evaluating vulnerability to climate change of different species by combining different aspects of sensitivity and exposure, providing additional information on which to base more efficient conservation strategies.",10.1016/j.biocon.2018.02.031,Wright et al,WOS:000431837800012,"[""Climate change & severe weather""]","[""Habitat shifting & alteration""]"
The importance of ponds for the otter (Lutra lutra) during drought periods in Mediterranean ecosystems:: A case study in Bergantes River,"During drought, otters live under extreme conditions for a semiaquatic mammal, with none or very little water available. These conditions also affect its prey species. To understand the ecological and behavioural adaptive mechanisms of the otter to seasonal river streams, a study was carried out in the Bergantes River, Spain. We compared pond use by radiotracked otters during a normal and a dry period. The otters were detected significantly more often at ponds and their surroundings during the dry period. Pond use was mainly explained by the total biomass available (fish, crayfish, amphibians), and this was mostly correlated with the maximum depth of the pond. Some evidence of progressive pond depletion was obtained. Sprainting behaviour was mainly linked to predation activities (number of prey remains) and to total biomass available. We discuss the importance of these findings in the design of otter and freshwater habitat management and conservation strategies.",10.1515/MAMM.2007.003,Wright et al,WOS:000249945900003,"[""Climate change & severe weather""]","[""Droughts""]"
"Impact of a natural disaster on the habitat and occurrence of Lontra longicaudis (Mustelidae, Carnivora) in Serra da Prata, Parana, Brazil","Studies about natural disasters impact on fauna are rare in the scientific literature. Concerning Lontra longicaudis (Olfers, 1818), published data could not be found. This study aimed to determine whether the landslides occurred in March 2011 in part of the slopes of Serra da Prata (Parana, Brazil) affected the occurrence of the Neotropical Otter in the impacted area. With this purpose, the study area comprehended an affected river (Rio Santa Cruz -RSC), on the east face of those mountains that was compared to another one, on the same face and with similar original features, but not affected by the natural disaster (Rio das Pombas - RP). The study area is located within the boundaries of a conservation unit (Parque Nacional de Saint-Hilaire/Lange, PNSHL). Seven field campaigns from the altitudinal limit of PNSHL (60 m a.s.l.) towards upstream, were conducted between August 2012 and July 2013. Campaigns consisted of an active search for evidence (scats, footprints, scratches) and otter dens along 3 km of river banks. Other mammal records were also registered. Each evidence was noted down on a field book, photographed and georeferenced. Dens were monitored along field campaigns. Concerning otters, 102 vestiges (11 scratches, 11 footprints and 80 scats) and 17 dens were recorded in the not affected river (RP); and the affected river (RSC) presented only four vestiges (three footprints, one scat) and one den. Other mammal records denoted the presence of eight taxa at RP and 14 at RSC. The conspicuous differences in the amount of evidences of otter presence indicate that the natural disaster affected the otter population in RSC river and that even more than two years later otters had only discreetly come back. On the other hand, other mammal species, such as Cuniculus paca (Linnaeus, 1758) reoccupied the river banks abundantly.",10.1590/1678-4766e2017039,Wright et al,WOS:000414198000004,"[""Climate change & severe weather""]",
Mitigating Highways for a Ghost: Data Collection Challenges and Implications for Managing Wolverines and Transportation Corridors,"Research provides transportation agencies with evidence-based data to guide the planning and design of crossing structures that effectively link critical habitats and populations. To date, research has focused on a range of mammal species. However, for rare-occurring, wide-ranging species such as wolverines (Gulo gulo), collecting the required information can be challenging. Highway crossing structures have been recommended as a conservation strategy for wolverines in the northern U.S. Rocky Mountains. However, there is virtually no information describing wolverine response to crossing mitigation. I describe 15 years of continuous year-round monitoring (1996-2012) of wolverine response to highway mitigation in Banff National Park, Alberta. Crossing structures were monitored using track pads and cameras. Wolverines were detected using crossing structures 10 times. Nine crossings occurred at wildlife underpasses and one at a wildlife overpass. The first detected passage occurred in 2005. Three crossings were recorded during the same crossing check in 2010 and 2011, suggesting use by the same individual of the structures. Few conclusions can be drawn regarding the attributes of crossing structures that facilitate passage of wolverines. Given the scarcity of crossing structures within wolverine range, it will be difficult to collect sufficient information in the short term for this rare and elusive species. Given the proposal to list wolverines under the Endangered Species Act, transportation departments and land managers should begin proactively identifying critical habitat linkages across highways in wolverine range and opportunities for highway mitigation in the short and long term.",10.3955/046.087.0307,Wright et al,WOS:000325271800005,"[""Climate change & severe weather""]","[""Habitat shifting & alteration""]"
Population connectivity and genetic diversity of American marten (Martes americana) in the United States northern Rocky Mountains in a climate change context,"Climate change is likely to alter population connectivity, particularly for species associated with higher elevation environments. The goal of this study is to predict the potential effects of future climate change on population connectivity and genetic diversity of American marten populations across a 30.2 million hectare region of the in the US northern Rocky Mountains. We use a landscape resistance model validated from empirical landscape genetics modeling to predict the current and expected future extent and fragmentation of American marten dispersal habitat under five climate change scenarios, corresponding to climatic warming of between 0.7 and 3.3 A degrees C, consistent with expected climate change by year 2080. We predict the regions of the current and future landscapes where gene flow is expected to be governed by isolation by distance and the regions where population fragmentation is expected to limit gene flow. Finally, we predict changes in the strength and location of predicted movement corridors, fracture zones and the location of dispersal barriers across the study area in each scenario. We found that under the current climate, gene flow is predicted to be limited primarily by distance (isolation), and landscape structure does not significantly limit gene flow, resulting in very high genetic diversity over most of the study area. Projected climatic warming substantially reduces the extent and increases the fragmentation of marten populations in the western and northwestern parts of the study area. In contrast, climate change is not predicted to fragment the extensive higher elevation mountain massifs in central Idaho, the northern U.S. continental divide, and Greater Yellowstone Ecosystem. In addition, we show locations in the study area that are important corridors in the current landscape that remain intact across the climate change scenarios.",10.1007/s10592-012-0336-z,Wright et al,WOS:000317076500023,"[""Climate change & severe weather""]","[""Habitat shifting & alteration""]"
Wolverines in winter: indirect habitat loss and functional responses to backcountry recreation,"Outdoor recreation is increasingly recognized to impact nature and wildlife, yet few studies have examined recreation within large natural landscapes that are critical habitat to some of our most rare and potentially disturbance-sensitive species. Over six winters (2010-2015) and four study areas (>1.1 million ha) in Idaho, Wyoming, and Montana, we studied the responses of wolverines (Gulo gulo) to backcountry winter recreation. We fit Global Positioning System (GPS) collars to 24 individual wolverines and acquired >54,000 GPS locations over 39 animal-years during winter (January-April). Simultaneously, we monitored winter recreation, collecting similar to 6000 GPS tracks (similar to 200,000 km) from backcountry recreationists. We combined the GPS tracks with trail use counts and aerial recreation surveys to map the extent and relative intensity of motorized and non-motorized recreation. We integrated our wolverine and backcountry recreation data to (1) assess patterns of wolverine habitat selection and (2) evaluate the effect of backcountry recreation on wolverine habitat relationships. We used resource selection functions to model habitat selection of male and female wolverines within their home ranges. We first modeled habitat selection for environmental covariates to understand male and female habitat use then incorporated winter recreation covariates. We assessed the potential for indirect habitat loss from winter recreation and tested for functional responses of wolverines to differing levels and types of recreation. Motorized recreation occurred at higher intensity across a larger footprint than non-motorized recreation in most wolverine home ranges. Wolverines avoided areas of both motorized and non-motorized winter recreation with off-road recreation eliciting a stronger response than road-based recreation. Female wolverines exhibited stronger avoidance of off-road motorized recreation and experienced higher indirect habitat loss than male wolverines. Wolverines showed negative functional responses to the level of recreation exposure within the home range, with female wolverines showing the strongest functional response to motorized winter recreation. We suggest indirect habitat loss, particularly to females, could be of concern in areas with higher recreation levels. We speculate that the potential for backcountry winter recreation to affect wolverines may increase under dimate change if reduced snow pack concentrates winter recreationists and wolverines in the remaining areas of persistent snow cover.",10.1002/ecs2.2611,Wright et al,WOS:000461577000030,"[""Human intrusions & disturbance""]","[""Recreational activities""]"
Large scale faecal (spraint) counts indicate the population status of endangered Eurasian otters (Lutra lutra),"The validity of using spraint (otter faeces) density for population monitoring has been debated for more than 30 years. In this study, we investigated endangered Eurasian otter (Lutra lutra) spraint occurrence and densities at large scales (over 23,800 km(2), a quarter of South Korea) over three years (2014-2016). To clarify the spatial heterogeneity of spraint density and count distributions, we applied the global Morans' I test and hot spot analysis. We also constructed models with 30 environmental factors (six landscape, eight anthropogenic, 13 aquatic health indices, one prey abundance, and two meteorological factors) using generalized linear mixed models with repeated measurements. Our geographical analysis showed regional clusters of otters extending over distances of more than 80 km. The most parsimonious model, a zero-inflated negative binomial model, indicated that our otter spraint counts were significantly positively related to the benthic macro-invertebrate index and precipitation and negatively related to proportion of home range covered by water. In addition, this model showed that absence probabilities of otter spraint were significantly positively related to human populations and negatively related to the number of fish species and altitude. The best explanatory model suggests that our count data was highly related to otter population status, and also affected by anthropogenic disturbance.",10.1016/j.ecolind.2019.105844,Wright et al,WOS:000500940400039,"[""Human intrusions & disturbance""]","[""Work & other activities""]"
Riparian vegetation provides crucial shelter for resting otters in a human-dominated landscape,"The riparian vegetation belt is one of the few remaining structures that provide coverage for wildlife in many anthropogenic landscapes. It provides shelter for many species and functions as corridors for dispersal. However, this landscape is increasingly utilised by humans for leisure activities. The loss of riparian vegetation with a concurrent increase of human disturbance in these habitats can pose a serious threat to wildlife. One of the species potentially affected is the Eurasian otter Lutra lutra. In the Alps, otters are nocturnal and rest during the day when human activity is high. To study the impact of human presence on resting site selection in otters, we radio-tracked nine otters for up to 30 months in the eastern Central Alps of Austria. We analysed resting site selection in relation to human disturbance. Altogether, we identified 285 resting sites scattered throughout the territories of the individual otters at an average distance of 144 m between sites. Almost all the resting sites (95%) were located in the natural riparian vegetation, making this the most important habitat for resting otters. We found evidence that human disturbance within these riparian habitats shapes resting site selection. Otters preferred narrow riparian strips when there was no human presence, but selected areas with a wider vegetation belt when the disturbance level increased. Outside the vegetation period, animals rested below ground more often than above, which suggests that vegetation also functions as visual cover. Our study highlights the importance of the restoration of the natural riparian vegetation belt for the protection of wildlife, particularly where human activities are intense. We provide information for the effective conservation management of otters considering the combination of spatial distribution of resting sites and specific habitat requirements in the presence of human disturbance. Areas of conservation importance chosen in this way are likely to benefit other wildlife that utilise the riparian vegetation belt. (C) 2019 Deutsche Gesellschaft fur Saugetierkunde. Published by Elsevier GmbH. All rights reserved.",10.1016/j.mambio.2019.09.001,Wright et al,WOS:000493957100021,"[""Human intrusions & disturbance""]","[""Recreational activities""]"
Toxoplasma gondii in stranded marine mammals from the North Sea and Eastern Atlantic Ocean: Findings and diagnostic difficulties,"The occurrence of the zoonotic protozoan parasite Toxoplasma gondii in marine mammals remains a poorly understood phenomenon. In this study, samples from 589 marine mammal species and 34 European otters (Lutra lutra), stranded on the coasts of Scotland, Belgium, France, The Netherlands and Germany, were tested for the presence of T. gondii. Brain samples were analysed by polymerase chain reaction (PCR) for detection of parasite DNA. Blood and muscle fluid samples were tested for specific antibodies using a modified agglutination test (MAT), a commercial multi-species enzyme-linked immunosorbent assay (ELISA) and an immunofluorescence assay (IFA). Out of 193 animals tested by PCR, only two harbour porpoise (Phocoena phocoena) cerebrum samples, obtained from animals stranded on the Dutch coast, tested positive. The serological results showed a wide variation depending on the test used. Using a cut-off value of 1/40 dilution in MAT, 141 out of 292 animals (41%) were positive. Using IFA, 30 out of 244 tested samples (12%) were positive at a 1/50 dilution. The commercial ELISA yielded 7% positives with a cut-off of the sample-to-positive (SAP) ratio > 50; and 12% when the cut-off was set at SAP ratio > 20. The high number of positives in MAT may be an overestimation due to the high degree of haemolysis of the samples and/or the presence of lipids. The ELISA results could be an underestimation due to the use of a multispecies conjugate. Our results confirm the presence of T. gondii in marine mammals in The Netherlands and show exposure to the parasite in both the North Sea and the Eastern Atlantic Ocean. We also highlight the limitations of the tests used to diagnose T. gondii in stranded marine mammals. (C) 2016 Elsevier B.V. All rights reserved.",10.1016/j.vetpar.2016.10.021,Wright et al,WOS:000389733000006,"[""Invasive & other problematic species, genes & diseases""]","[""Viral/prion-induced diseases""]"
Latitudinal variation in diet and patterns of human interaction in the marine otter,"P>The marine otter (Lontra felina) inhabits patches of rocky coastline from central Peru to southern Chile and is classified as Endangered by the IUCN. Given the limited information available about the species, we set out to assess marine otter diet with a view to detecting latitudinal differences, and to assess marine otter activity budgets and interspecific interactions (including anthropogenic) at Peruvian fishing villages and to compare results with similar Chilean studies. Nine study sites from central Chile to southern Peru were sampled for otter spraints to assess relative frequency of prey types and two fishing ports in southern Peru were monitored through focal and scan observations to assess activity patterns, interspecific interactions, habitat use patterns, and dive durations. Results indicate that toward the northern part of its range, crustaceans become less important and fish more important in the diet. Interactions were observed between marine otters and other species, including stray dogs and cats. The strong dependence of marine otters on the availability of safe rocky shelters, and the species' apparent tolerance to living alongside humans raise conservation concerns about vulnerability to anthropogenic threats. These factors, if not correctly managed, could turn some of these rocky seashore patches into population sinks.",10.1111/j.1748-7692.2010.00414.x,Wright et al,WOS:000289465900002,"[""Invasive & other problematic species, genes & diseases""]","[""Invasive non-native/alien species/diseases""]"
"The American mink in Europe: Status, impacts, and control","We examine the distribution of American mink Mustela uison in 28 European countries, and we review the impacts of this invasive species and the efforts made so far in controlling it. Our study reveals that, although mink farms are mostly concentrated in northern countries, mink are widely distributed across Europe, and that in some countries mink are apparently declining, although in most cases the causes are unknown. Countries for which the impact of mink on native species has been studied show that mink can have a significant effect on ground-nesting birds, rodents, amphibians and mustelids. The overall economic impact of feral mink seems to be relatively small but can be significant in specific regions. Recently, a number of eradication and local control projects have been carried out throughout Europe, indicating that these actions could be effective to protect native species. A consistent body of knowledge is starting to accumulate on issues concerning the American mink as an invasive alien species, but, as this review highlights, for most European countries there is currently a limited knowledge about its distribution or impacts. Taking all these observations together, we present some of the actions that have recently emerged as effective for dealing with this species and discuss which considerations may further encourage competent European authorities to take action to prevent and mitigate impacts of American mink. (c) 2006 Elsevier Ltd. All rights reserved.",10.1016/j.biocon.2006.09.006,Wright et al,WOS:000244769800002,"[""Invasive & other problematic species, genes & diseases""]","[""Invasive non-native/alien species/diseases""]"
Evaluation of an indirect fluorescent antibody test (IFAT) for demonstration of antibodies to Toxoplasma gondii in the sea otter (Enhydra lutris),"An indirect fluorescent antibody test (IFAT) tor detection of Taxoplasma gondii infection wits validated using serum front 77 necropsied southern sea otters (Enhydra lutris nereis) whose T. gondii infection status was determined through immunohistochemistry and parasite isolation in cell Culture. Twenty-eight otters (36%) were positive for T. gondii by immunohistochemistry or parasite isolation or both, whereas 49 (64%) were negative by both tests. At a cutoff Of 1:320. combined values for IFAT sensitivity and specificity were maximized at 96.4 and 67.3%. respectively. The area under tire receiver-operating characteristic curve for the IFAT was 0.84. A titer of 1:320 was used IS cutoff When screening serum Collected from live-sampled sea otters from California (n = 80). Washington (n = 21). and Alaska (n = 65) for T. gondii infection. Thirty-six percent (29 Out Of 80) of Call sea otters (E. lutris nereis) and 38% (8 out of 21) of Washington sea otters (E. lutris kenyoni) were seropositive for T. gondii. compared with 0% (0 out of 65) of Alaskan sea otters (E. lutris kenyoni).",10.1645/0022-3395(2002)088[0594:EOAIFA]2.0.CO;2,Wright et al,WOS:000176526500027,"[""Invasive & other problematic species, genes & diseases""]","[""Viral/prion-induced diseases""]"
"Body size, and interactions between European and American mink (Mustela lutreola and M-vison) in Eastern Europe","Body sizes of European mink (Mustela lutreola L.), polecat (M. putorius L.) and American mink (M. vison Schreber) were studied over a 10-year period in an area of north-eastern Belarus, before and after the invasion by American mink, and data are presented on interspecific interactions. On arrival in the study area American mink males were larger than males of European mink and polecat, and American mink females were larger than females of the other species. After arrival of the American mink its mean body size decreased, whilst the resident male and female European mink and female polecat increased as measured in absolute mass, length and relative mass. The observations suggest a strong character convergence most plausibly explained as a response to the invading exotic by the residents as well as in the invading species itself, whilst a divergence had been expected. There was no evidence to show whether these differences were genetically based. The body size data are consistent with the hypothesis that European mink, and to a lesser extent polecat, are responding to direct aggression from American mink (rather than merely competing for resources), with the smaller individual European mink being more likely to disappear first. We provide direct evidence for the aggressive nature of inter-specific relations from observations using radio-tracking: all observed inter-specific interactions were aggressive, significantly more so than intraspecific encounters, causing the European mink to flee, and several left the study area altogether. Implications for niche theory and for conservation management are discussed.",10.1017/S0952836999008110,Wright et al,WOS:000082062700011,"[""Invasive & other problematic species, genes & diseases""]","[""Invasive non-native/alien species/diseases""]"
"Invasion of the raccoon dog Nyctereutes procyonoides in Europe: History of colonization, features behind its success, and threats to native fauna","We aimed to review the history of the introduction and colonization of the raccoon dog Nyctereutes procyonoides in Europe, the features behind its successful expansion and its impact on native fauna. The raccoon dog quickly colonized new areas after being introduced to the European part of the former Soviet Union. Today it is widespread in Northern and Eastern Europe and is still spreading in Central Europe. Features behind its success include its adaptability, high reproductive potential, omnivory, hibernation in northern areas, multiple introductions with > 9000 individuals from different localities, and tendency to wander enabling gene flow between populations. Firm evidence of the raccoon dog's negative impact on native fauna, such as a reduction in bird populations, is still scarce. Raccoon dogs may destroy waterfowl nests, although a nest predation study in Latvia did not confirm this. Predator removal studies in Finland suggested that the raccoon dog's impact on game birds is smaller than expected. However, raccoon dogs may have caused local extinction of frog populations, especially on islands. Raccoon dogs may compete with other carnivores for food, for example for carrion in winter, or for the best habitat patches. In northern Europe potential competitors include the red fox Vulpes vulpes and the badger Meles meles, but studies of their diets or habitat preferences do not indicate severe competition. The raccoon dog is an important vector of diseases and parasites, such as rabies, Echinococcus multilocularis and Trichinella spp. and this is no doubt the most severe consequence arising from the spread of this alien species in Europe [Current Zoology 57 (5): 584-598, 2011].",10.1093/czoolo/57.5.584,Wright et al,WOS:000293343700004,"[""Invasive & other problematic species, genes & diseases""]","[""Invasive non-native/alien species/diseases""]"
"ENDEMIC INFECTION OF STRANDED SOUTHERN SEA OTTERS (ENHYDRA LUTRIS NEREIS) WITH NOVEL PARVOVIRUS, POLYOMAVIRUS, AND ADENOVIRUS","Over the past century, the southern sea otter (SSO; Enhydra lutris nereis) population has been slowly recovering from near extinction due to overharvest. The SSO is a threatened subspecies under federal law and a fully protected species under California law, US. Through a multiagency collaborative program, stranded animals are rehabilitated and released, while deceased animals are necropsied and tissues are cryopreserved to facilitate scientific study. Here, we processed archival tissues to enrich particle-associated viral nucleic acids, which we randomly amplified and deeply sequenced to identify viral genomes through sequence similarities. Anelloviruses and endogenous retroviral sequences made up over 50% of observed viral sequences. Polyomavirus, parvovirus, and adenovirus sequences made up most of the remaining reads. We characterized and phylogenetically analyzed the full genome of sea otter polyomavirus 1 and the complete coding sequence of sea otter parvovirus 1 and found that the closest known viruses infect primates and domestic pigs (Sus scrofa domesticus), respectively. We tested archived tissues from 69 stranded SSO necropsied over 14 yr (2000-13) by PCR. Polyomavirus, parvovirus, and adenovirus infections were detected in 51, 61, and 29% of examined animals, respectively, with no significant increase in frequency over time, suggesting endemic infection. We found that 80% of tested SSO were infected with at least one of the three DNA viruses, whose tissue distribution we determined in 261 tissue samples. Parvovirus DNA was most frequently detected in mesenteric lymph node, polyomavirus DNA in spleen, and adenovirus DNA in multiple tissues (spleen, retropharyngeal and mesenteric lymph node, lung, and liver). This study describes the virome in tissues of a threatened species and shows that stranded SSO are frequently infected with multiple viruses, warranting future research to investigate associations between these infections and observed lesions.",10.7589/2016-04-082,Wright et al,WOS:000405093800010,"[""Invasive & other problematic species, genes & diseases""]","[""Viral/prion-induced diseases""]"
Is the Natura 2000 network effective to prevent the biological invasions?,"Protected areas are considered effective tools to protect biodiversity from global change; however, their success against invasive alien species (IAS) is still quite unknown. The European Natura 2000 network (N2000) appears vulnerable to invasions as human activities are not prohibited, despite being the main drivers of biological invasions. This study was carried out in the region of Castilla-La Mancha (Spain), which represents a 2.3% of the European N2000, being higher than the network surface in 52% of the European countries. We specifically (1) compared the total IAS between protected (N2000) and unprotected sites (2) analyzed the effect of an additional protection as national park or nature reserve on the total IAS; and (3) assessed the contribution of human pressure to explain the occurrence of IAS within the network. This is the first time that the approach of gap analysis was used to assess the efficacy of N2000 against IAS. We compiled 3664 georeferenced records for 95 fauna and flora species. Mean total IAS of fauna and flora were similar between protected and unprotected UTM 10 x 10 km grid cells; therefore, as expected, N2000 sites are vulnerable to IAS despite protection. Furthermore, a stricter management of human pressure under additional regulations did not seem to prevent IAS occurrence in N2000 sites. The accessibility to protected sites seems to be a relevant factor explaining the IAS occurrence. It is imperative to improve the monitoring, quality, and updating of IAS data within the network and the surrounding areas to prevent new invasions and the worsening of current negative IAS impacts. (C) 2018 Published by Elsevier B.V.",10.1016/j.gecco.2018.e00497,Pulido-Chadid et al,WOS:000454994500055,"[""Invasive & other problematic species, genes & diseases""]",
First report of a naturally patent infection with Dirofilaria immitis in an otter (Lutra lutra),"Dirofilaria immitis causes a severe and life-threatening cardio-pulmonary disease in Europe, Asia, Africa, and the Americas; also, zoonotic infections have been reported. This parasitic vector-borne disease is mostly common in domestic and wild canids and felids. Here, we present a rare finding of this roundworm in the heart of a Eurasian otter (Lutra lutra). Four mature specimens of D. immitis were found in the right ventricle of the heart. Necropsy was performed after the animal was found road-killed in Eastern Serbia, close to the Danube River. Two heartworms were females, one was male and sex for one remained unidentified. Microfilariae were present in the uterus of one of the female heartworms, indicating that otters can act as reservoirs of dirofilariasis in the wild. This is the first report of a patent infection in a free-ranging otter.",10.1007/s00436-018-5769-y,Wright et al,WOS:000426550800035,"[""Invasive & other problematic species, genes & diseases""]","[""Problematic native species/diseases""]"
SEROLOGIC SURVEY FOR SELECTED VIRAL PATHOGENS IN FREE-RANGING ENDANGERED EUROPEAN MINK (MUSTELA LUTREOLA) AND OTHER MUSTELIDS FROM SOUTH-WESTERN FRANCE,"To investigate the possible role of selected pathogens in the decline of endangered European mink (Mustela lutreola) populations and the potential for these pathogens to affect mink survival, a serologic survey was conducted using serum samples collected from March 1996 to March 2003 in eight departments of south-western France. In total, 481 free-ranging individuals of five mustelid species (including the European mink) were tested. Sympatric mustelids can serve as sentinels to determine the presence of antibodies to viruses in the study area that could potentially infect mink. Antibodies to Canine distemper virus (CDV) were detected in all species; 9% of 1.27 European mink, 20% of 210 polecats (Mustela putorius), 5% of 112 American mink (Mustela vison), 33% of 21 stone marten (Martes foina) and 5% of 20 pine marten (Martes martes). Antibody prevalence was significantly higher in stone marten and polecats, possibly because their ranges overlap more closely with that of domestic species than that of the other species tested. Antibodies to Canine adenovirus were detected in all species but the pine marten; antibody prevalence estimates ranging from 2% to 10%. Antibodies to canine parainfluenza virus were detected in 1% of European mink, 1% of American mink and 5% of tested polecats but were not detected in Martes species. Antibodies to Rabies virus (RV) were detected in three animals, possibly because of interspecies transmission of bat lyssaviruses as the sampling area is considered to be free of RV, or to a lack of test specificity, as antibody titers were low. The high antibody prevalence to potentially lethal CDV suggests that this pathogen could have significant effects on the free-ranging populations and has implications for the conservation efforts for the endangered European mink.",10.7589/0090-3558-44.4.791,Wright et al,WOS:000260801500001,"[""Invasive & other problematic species, genes & diseases""]","[""Viral/prion-induced diseases""]"
Differential vulnerability to biological invasions: not all protected areas (and not all invaders) are the same,"Protected areas (PAs) are fundamental for global biodiversity conservation but many are not delivering their conservation potential. In particular, the European Natura 2000 (N2K)-the largest coordinated network of PAs in the world-has insofar proved insufficient to achieve the EU's biodiversity conservation targets. Despite the adoption of innovative legislation on the prevention and management of biological invasions, invasive alien species (IAS) remain a main threat to N2K. We explored whether the regulatory status of N2K has been efficient to prevent the establishment of regulated IAS (those under the scope of EU or national regulations) by conducting a case study in a highly biodiverse Mediterranean region of Spain. We: (1) analyzed whether the number of both regulated and unregulated IAS differ across adjacent unprotected areas (belt zones), N2K sites and N2K sites with additional protection as national park or nature reserve (APAs); (2) compared the spread pathways of regulated IAS present in areas with different protection status. While APAs hosted fewer regulated IAS, N2K sites did not perform better than belt zones. Specifically, there were fewer regulated IAS that spread through natural dispersal or intentional human assistance in APAs compared to N2K and belt zones, but those dispersing with unintentional human assistance were similarly distributed in PAs and belt zones. Further, protection level did not reduce the number of unregulated IAS. Thus, observed patterns indicate that the conservation obligations bound to the designation of an area as an N2K site are not sufficient to prevent or slow down biological invasions.",10.1007/s10531-022-02407-8,Pulido-Chadid et al,WOS:000791663700001,"[""Invasive & other problematic species, genes & diseases""]",
Canine Distemper Epizootic in Everglades Mink,"Four free-ranging mink, Neovison vison, collected between June and September 2004 in the Fakahatchee Strand Preserve State Park (FSPSP, Florida, USA), were examined for canine distemper virus (CDV) infection. Microscopic lesions and viral inclusions consistent with CDV infection were observed in three mink. Virus isolation and reverse transcription-polymerase chain reaction performed on all mink were positive for CDV. Anecdotal records of mink observations in FSPSP suggest a postepizootic decline in the mink population followed by an apparent recovery. We recommend further research to assess the status of the Everglades mink and the impact of CDV on this and other American mink populations in Florida.",10.7589/0090-3558-45.4.1150,Wright et al,WOS:000271877700023,"[""Invasive & other problematic species, genes & diseases""]","[""Viral/prion-induced diseases""]"
Adult sex-ratio distortion in the native European polecat is related to the expansion of the invasive American mink,"Biological invasions represent a threat to worldwide diversity, but large scale patterns of their impacts are rarely reported. The population sex-ratio influences many other population parameters such as the effective population size, the mating system or the population persistence in the long run. At a local scale, the presence of American mink (Neovison vison), a successful invader, has been shown to distort the adult sex-ratio (ASR) in the native European polecat (Mustela putorius). The aim of the current work is to determine whether this process is generalized across the entire native species range, by studying 71 datasets and 10,847 polecats with a meta-analytic approach. Datasets were male-biased when these included adult individuals. The different sampling methods (trapping/hunting, live trapping or road-kills) did not affect the sample sex-ratio (SSR). The polecat ASR is more skewed toward males in the presence of American mink, representing a conservation concern due to the reduction of reproductive females. The potential repercussions of ASR distortion on the effective population size, the mating system or the population persistence are discussed. This is the first time that ASR distortion across the entire range of a native species is linked to competition with an invasive species. (C) 2015 Elsevier Ltd. All rights reserved.",10.1016/j.biocon.2015.02.030,Wright et al,WOS:000355061300004,"[""Invasive & other problematic species, genes & diseases""]","[""Invasive non-native/alien species/diseases""]"
Effects of prey metapopulation structure on the viability of black-footed ferrets in plague-impacted landscapes: a metamodelling approach,"Species interactions have been largely ignored in extinction risk assessment. However, the black-footed ferret Mustela nigripes exemplifies a class of endangered species for which strong species interactions cannot be ignored. This species is an obligate predator of prairie dogs Cynomys spp., and sylvatic plague Yersinia pestis epizootics threaten to undermine recovery efforts by functionally eliminating the prey base. Multispecies 'metamodelling' techniques offer new opportunities for exploring population dynamics under strong species interdependencies and disease. To investigate ferret extinction risk in plague-affected landscapes, we simultaneously modelled plague epidemiological processes, prairie dog metapopulation dynamics and ferret demographic responses. Ferret population dynamics were investigated at an important release site (Conata Basin in South Dakota) and for 500 artificial prey landscapes spanning a wide range of realistic colony configurations (e.g. total area, # colonies, spatial clustering) and demographic characteristics. Our simulation models indicate that ferrets are unlikely to persist through episodes of plague at Conata Basin unless they can access prey resources from a wider region or unless management actions can otherwise substantially reduce plague transmission. We show that large, diffuse prairie dog metapopulations (those with colonies spread over a region >2500km(2)) are most likely to support ferret populations in plague-affected landscapes. Our results also highlight the potential importance of metapopulation connectivity in fuelling plague epizootics and thereby imperilling black-footed ferret conservation efforts. We describe a cycle (c. 5- to 25-year period) of plague-driven population crashes that is an emergent property of our models, and which can destabilize ferret populations. Synthesis and applications. On the basis of our models, we conclude that few North American prairie dog complexes cover sufficient land area to sustain black-footed ferret populations through plague-driven crashes in prey abundance. Consequently, our results underscore the importance of working with many constituents to conserve large prairie dog landscapes in addition to continued development of plague mitigation tools. In addition, the strong relationship between plague-induced oscillatory prey cycles and predator population persistence highlights the potential conservation benefits of imposing strategic barriers to connectivity in areas over which plague outbreak cycles are strongly synchronous.",10.1111/1365-2664.12223,Wright et al,WOS:000335962200020,"[""Invasive & other problematic species, genes & diseases""]","[""Problematic native species/diseases""]"
The effects of bovine tuberculosis (Mycobacterium bovis) on mortality in a badger (Meles meles) population in England,"The mortality rates of badgers Meles meles were estimated, using data from a long-term capture-mark-recapture study of an undisturbed badger population in south-west England. Two life table methods were used: fusion and discounting. Badgers were allocated to a particular TB status for all or part of their lives according to their degree of infection with bovine tuberculosis Mycobacterium bovis. Separate life tables were created for animals with each TB status, and for males and females, and the estimated mortality rates were compared statistically. The progression of M. bovis infection, and the positions of AL bovis lesions were also analysed. The main findings are: (a) uninfected male badgers have a significantly higher mortality rate than uninfected females, (b) infected badgers which are not excreting M. bovis do not have a significantly higher mortality rate than uninfected badgers, (c) badgers which are excreting M. bovis have a much higher mortality rate than uninfected badgers, (d) male badgers appear to cope with M. bovis infection less well than females, and (e) there map be sex differences in the mode of spread of M. bovis in badgers.",10.1017/S0952836900003113,Wright et al,WOS:000086124300011,"[""Invasive & other problematic species, genes & diseases""]","[""Problematic native species/diseases""]"
ASSESSMENT OF CLINICAL PATHOLOGY AND PATHOGEN EXPOSURE IN SEA OTTERS (ENHYDRA LUTRIS) BORDERING THE THREATENED POPULATION IN ALASKA,"Northern sea otter (Enhydra lutris kenyoni) abundance has decreased dramatically over portions of southwest Alaska, USA, since the mid-1980s, and this stock is currently listed as threatened under the Endangered Species Act. In contrast, adjacent populations in south central Alaska, USA, and Russia have been stable to increasing during the same period. Sea otters bordering the area classified in the recent decline were live-captured during 2004-2006 at Bering Island, Russia, and the Kodiak Archipelago, Alaska, USA, to evaluate differences in general health and current exposure status to marine and terrestrial pathogens. Although body condition was lower in animals captured at Bering Island, Russia, than it was at Kodiak, USA, clinical pathology values did not reveal differences in general health between the two regions. Low prevalences of antibodies (< 5%) were found in Kodiak, USA, and on Bering Island, Russia, to Toxoplasma Sarcocystis neurona, and Leptospira interrogans. Exposure to phocine herpesvirus-1 was found in both Kodiak, USA (15.2%), and Bering Island, Russia (2.3%). Antibodies to Brucella spp. were found in 28% of the otters tested on Bering Island, Russia, compared with only 2.7% of the samples from Kodiak, USA. Prevalence of exposure to Phocine distemper virus (PDV) was 41% in Kodiak, USA, but 0% on Bering Island, Russia. Archived sera from southwest and south-central Alaska dating back to 1989 were negative for PDV, indicating exposure occurred in sea otters in Kodiak, USA, in recent years. Because PDV can be highly pathogenic in naive and susceptible marine mammal populations, tissues should be examined to explore the contribution of this virus to otter deaths. Our results reveal an increase in exposure to pathogens in sea otters in Kodiak, Alaska, USA, since the 1990s.",10.7589/0090-3558-47.3.579,Wright et al,WOS:000292798500010,"[""Invasive & other problematic species, genes & diseases""]","[""Viral/prion-induced diseases""]"
"Concentrations of organohalogens (PCBs, DDTs, PBDEs) in hunted and stranded Northern sea otters (Enhydra lutris kenyoni) in Alaska from 1992 to 2010: Links to pathology and feeding ecology","Many organohalogen compounds (OHCs) are persistent organic pollutants (POPs) found in appreciable concentrations in marine predators. While production of some POPs has declined or ceased in recent decades, their capacity for global transport and bioaccumulation results in observations of unchanging or increasing concentrations in marine systems. Sea otters (Enhydra lutris) have been advocated as an environmental sentinel for contaminants due to their longevity, site fidelity and prey species that often overlap with human consumption. Using archived (1992-2010) samples of livers from Northern sea otters (n= 50) from Alaska we examine concentrations of chlordanes (CHLs), polychlorinated biphenyls (PCBs), dichlorodiphenyltrichloroethane (DDTs), and polybrominated diphenyl ethers (PBDEs) and associated metabolites. We found some evidence for declining Sigma PCBs over the two decades, however for most animals concentrations were low compared to toxicological thresholds. Six animals had relatively high concentrations of Sigma PCBs (mean = 262,000 ng/g lipid weight), Sigma DDTs (mean = 8,800 ng/g/lw), and Sigma PBDEs (mean = 4,600 ng/g lw), with four of these six animals experiencing hepatic parasitism or hepatitis. In order to assess whether differences in POP concentrations are associated with feeding ecology, we examined stable isotopes of C and N in archived muscle and whisker samples. In general, there were no significant relationships between Sigma POP concentrations and stable isotope ratios. There were small differences in stable isotope profiles in animals with high POP concentrations, although it was unclear if these differences were due to feeding ecology or disease processes. This study highlights the importance of considering feeding ecology and necropsy (health and disease status) datawhile conducting contaminant surveys, and confirms some previous reports of trends in OHCs in Alaska marine mammals. (c) 2019 Elsevier B.V. All rights reserved.",10.1016/j.scitotenv.2019.07.040,Wright et al,WOS:000504009600075,"[""Invasive & other problematic species, genes & diseases""]","[""Viral/prion-induced diseases""]"
Hybridization between escaped domestic and wild American mink (Neovison vison),"The release of domesticated organisms into natural populations may adversely affect these populations through predation, resource competition, and the introduction of disease. Additionally, the potential for hybridization between wild and domestic conspecifics is of great concern because it can alter the evolutionary integrity of the affected populations. Wild American mink (Neovison vison) populations may be threatened not only by competition for resources with domestic mink originating from farms, but by breeding with such escapees. Using 10 microsatellite loci, we genotyped mink from Ontario, Canada, sampled from two farms, two putatively mixed populations in regions surrounding the mink farms, and two wild populations with no recent history of mink farming. Using individual-based Bayesian population assignment, we identified four population clusters, including one wild, and three domestic populations. The latter were not clustered by farm but rather by distinct line-bred colour phases. Population clustering also identified domestic and hybrid mink in the free-ranging populations. Nearly two-thirds of the mink sampled in the two putatively mixed populations (78% and 43%) were either farm escapees or descendants of escapees. Principal components analysis of allele frequencies supported our Bayesian assignment results. The power of our assignment test was assessed using simulated hybrid genotypes which suggested that our overall correct classification rate was 96.2%. The overwhelming presence of domestic animals and their hybridization with mink in natural populations is of great concern for the future sustainability of wild mink populations.",10.1111/j.1365-294X.2009.04100.x,Wright et al,WOS:000263853600014,"[""Invasive & other problematic species, genes & diseases""]","[""Invasive non-native/alien species/diseases"", ""Introduced genetic material""]"
Lontra longicaudis infected with canine parvovirus and parasitized by Dioctophyma renale,"This study describes a case of parvovirus infection in a river otter (Lontra longicaudis) assisted at the Wildlife Rehabilitation Center and Wildlife Screening Center, Federal University of Pelotas (UFPeI), Rio Grande do Sul state, Brazil. Clinical signs included apathy, dark and fetid diarrhea, and crusted lesions on the palmar pads of the fore and hind limbs. The animal died after undergoing support treatment with antibiotics, anti-inflammatory, and fluid therapy. At necropsy, the intestines were reddened and edematous and the right kidney was diminished by one third of its normal size and covered with whitish, spongy material. A female Dioctophyma renale was found free in the abdominal cavity. Histologically, dilatation of the intestinal crypts and fusion and blunting of the intestinal villi were observed. In addition, moderate, multifocal lymphocytic enteritis with lymphoid depletion in Peyer's patches and mesenteric lymph nodes were present. lmmunohistochemistry with anti-canine parvovirus monoclonal antibody (anti-CPV) was strongly positive in the bone marrow cells and enterocytes of the intestinal crypts, confirming the diagnosis of parvovirus infection. The peritoneum on the right kidney was expanded with a cuboidal cell border, forming multiple papillary projections associated with eggs of D. renale and severe inflammatory infiltrate (giant cells, macrophages, lymphocytes, eosinophils, and plasma cells). Areas of necrosis and mineralization were also observed. Due to fragmentation and degradation of its natural habitat, the otter approached the urban area and was contaminated with the virus, which is hosted and disseminated by domestic animals. Infection with D. renale can be associated with the large population of parasitized domestic animals, which eliminate the helminth eggs through urine, contaminating the environment where the parasite intermediate and paratenic hosts co-inhabit. The diseases of these animals can be a decline factor of wild populations that inhabit the region and are an alert to spillover risk.",10.1590/1678-5150-PVB-5744,Wright et al,WOS:000449559300021,"[""Invasive & other problematic species, genes & diseases""]","[""Viral/prion-induced diseases""]"
Multi-season occupancy analysis reveals large scale competitive exclusion of the critically endangered European mink by the invasive non-native American mink in Spain,"Understanding changes over time in the distribution of interacting native and invasive species that may be symptomatic of competitive exclusion is critical to identify the need for and effectiveness of management interventions. Occupancy models greatly increase the robustness of inference that can be made from presence/absence data when species are imperfectly detected, and recent novel developments allow for the quantification of the strength of interaction between pairs of species. We used a two-species multi-season occupancy model to quantify the impact of the invasive American mink on the native European mink in Spain through the analysis of their co-occurrence pattern over twelve years (2000-2011) in the entire Spanish range of European mink distribution, where both species were detected by live trapping but American mink were culled. We detected a negative temporal trend in the rate of occupancy of European mink and a simultaneous positive trend in the occupancy of American mink. The species co-occurred less often than expected and the native mink was more likely to become extinct from sites occupied by the invasive species. Removal of American mink resulted in a high probability of local extinction where it co-occurred with the endemic mink, but the overall increase in the probability of occupancy over the last decade indicates that the ongoing management is failing to halt its spread. More intensive culling effort where both species co-exist as well as in adjacent areas where the invasive American mink is found at high densities is required in order to stop the decline of European mink. (C) 2014 Elsevier Ltd. All rights reserved.",10.1016/j.biocon.2014.05.002,Wright et al,WOS:000340223500003,"[""Invasive & other problematic species, genes & diseases""]","[""Invasive non-native/alien species/diseases""]"
Detection of Aleutian disease antibodies in feral American mink in southern England,"Fourteen of 27 American mink (Mustela vison) trapped in the upper Thames region were positive for anti-Aleutian disease antibodies. This demonstration of the occurrence of this viral disease in a feral American mink population suggests that it could threaten populations of at least two protected mustelids, the otter (Lutra lutra) and the polecat (Mustela putorius), and may also play a role in the apparent decline of local mink populations in Britain.",10.1136/vr.149.16.485,Wright et al,WOS:000172093900013,"[""Invasive & other problematic species, genes & diseases""]","[""Invasive non-native/alien species/diseases""]"
"First report of Filaria martis Gmelin, 1790 in the European mink, Mustela lutreola (Linnaeus, 1761)","The riparian European mink (Mustela lutreola), currently surviving in only three unconnected sites in Europe, is now listed as a critically endangered species according to the IUCN. Habitat loss and degradation, anthropic mortality, interaction with the feral American mink (Neovison vison), and infectious diseases are among the principal causes of its decline. Surveys of helminth parasites of this host that also include focus on subcutaneous potentially pathogenic helminths such as those belonging to the genus Filaria are very scarce. We report here the presence of specimens of Filaria martis in the subcutaneous connective tissues of three M. lutreola individuals from Spain. This is the first finding of a subcutaneous nematode in a representative of the genus Mustela. The report also enlarges the known range of the definitive hosts of this nematode. These worms were mainly located in the dorsal region of mink and more rarely in the knees, elbows, and hips. Skin sloughing was only observed in one M. lutreola with both septicaemia and an associated high burden of F. martis. Therefore, more attention should be paid to potentially pathogenic helminths when designing conservation programs dedicated to M. lutreola.",10.1007/s00436-016-5021-6,Wright et al,WOS:000376101000041,"[""Invasive & other problematic species, genes & diseases""]","[""Invasive non-native/alien species/diseases""]"
PLAGUE IN A BLACK-FOOTED FERRET (MUSTELA NIGRIPES),"Diagnosis of sylvatic plague in a captive black-footed ferret (Mustela nigripes) was based on gross and microscopic lesions, fluorescent antibody tests, culture of Yersinia pes tis, and immunohistochemistry. Gross lesions consisted of acute hemorrhage and necrosis associated with cervical and mesenteric lymph nodes, subcutaneous hemorrhages, and pulmonary edema. Acute edema, hemorrhage, and necrosis with numerous bacteria in blood vessels and sinusoids characterized microscopic lesions. Occurrence of fatal plague in a black-footed ferret potentially has significant implications for recovery of this endangered species due to the widespread distribution of plague in prairie dog colonies throughout historic black-footed ferret range.",10.7589/0090-3558-30.4.581,Wright et al,WOS:A1994PR49500021,"[""Invasive & other problematic species, genes & diseases""]","[""Problematic native species/diseases""]"
Enzootic Plague Reduces Black-Footed Ferret (Mustela nigripes) Survival in Montana,"Black-footed ferrets ( Mustela nigripes) require extensive prairie dog colonies (Cynomys spp.) to provide habitat and prey. Epizootic plague kills both prairie dogs and ferrets and is a major factor limiting recovery of the highly endangered ferret. In addition to epizootics, we hypothesized that enzootic plague, that is, presence of disease-causing Yersinia pestis without any noticeable prairie dog die off, may also affect ferret survival. We reduced risk of plague on portions of two ferret reintroduction areas by conducting flea control for 3 years. Beginning in 2004, about half of the ferrets residing on dusted and nondusted colonies were vaccinated against plague with an experimental vaccine (F1-V fusion protein). We evaluated 6-month reencounter rates ( percentage of animals observed at the end of an interval that were known alive at the beginning of the interval), an index to survival, for ferrets in four treatment groups involving all combinations of vaccination and flea control. For captive-reared ferrets ( 115 individuals observed across 156 time intervals), reencounter rates were higher for vaccinates (0.44) than for nonvaccinates (0.23, p = 0.044) on colonies without flea control, but vaccination had no detectable effect on colonies with flea control ( vaccinates 0.41, nonvaccinates 0.42, p = 0.754). Flea control resulted in higher reencounter rates for nonvaccinates (p = 0.026), but not for vaccinates (p = 0.508). The enhancement of survival due to vaccination or flea control supports the hypothesis that enzootic plague reduces ferret survival, even when there was no noticeable decline in prairie dog abundance. The collective effects of vaccination and flea control compel a conclusion that fleas are required for maintenance, and probably transmission, of plague at enzootic levels. Other studies have demonstrated similar effects of flea control on several species of prairie dogs and, when combined with this study, suggest that the effects of enzootic plague are widespread. Finally, we demonstrated that the experimental F1-V fusion protein vaccine provides protection to ferrets in the wild.",10.1089/vbz.2009.0053,Wright et al,WOS:000274526200005,"[""Invasive & other problematic species, genes & diseases""]","[""Problematic native species/diseases""]"
Canine distemper virus infection in a lesser grison (Galictis cuja): first report and virus phylogeny,"Megid J., Teixeira C.R., Cortez A., Heinemann M.B., Antunes J.M.A.P., Fornazari F., Rassy F.B. & Richtzenhaim L.J. 2013. Canine distemper virus infection in a lesser grison (Galictis cuja): first report and virus phylogeny. Pesquisa Veterinaria Brasileira 33(2):247-250. Departamento de Higiene Veterinaria e Saude Publica, Faculdade de Medicina Veterinariae Zootecnia, Universidade Estadual Paulista, Distrito de Rubiao Jr s/n, Botucatu, SP 18618-970, Brazil. E-mail: jane@fmvz.unesp.br Infectious diseases in wild animals have been increasing as a result of their habitat alterations and closer contact with domestic animals. Canine distemper virus (CDV) has been reported in several species of wild carnivores, presenting a threat to wildlife conservation. We described the first case of canine distemper virus infection in lesser grison (Galictis cuja). A free-ranging individual, with no visible clinical sigs, presented sudden death after one day in captivity. Molecular diagnosis for CDV infection was performed using whole blood collected by postmortem intracardiac puncture, which resulted positive. The virus phylogeny indicated that domestic dogs were the probable source of infection.",10.1590/S0100-736X2013000200018,Wright et al,WOS:000317670900018,"[""Invasive & other problematic species, genes & diseases""]","[""Viral/prion-induced diseases""]"
Phylogeography of the smooth-coated otter (Lutrogale perspicillata): distinct evolutionary lineages and hybridization with the Asian small-clawed otter (Aonyx cinereus),"We investigated the phylogeography of the smooth-coated otter (Lutrogale perspicillata) to determine its spatial genetic structure for aiding an adaptive conservation management of the species. Fifty-eight modern and 11 archival (dated 1882-1970) otters sampled from Iraq to Malaysian Borneo were genotyped (mtDNA Cytochrome-b, 10 microsatellite DNA loci). Moreover, 16 Aonyx cinereus (Asian small-clawed otter) and seven Lutra lutra (Eurasian otter) were sequenced to increase information available for phylogenetic reconstructions. As reported in previous studies, we found that L. perspicillata, A. cinereus and A. capensis (African clawless otter) grouped in a clade sister to the genus Lutra, with L. perspicillata and A. cinereus being reciprocally monophyletic. Within L. perspicillata, we uncovered three Evolutionarily Significant Units and proved that L. p. maxwelli is not only endemic to Iraq but also the most recent subspecies. We suggest a revision of the distribution range limits of easternmost L. perspicillata subspecies. We show that smooth-coated otters in Singapore are L. perspicillata x A. cinereus hybrids with A. cinereus mtDNA, the first reported case of hybridization in the wild among otters. This result also provides evidence supporting the inclusion of L. perspicillata and A. cinereus in the genus Amblonyx, thus avoiding the paraphyly of the genus Aonyx.",10.1038/srep41611,Wright et al,WOS:000392913100001,"[""Invasive & other problematic species, genes & diseases""]","[""Introduced genetic material""]"
Molecular detection and characterization of carnivore parvoviruses in free-ranging Eurasian otters (Lutra lutra) in southern Italy,"The most important Italian population of the Eurasian otter (Lutra lutra) occurs in the southern part of the peninsula with two isolated sub-populations of about 250 adult individuals. The Eurasian otter is considered to be near threatened and it is a fully protected species. The aims of this study were to investigate for the first time the occurrence and characterize the parvoviruses included in the species Carnivore protoparvovirus 1 in seven carcasses of road-killed Eurasian otters from the southern Italy. Carnivore protoparvovirus 1 are responsible for acute gastroenteritis and leukopenia in pets and free-ranging carnivores. Initial screening of tissue samples by real-time PCR revealed CPV/FPV DNA in tissue samples of five Eurasian otters; three of them, showed co-infections by both CPV and FPV. Among the five positive Eurasian otters, we successfully obtained six DNA sequences from four individuals including two CPV-2a, one CPV-2b, one CPV-2c, and two FPV sequences. Comparison of these sequences with 250 VP2 gene sequences deposited in the GenBank database, showed 10 nt differences resulting in two synonymous and eight non-synonymous substitutions. On the basis of these results, two sequences here found were characterized as new CPV-2a, one was characterized as new CPV-2b variant, and one was characterized as FPV-like mutant. The last two sequences belong to a FPV and CPV-2c strain respectively. Carnivore protoparvovirus 1 is reported for the first time in the Eurasian otter showing high infection value in southern Italy. Occurrence of this infection should be studied further to understand its possible pathogenicity and virulence to the fragile and isolate Eurasian otter population which live in southern Italy.",10.1111/tbed.13212,Wright et al,WOS:000485002800008,"[""Invasive & other problematic species, genes & diseases""]","[""Viral/prion-induced diseases""]"
Stress-related hormones and genetic diversity in sea otters (Enhydra lutris),"Sea otters (Enhydra lutris) once ranged throughout the coastal regions of the north Pacific, but were extirpated throughout their range during the fur trade of the 18th and 19th centuries, leaving only small, widely scattered, remnant populations. All extant sea otter populations are believed to have experienced a population bottleneck and thus have lost genetic variation. Populations that undergo severe population reduction and associated inbreeding may suffer from a general reduction in fitness termed inbreeding depression. Inbreeding depression may result in decreased testosterone levels in males, and reduced ability to respond to stressful stimuli associated with an increase in the stress-related adrenal glucocorticoid hormones, cortisol and corticosterone. We investigated correlations of testosterone, cortisol, and corticosterone with genetic diversity in sea otters from five populations. We found a significant negative correlation between genetic diversity and both mean population-level (r(2) = 0.27, P < 0.001) and individual-level (r(2) = 0.54, P < 0.001) corticosterone values, as well as a negative correlation between genetic diversity and cortisol at the individual level (r(2) = 0.17, P = 0.04). No relationship was found between genetic diversity and testosterone (P = 0.57). The strength of the correlations, especially with corticosterone, suggests potential negative consequences for overall population health, particularly for populations with the lowest genetic diversity.",10.1111/j.1748-7692.2008.00260.x,Wright et al,WOS:000265228700006,"[""Invasive & other problematic species, genes & diseases""]",
"ISOLATION AND CHARACTERIZATION OF A NOVEL MARINE BRUCELLA FROM A SOUTHERN SEA OTTER (ENHYDRA LUTRIS NEREIS), CALIFORNIA, USA","We characterize Brucella infection in a wild southern sea otter (Enhydra lutris nereis) with osteolytic lesions similar to those reported in other marine mammals and humans. This otter stranded twice along the central California coast, US over a 1-yr period and was handled extensively at two wildlife rehabilitation facilities, undergoing multiple surgeries and months of postsurgical care. Ultimately the otter was euthanized due to severe, progressive neurologic disease. Necropsy and postmortem radiographs revealed chronic, severe osteoarthritis spanning the proximal interphalangeal joint of the left hind fifth digit. Numerous coccobacilli within the joint were strongly positive on Brucella immunohistochemical labelling, and Brucella sp. was isolated in pure culture from this lesion. Sparse Brucella-immunopositive bacteria were also observed in the cytoplasm of a pulmonary vascular monocyte, and multifocal granulomas were observed in the spinal cord and liver on histopathology. Findings from biochemical characterization, 16S ribosomal DNA, and bp26 gene sequencing of the bacterial isolate were identical to those from marine-origin brucellae isolated from cetaceans and phocids. Although omp2a gene sequencing revealed 100% homology with marine Brucella spp. infecting pinnipeds, whales, and humans, omp2b gene sequences were identical only to pinniped-origin isolates. Multilocus sequence typing classified the sea otter isolate as ST26, a sequence type previously associated only with cetaceans. Our data suggest that the sea otter Brucella strain represents a novel marine lineage that is distinct from both Brucella pinnipedialis and Brucella ceti. Prior reports document the zoonotic potential of the marine brucellae. Isolation of Brucella sp. from a stranded sea otter highlights the importance of wearing personal protective equipment when handling sea otters and other marine mammals as part of wildlife conservation and rehabilitation efforts.",10.7589/2015-12-326,Wright et al,WOS:000399156700002,"[""Invasive & other problematic species, genes & diseases""]","[""Viral/prion-induced diseases""]"
"LEPTOSPIROSIS IN FREE-RANGING ENDANGERED EUROPEAN MINK (MUSTELA LUTREOLA) AND OTHER SMALL CARNIVORES (MUSTELIDAE, VIVERRIDAE) FROM SOUTHWESTERN FRANCE","To study the possible role of disease in the decline of endangered European mink (Mustela lutreola), we conducted a survey of antibody prevalence and renal carriage of pathogenic leptospira (Leptospira interrogans sensu lato) using serum and kidney samples collected from 1990 to 2007 from several free-ranging small carnivores and farmed American mink (Mustela vison) in southwestern France. An indirect microscopic agglutination test using a panel of 16 serovars belonging to 6 serogroups (Australis, Autumnalis, Icterohaemorrhagiae, Grippotyphosa, Panama, Sejroe) revealed antibodies in all species, with significant differences in antibody prevalences: 74% in European mink (n=99), 65.4% in European polecats (Mustela putorius, n=133), 86% in American mink (n=74), 89% in stone martens (Martes foina, n=19), 74% in pine martens (Martes martes, n=19), 35% in corn moo genets (Genetta genetta, n=79), and 31.% in farmed American mink (n=51). Serogroups Australis and Icterohaemorragiae were dominant in most free-ranging species; serogroup Grippotyphosa had high prevalences in European mink. Such high antibody prevalences have never been reported. They are probably related to the large number of known reservoirs, rats (Rattus spp.), muskrat (Ondatra zibethicus), and coypu (Myocastor coypu), in the study area. The polymerase chain reaction test specific for pathogenic leptospiral DNA detected renal carriage in 23% of 34 European mink, 22% of 18 polecats, and 15% of 33 free-ranging American mink, with no significant differences. Renal carriage shows that mustelids may shed leptospira for short periods, but their epidemiologic role is probably limited. High antibody prevalences suggest that the disease is unlikely to be highly pathogenic for these species; however, chronic forms of the disease (abortions, renal lesions) could reduce the reproductive success or life span of infected animals. Further studies on the pathogenicity of leptospirosis in these populations are needed to measure its impact on the population dynamics of these rodent predators.",10.7589/0090-3558-46.4.1141,Wright et al,WOS:000283896600009,"[""Invasive & other problematic species, genes & diseases""]","[""Problematic native species/diseases""]"
Antibodies to aleutian mink disease parvovirus in free-ranging European mink (Mustela lutreola) and other small carnivores from Southwestern France,"Owing to the rapid decline of the European mink (Mustela lutreola) in France, a national conservation action plan has been initiated, in which scientific research to improve understanding of the causes of the decline is one of the primary objectives. In order to investigate the possible role of Aleutian disease parvovirus (ADV) in decline of the species, a serologic survey was conducted from March 1996 to March 2002 in 420 free-ranging individuals of six species of small carnivores distributed in eight departements of southwestern France. Antibodies to ADV were detected in 17 of 75 American mink (Mustela vison), 12 of 99 European mink, 16 of 145 polecats (Mustela putorius), four of 17 stone martens (Martes foina), one of 16 pine martens (Martes martes), and three of 68 common genets (Genetta genetta). Seroprevalence was significantly higher in American mink than in other species. Seropositive individuals with gamma globulin levels >20% were observed in four European mink, four American mink, two stone martens, and one pine marten. Geographic distribution of positive animals indicates the virus has spread to all areas where European mink are found. Furthermore, a trend of increasing prevalence seems to appear in Mustela sp. sympatric with American mink. Although further investigations are necessary to evaluate the role of ADV in decline of European mink, evidence of the virus in the wild at the levels found in our study has implications for conservation of this species.",10.7589/0090-3558-40.3.394,Wright et al,WOS:000224037700003,"[""Invasive & other problematic species, genes & diseases""]","[""Viral/prion-induced diseases""]"
Toxoplasma gondii infection in wild mustelids and cats across an urban-rural gradient,"The increase in human population and domestic pets, such as cats, are generating important consequences in terms of habitat loss and pathogen pollution of coastal ecosystems with potential to generate negative impacts in marine biodiversity. Toxoplasma gondii is the etiological agent of zoonotic disease toxoplasmosis, and is associated with cat abundance and anthropogenic disturbance. The presence of T. gondii oocysts in the ocean has negatively affected the health status of the threatened Southern sea otter (Enhydra lutris nereis) populations. The present study analyzed seroprevalence and presence of T. gondii DNA in American mink (Neovison vison), Southern river otters (Lontra provocax) and domestic cats (Felis silvestris catus) in four different areas in Southern Chile comprising studies in rivers and lakes in Andean foothills and mountains, marine habitat and island coastal ecosystems. Mean seroprevalence of T. gondii in the study was 64% of 151 total animals sampled: 59% of 73 American mink, 77% of 13 Southern river otters, 68% of 65 domestic cats and in two of two kodkods (Leopardus guigna). Toxoplasma gondii DNA was detected in tissues from one American mink and one Southern river otter. The present study confirms the widespread distribution of T. gondii in Southern Chile, and shows a high exposure of semiaquatic mustelids and domestic cats to the parasite. Cats and anthropogenic disturbance have a role in the maintenance of T. gondii infection in ecosystems of southern Chile.",10.1371/journal.pone.0199085,Wright et al,WOS:000435655600045,"[""Invasive & other problematic species, genes & diseases""]","[""Viral/prion-induced diseases""]"
An invasive species erodes the performance of coastal wetland protected areas,"The world has increasingly relied on protected areas (PAs) to rescue highly valued ecosystems from human activities, but whether PAs will fare well with bioinvasions remains unknown. By analyzing three decades of seven of the largest coastal PAs in China, including World Natural Heritage and/or Wetlands of International Importance sites, we show that, although PAs are achieving success in rescuing iconic wetlands and critical shorebird habitats from once widespread reclamation, this success is counteracted by escalating plant invasions. Plant invasions were not only more extensive in PAs than non-PA controls but also undermined PA performance by, without human intervention, irreversibly replacing expansive native wetlands (primarily mudflats) and precluding successional formation of new native marshes. Exotic species are invading PAs globally. This study across large spatiotemporal scales highlights that the consequences of bioinvasions for humanity's major conservation tool may be more profound, far reaching, and critical for management than currently recognized.",10.1126/sciadv.abi8943,Pulido-Chadid et al,WOS:000707571700025,"[""Invasive & other problematic species, genes & diseases""]",
Does human proximity affect antibody prevalence in marine-foraging river otters (Lontra canadensis)?,"The investigation of diseases of free-ranging river otters (Lontra canadensis) is a primary conservation priority for this species; however, very little is known about diseases of river otters that forage in marine environments. To identify and better understand pathogens that could be important to marine-foraging river otters, other wildlife species, domestic animals, mid humans and to determine if proximity to human population could be a Factor in disease exposure, serum samples from 55 free-ranging marine-foraging river otters were tested for antibodies to selected pathogens. Thirty-five animals were captured in Prince William Sound, Alaska (USA), an area of low human density, and 20 were captured in the San Juan Islands, Washington State (USA), an area characterized by higher human density. Of 40 river otters tested by indirect immunofluoresent antibody test, 17.5% were seropositive (titer >= 320) for Toxoplasma gondii. All positive annuals came from Washington. Of 35 river otters tested for antibodies to Leptospira, interrogans using the microscopic agglutination test, 10 of 20 (50%) from Washington were seropositive (titer >= 200). None of the 15 tested animals from Alaska were positive. Antibodies to Neospora caninum, (n=40), Sarcocystis neurona (n=40), Bntcella abortus (n=55), avian influenza (n=40), canine distemper virus (n=55), phocine disteruper virus (n=55), dolphin morbillivirus (n=55), porpoise morbillivirus (n=55), and Aleutian disease parvovirus (n=46) were not detected. identifying exposure to T gondii and L. interrogans in otters from Washington State but not in otters from Alaska suggests that living proximal to higher human density and its associated agricultural activities, domestic animals, and rodent populations could enhance river otter exposure to these pathogens.",10.7589/0090-3558-43.1.116,Wright et al,WOS:000245140600014,"[""Invasive & other problematic species, genes & diseases""]","[""Viral/prion-induced diseases""]"
FATAL ACINETOBACTER BAUMANNII INFECTION IN THE CRITICALLY ENDANGERED EUROPEAN MINK (MUSTELA LUTREOLA),"The present study reports the first case of fatal Acinetobacter baumannii infection in the critically endangered European mink (Mustela lutreola). Gross examination revealed a severe, diffuse hemorrhagic pneumonia and generalized congestion as main features. Microscopically, the main lesions were an acute, severe fibrinous-hemorrhagic pneumonia associated with proliferation of coccobacilli and generalized acute-subacute congestion. Cultures yielded A. baumannii; the species was confirmed by matrix-assisted laser desorption/ ionization time-of-flight mass spectrometry and the strain presented a multidrug-resistant pattern. The results are not only of conservation concern but also of public health concern given A. baumannii is one of the most important pathogens implicated in nosocomial infections in humans.",10.1638/2016-0082.1,Wright et al,WOS:000400353900031,"[""Invasive & other problematic species, genes & diseases""]","[""Problematic native species/diseases""]"
Changes in the human footprint in and around Indonesia's terrestrial national parks between 2012 and 2017,"The human footprint (HF) was developed to measure of the impact of human activities on the environment. The human footprint has been found to be closely related to the vulnerability of protected areas around the world. In Indonesia, as nature conservation is still seen as hindering economic development, it is especially important to assess the human footprint in order to comprehend the overall pressures resulting from the various human activities on Indonesia's national parks. This study measured the change in the human footprint in and around 43 terrestrial national parks over 5 years, between 2012 and 2017. As many as 37 out of 43 NPs experienced an increase in the HF, ranging from 0.4 to 77.3%. Tanjung Puting in Kalimantan experienced the greatest increase (77.3%), while Ujung Kulon in Jawa Bali bioregion had the greatest decrease (10.5%). An increase in human population density and improved access to parks from roads, rivers and coastlines are the main drivers of increasing impacts on national parks.",10.1038/s41598-021-83586-2,Pulido-Chadid et al,WOS:000626812400027,"[""Invasive & other problematic species, genes & diseases""]",
Good medicine for conservation biology: The intersection of epidemiology and conservation theory,"Infectious disease can be a concern for several aspects of conservation biology, such as determining threats to species, estimating population viability, and designing reserves, captive breeding, and recovery programs. Several measures are useful for describing infectious diseases in host populations, but it is not straightforward to determine the degree to which a particular disease may affect a host population. The most basic epidemiological theory suggests that populations should be least subject to host-specific infectious disease when they are at low abundance ( paradoxically, the state at which they are in most need of conservation action). There are important exceptions, however, such as when a reservoir host exists or when Allee or stochastic effects occur. Several of the key threats to biodiversity-habitat alteration, introduced species, pollution, resource exploitation, and climate change-can facilitate and/or impair transmission of infectious disease. Common management tools such as population viability analysis rarely address infectious disease explicitly. We suggest that such an inclusion is both possible and warranted. Considerations of infectious disease may influence the way we determine whether a species is in need of protection and how we might design reserves and captive breeding programs. Examples from the literature suggest that (1) introduced pathogens can make abundant species rare and (2) diseases of domestic animals can dramatically affect rare species. For both scenarios, conditions that cause stress or reduce genetic variation may increase susceptibility to disease, whereas crowding and cross-species contact can increase transmission. Southern sea otters ( Enhydra lutris nereis ) make an interesting case study for consideration of the intersection of epidemiology and conservation because disease may be an important factor limiting the growth of otter populations. We conclude that pathogens are of increasing concern for conservation. Because many newly emerging pathogen dynamics often do not conform to the simplifying assumptions used in classic epidemiology, a detailed understanding of pathogen life history will illuminate the intersection of epidemiology and conservation theory.",10.1046/j.1523-1739.2002.00446.x,Wright et al,WOS:000175832000008,"[""Invasive & other problematic species, genes & diseases""]","[""Viral/prion-induced diseases""]"
Galictis cuja (Mammalia): An update of current knowledge and geographic distribution,"The lesser grison (Galictis cuja) is one of the least-known mustelids in the Neotropics, despite its broad range across South America. This study aimed to explore current knowledge of the distribution of the species to identify gaps in knowledge and anticipate its full geographic distribution. Eighty-nine articles have mentioned G. cuja since 1969, but only 13 focused on the species. We generated a detailed model of the species' potential distribution that validated previous maps, but with improved detail, supporting previous southernmost records, and providing a means of identifying priority sites for conservation and management of the species.",10.1590/1678-476620141043341346,Wright et al,WOS:000345241300010,"[""Invasive & other problematic species, genes & diseases""]","[""Invasive non-native/alien species/diseases""]"
Novel Bartonella infection in northern and southern sea otters (Enhydra lutris kenyoni and Enhydra lutris nereis),"Since 2002, vegetative valvular endocarditis (VVE), septicemia and meningoencephalitis have contributed to an Unusual Mortality Event (UME) of northern sea otters in southcentral Alaska. Streptococcal organisms were commonly isolated from vegetative lesions and organs from these sea otters. Bartonella infection has also been associated with bacteremia and VVE in terrestrial mammals, but little is known regarding its pathogenic significance in marine mammals. Our study evaluated whether Streptococcus bovis/equinus (SB/E) and Bartonella infections were associated with UME-related disease characterized by WE and septicemia in Alaskan sea otter carcasses recovered 2004-2008. These bacteria were also evaluated in southern sea otters in California. Streptococcus bovis/equinus were cultured from 45% (23/51) of northern sea otter heart valves, and biochemical testing and sequencing identified these isolates as Streptococcus infantarius subsp. coil. One-third of sea otter hearts were co-infected with Bartonella spp. Our analysis demonstrated that SB/E was strongly associated with UME-related disease in northern sea otters (P < 0.001). While Bartonella infection was also detected in 45% (23/51) and 10% (3/30) of heart valves of northern and southern sea otters examined, respectively, it was not associated with disease. Phylogenetic analysis of the Bartonella ITS region allowed detection of two Bartonella species, one novel species closely related to Bartonella spp. JM-1, B. washoensis and Candidatus B. volans and another molecularly identical to B. henselae. Our findings help to elucidate the role of pathogens in northern sea otter mortalities during this UME and suggested that Bartonella spp. is common in sea otters from Alaska and California. (C) 2014 Elsevier B.V. All rights reserved.",10.1016/j.vetmic.2014.02.021,Wright et al,WOS:000335624600016,"[""Invasive & other problematic species, genes & diseases""]","[""Viral/prion-induced diseases""]"
Wildlife Mortality Investigation and Disease Research: Contributions of the USGS National Wildlife Health Center to Endangered Species Management and Recovery,"The U. S. Geological Survey-National Wildlife Health Center (NWHC) provides diagnostic services, technical assistance, applied research, and training to federal, state, territorial, and local government agencies and Native American tribes on wildlife diseases and wildlife health issues throughout the United States and its territories, commonwealth, and freely associated states. Since 1975, > 16,000 carcasses and specimens from vertebrate species listed under the Endangered Species Act have been submitted to NWHC for determination of causes of morbidity or mortality or assessment of health/disease status. Results from diagnostic investigations, analyses of the diagnostic database, technical assistance and consultation, field investigation of epizootics, and wildlife disease research by NWHC wildlife disease specialists have contributed importantly to the management and recovery of listed species.",10.1007/s10393-013-0897-4,Wright et al,WOS:000332375100014,"[""Invasive & other problematic species, genes & diseases""]","[""Problematic native species/diseases""]"
The structure of vertebrate predator community in north-eastern Belarus before and after naturalization of the American mink and raccoon dog,"The structure of the vertebrate predator community in north-eastern Belarus has been examined before and after naturalization of the American mink and raccoon dog. Species composition of the community, population density and biomass, portion of each species in the pooled community density and biomass, species body mass and size structure of the community were investigated. The community consisted of 36 native predator species, and I I other predator species were sporadically registered in the area in both periods before the American mink and raccoon dog expansion and after the introduced species have reached a high population density. Separating predator species into four size groups, we found that in terms of total density the largest portion of the community belonged to small predators, while large predators formed the smallest portion. In terms of total biomass, the larger medium-sized predator group predominated over other size groups. Despite decline in the populations of ten native predator species, the total community density and biomass as well as portions of different size groups appeared to be very similar before and after naturalization of the introduced predator species.",,Wright et al,WOS:000261671100004,"[""Invasive & other problematic species, genes & diseases""]","[""Invasive non-native/alien species/diseases""]"
Acanthocephalan parasites in sea otters: Why we need to look beyond associated mortality horizontal ellipsis,"The acanthocephalan parasite, Corynosoma enhydri, uses sea otters (Enhydra lutris) as definitive host. Despite high prevalence and abundance in southern sea otters (E. l. nereis), sublethal impacts of infection on otter health are unknown. Parasites are an integral part of ecosystem structure and functioning. Many affect host behavior, reproduction, predation, or prey preference. Parasites can suppress host immune response, facilitate secondary bacterial, viral, or parasitic infections, and influence concurrent microbial infection. Acanthocephalan infections can have significant effects on host metabolism, digestion, nutrient absorption, and energetics. Because high metabolic expenditures and resource limitations are known to affect southern sea otter populations, even subtle effects of infection could negatively impact individual health and population recovery. In this review we summarize reports of host-parasite-environmental interactions for helminth infections and discuss how these same attributes could manifest in southern sea otters and coastal food web dynamics. Based on these data, investigation of potential sublethal impacts of C. enhydri is warranted. We recommend expanding understanding of the significance of parasites in marine ecosystems beyond associated mortality. Future investigation into the ecological implications of sublethal effects are essential to fully grasp parasite impacts on host populations, and predict potential additive effects with climate change in ecosystem functioning.",10.1111/mms.12659,Wright et al,WOS:000498598900001,"[""Invasive & other problematic species, genes & diseases""]","[""Viral/prion-induced diseases""]"
Protozoal meningoencephalitis in sea otters (Enhydra lutris):: a histopathological and immunohistochemical study of naturally occurring cases,"Protozoal meningoencephalitis is considered to be all important cause of mortality, in the California sea otter (Enhydra lutris). Thirty nine of 344 (11.3%) California (CA) and Washington state (WA) sea otters examined front 1985 to 2004 had histopathological evidence of significant protozoal meningoencephalitis. The aetiological agents and histopathological changes associated with these protozoal infections are described. The morphology of the actively multiplicative life stages of the organisms (tachyzoites for Toxoplasma gondii and merozoites for Sarcocystis neurona) and immunohistochemical labelling were used to identify infection with S. neurona (n = 22, 56.4%) T. gondii (n = 57 12.8%) or dual infection with both organisms (n = 12, 30.8%). Active S. neurona was present in all dual infections. while most had only the latent form of T. gondii. In S. neurona meningoencephalitis, multifocal to diffuse gliosis vas widespread in grey matter and consistently present in the molecular layer of the cerebellum. Ill T gondii meningoencephalitis, discrete foci of gliosis and malacia were more widely separated, sometimes incorporated pigment-laden macrophages and mineral, and were found predominantly in the cerebral cortex. Quiescent tissue cysts of T. gondii were considered to be incidental and not a cause of clinical disease and mortality. Protozoal meningoencephalitis was diagnosed more frequently in the expanding population of WA sea otters (10 of 31, 32.3%) than in the declining C A population (29 of 313, 9.3%). Among sea otters with protozoal memingoencephalitis, those that had displayed neurological signs prior to death had active S. neurona encephalitis, supporting, the conclusion that S. neurona is the most significant protozoal pathogen in the central nervous system of sea otters. (c) 2007 Elsevier Ltd. All rights reserved.",10.1016/j.jcpa.2007.05.001,Wright et al,WOS:000249817200003,"[""Invasive & other problematic species, genes & diseases""]","[""Viral/prion-induced diseases""]"
"First report of Borrelia burgdorferi sensu lato in two threatened carnivores: the Marbled polecat, Vormela peregusna and the European mink, Mustela lutreola (Mammalia: Mustelidae)","Background: Lyme disease is a widespread cosmopolitan zoonosis caused by species belonging to the genus Borrelia. It is transmitted from animal reservoir hosts to humans through hard - ticks of genus Ixodes which are vectors of the disease. Case presentation: Borrelia burgdorferi sensu lato infection was identified in a marbled polecat, Vormela peregusna, and two European minks, Mustela lutreola, from Romania, by PCR. RFLP revealed the presence of a single genospecies, Borrelia burgdorferi sensu stricto. Conclusions: This is the first report of the Lyme disease spirochetes in the two mentioned hosts.",10.1186/1746-6148-8-137,Wright et al,WOS:000312220000001,"[""Invasive & other problematic species, genes & diseases""]","[""Problematic native species/diseases""]"
Seroprevalence of Toxoplasma gondii in the Eurasian otter (Lutra lutra) in England and Wales,"Background: Toxoplasma gondii is found on all continents and can infect all endothermic vertebrates. Toxoplasmosis is a globally important zoonosis with potentially devastating health impacts both for humans and a range of domestic and wild species. The World Health Organisation have repeatedly recommended the collection of accurate epidemiological data for T. gondii, yet despite recognised links between infection of wildlife, domestic animals and humans, seroprevalence in wild species is rarely monitored. Here, serological investigation using the Gold Standard Sabin-Feldman Dye Test was used to test for T. gondii in Eurasian otters (Lutra lutra) found dead, mainly as road-kill, in England and Wales. This is the first spatially widespread study of T. gondii in UK wildlife, and the first extensive survey of T. gondii in Eurasian otters, a sentinel species of fresh waters. Findings: Infection was both common (39.5% prevalence, n = 271) and widespread, with significantly more infection in the east than the west of the UK. There was an increase in seroprevalence with age, but no sex bias. Conclusions: The relatively high prevalence of T. gondii in a predominantly piscivorous freshwater mammal suggests widespread faecal contamination of freshwater ecosystems with oocysts. Continued surveillance of the Eurasian otter for T. gondii is valuable because of conservation concerns due to the otter's 'near threatened' status on the IUCN Red List and because of the host's role as a sentinel for freshwater health.",10.1186/1756-3305-6-75,Wright et al,WOS:000317686400001,"[""Invasive & other problematic species, genes & diseases""]","[""Viral/prion-induced diseases""]"
"MUSTELID, SQUIRREL, AND PORCUPINE POPULATION TRENDS DURING A SNOWSHOE HARE CYCLE","Rates of capture in live traps set for snowshoe hares (Lepus americanus) were used to index population trends of four mustelids (Mustela frenata, M. vision, Mephitis mephitis), three sciurids (Tamiasciurus hudsonicus, Glaucomys sabrinus, Spermophilus franklinii), and the porcupine (Erethizon dorsatum) at Rochester, Alberta, during 1965-1975. The Mustela species (weasels and mink) had a 10-year cycle synchronous with that of the snowshoe hare. About 81% of the annual variation in weasel numbers, as indexed by capture rates, was attributable to fluctuations of hares, voles (Microtus and Clethrionomys), and mice (Peromyscus). Onset of the cyclic decrease in hares was followed within 2 years by declines in sciurid, skunk (Mephitis), and porcupine populations that may have been a consequence of predator switching as hares became scarce.",10.2307/1382109,Wright et al,WOS:A1991FN19600016,"[""Invasive & other problematic species, genes & diseases""]","[""Problematic native species/diseases""]"
Ultrastructural and molecular confirmation of the development of Sarcocystis neurona tissue cysts in the central nervous system of southern sea otters (Enhydra lutris nereis),"In 2004, three wild sea otters were diagnosed with putative Sarcocystis neurona-associated meningoencephalitis by histopathology and immunohistochemistry. Schizonts, free merozoites and tissue cysts were observed in the brains of all three infected animals. Tissue cysts walls from sea otter I (SO1) stained positively using anti-S. neurona polyclonal antiserum. However, positive staining does not preclude infection by closely related or cross-reactive tissue cyst-forming coccidian parasites. Two immature tissue cysts in the brain of SO1 were examined using transmission electron microscopy. Ultrastructural features included cyst walls with thin villous projections up to I pm long with tapered ends and a distinctive, electron-dense outer lining layer composed of linearly-arranged, semi-circular structures with a hob-nailed surface contour. Small numbers of microtubules extended down through the villi into the underlying granular layer. Metrocytes were short and plump with an anterior apical complex, 22 sub-pellicular microtubules, numerous free ribosomes and no rhoptries. Some metrocytes appeared to be dividing, with two adjacent nuclear profiles. Collectively these ultrastructural features were compatible with developing protozoal cysts and were similar to prior descriptions of S. neurona tissue cysts. Panspecific 18S rDNA primers were utilized to identify protozoa infecting the brains of these otters and DNA amplification and additional sequencing at the ITS1 locus confirmed that all three otters were infected with S. neurona. No other Sarcocystis spp. were detected in the brains or skeletal muscles of these animals by immunohistochemistry or PCR. We believe this is the first ultrastructural and molecular confirmation of the development of S. neurona tissue cysts in the CNS of any animal. Published by Elsevier Ltd. on behalf of Australian Society for Parasitology Inc.",10.1016/j.ijpara.2009.04.014,Wright et al,WOS:000269598100007,"[""Invasive & other problematic species, genes & diseases""]","[""Viral/prion-induced diseases""]"
Limited genetic diversity among Sarcocystis neurona strains infecting southern sea otters precludes distinction between marine and terrestrial isolates,"Sarcocystis neurona is an apicomplexan parasite identified as a cause of fatal neurological disease in the threatened southern sea otter (Enhydra lutris nereis). In an effort to characterize virulent S. neurona strains circulating in the marine ecosystem, this study developed a range of markers relevant for molecular genotyping. Highly conserved sequences within the 18S ribosomal gene array, the plastid-encoded RNA polymerase (RPOb) and the cytochrome c oxidase subunit 1 mitochondrial gene (CO1) were assessed for their ability to distinguish isolates at the genus and species level. For within-species comparisons, five surface antigens (SnSAG1-SnSAG5) and one high resolution microsatellite marker (Sn9) were developed as genotyping markers to evaluate intra-strain diversity. Molecular analysis at multiple loci revealed insufficient genetic diversity to distinguish terrestrial isolates from strains infecting marine mammals. Furthermore, SnSAG specific primers applied against DNA from the closely related species, Sarcocystis falcatula, lead to the discovery of highly similar orthologs to SnSAG2, 3, and 4, calling into question the specificity of diagnostic tests based on these antigens. The results of this study suggest a population genetic structure for S. neurona similar to that reported for the related parasite, Toxoplasma gondii, dominated by a limited number of successful genotypes. Published by Elsevier B.V.",10.1016/j.vetpar.2009.12.020,Wright et al,WOS:000276801100006,"[""Invasive & other problematic species, genes & diseases""]","[""Viral/prion-induced diseases""]"
"Pathological findings in the red fox (Vulpes vulpes), stone marten (Martes foina) and raccoon dog (Nyctereutes procyonoides), with special emphasis on infectious and zoonotic agents in Northern Germany","Anthropogenic landscape changes contributed to the reduction of availability of habitats to wild animals. Hence, the presence of wild terrestrial carnivores in urban and peri-urban sites has increased considerably over the years implying an increased risk of interspecies spill-over of infectious diseases and the transmission of zoonoses. The present study provides a detailed characterisation of the health status of the red fox (Vulpes vulpes), stone marten (Martes foina) and raccoon dog (Nyctereutes procyonoides) in their natural rural and peri-urban habitats in Schleswig-Holstein, Germany between November 2013 and January 2016 with focus on zoonoses and infectious diseases that are potentially threatening to other wildlife or domestic animal species. 79 red foxes, 17 stone martens and 10 raccoon dogs were collected from traps or hunts. In order to detect morphological changes and potential infectious diseases, necropsy and pathohistological work-up was performed. Additionally, in selected animals immunohistochemistry (influenza A virus, parvovirus, feline leukemia virus, Borna disease virus, tick-borne encephalitis, canine adenovirus, Neospora caninum, Toxoplasma gondii and Listeria monocytogenes), next-generation sequencing, polymerase chain reaction (fox circovirus) and serum-neutralisation analysis (canine distemper virus) were performed. Furthermore, all animals were screened for fox rabies virus (immunofluorescence), canine distemper virus (immunohistochemistry) and Aujeszky's disease (virus cultivation). The most important findings included encephalitis (n = 16) and pneumonia (n = 20). None of the investigations revealed a specific cause for the observed morphological alterations except for one animal with an elevated serum titer of 1:160 for canine distemper. Animals displayed macroscopically and/or histopathologically detectable infections with parasites, including Taenia sp., Toxocara sp. and Alaria alata. In summary, wildlife predators carry zoonotic parasitic disease and suffer from inflammatory diseases of yet unknown etiology, possibly bearing infectious potential for other animal species and humans. This study highlights the value of monitoring terrestrial wildlife following the One Health notion, to estimate the incidence and the possible spread of zoonotic pathogens and to avoid animal to animal spillover as well as transmission to humans.",10.1371/journal.pone.0175469,Wright et al,WOS:000399949000042,"[""Invasive & other problematic species, genes & diseases""]","[""Problematic native species/diseases""]"
Hybridization of domestic mink with wild American mink (Neovison vison) in eastern Canada,"Farmed American mink (Neovison vison (Schreber, 1777)) pose a risk to biodiversity owing to escape and release from farms. Feral mink may affect native species in locations where American mink are not endemic, such as Europe. In contrast, escaping domestic mink may hybridize with wild mink in North America, leading to introgression of domestic traits via hybrid-mediated gene flow. We tested this idea in eastern Canada, which has a history of mink farming. We sampled known domestic and free-ranging mink, and profiled 508 individuals at 15 microsatellite loci. We found that 33% of free-ranging mink were either escaped domestic individuals, domestic-wild hybrids, or were introgressed to domestic or wild parental groups. The greatest prevalence of free-ranging domestic, hybrid, or introgressed mink (59%) occurred in Nova Scotia, which also had the most mink farms. Historic (1980s or earlier) mink sampled from museums had higher allelic richness and private allelic richness than contemporary wild mink. Domestic mink are artificially selected for traits desired by farmers, and as such, introgression with wild mink may lead to a loss of local adaptation. Our findings demonstrate that continued escape and release of mink could pose risks to the maintenance of genetic integrity in wild mink.",10.1139/cjz-2016-0171,Wright et al,WOS:000403354800009,"[""Invasive & other problematic species, genes & diseases""]","[""Invasive non-native/alien species/diseases""]"
PCR screening of mammalian predators (Carnivora) for adenoviruses and herpesviruses: the first detection of a mustelid herpesvirus in Hungary,"The purpose of this study was to conduct a survey on the occurrence of adenoviruses and herpesviruses in different mammalian predators in Hungary. To this end, samples were collected from 75 individuals including native free living and zoo animals. For the presence of adenovirus, only two samples of golden jackals (Canis aureus) were found to be positive. According to the sequence analysis of the PCR products, both samples contained a virus identical with canine adenovirus type 2 (CAdV-2). For herpesviruses, merely one sample was positive. This was the single sample originating from a European badger (Meles meles). The nucleotide sequence of the PCR product was almost identical with the corresponding sequence of the Mustelid herpesvirus 1 (MuHV-1) that has been recently isolated in Great Britain. To increase the sample number, the carnivorous source was the only selection criterion during the collection, and excretes of apparently healthy zoo animals as well as internal organs from animals shot during hunting were also included. Thus, the majority of the examined samples were from clinically healthy individuals. In the case of both viruses, a very sensitive, nested PCR method was used. The chances to detect these viruses, which are prone to establish persistent infection, are probably limited to animals that are in active viraemic status. One major finding is the first demonstration of the presence of MuHV-1 in Hungary and also in the European continent. Moreover, this is the first report on the molecular detection of CAdV-2 in European golden jackals.",,Wright et al,WOS:000277863700007,"[""Invasive & other problematic species, genes & diseases""]","[""Viral/prion-induced diseases""]"
Implications of introgression for wildlife translocations: the case of North American martens,"The evolutionary consequences of natural introgression provide a rare opportunity to retrospectively evaluate how the introduction of exotics or genetic rescue efforts may impact endemic faunas. Phylogeographic structure among mainland, endemic insular, and introduced North American marten (Martes americana and M. caurina) populations have been shaped by a complex history of natural, post-glacial population expansion followed by a series of anthropogenic introductions. In some cases, both natural colonization and translocations facilitated secondary contact, offering a series of replicated experiments that demonstrate how introgression, in these cases following isolation (insular and refugial), shapes genetic diversity. We test whether genetic exchange is occurring between North American marten species using mitochondrial genomes and ten nuclear loci. We present evidence of biased nuclear introgression from M. caurina into M. americana across two natural hybrid zones (insular and mainland) and found no remnant evidence of M. caurina on islands that received M. americana translocations, suggesting prior absence, potential extirpation, or genetic swamping of M. caurina from these islands. Our results highlight the importance of understanding phylogeographic variation prior to identifying source populations for wildlife translocations and caution the use of genetic rescue for North American marten populations. Although previously managed as a single species, these two species show substantial genetic divergence. When the two are placed into contact, they exhibit unidirectional, asymmetric introgression with potentially negative consequences for M. caurina, underscoring the value of mindful consideration of introgression in wildlife management.",10.1007/s10592-018-1120-5,Wright et al,WOS:000462207000002,"[""Invasive & other problematic species, genes & diseases""]","[""Introduced genetic material""]"
Patterns of mortality in southern sea otters (Enhydra lutris nereis) from 1998-2001,"Detailed postmortem examination of southern sea otters (Enhydra lutris nereis) found along the California (USA) coast has provided an exceptional opportunity to understand factors influencing survival in this threatened marine mammal species. In order to evaluate recent trends in causes of mortality, the demographic and geographic distribution of causes of death in freshly deceased beacheast sea otters necropsied from 1998-2001 were evaluated. Protozoal encephalitis, acanthocephalan-related disease, shark attack, and cardiac disease were identified as common causes of death in sea otters examined. While infection With acanthocephalan parasites was more likely to cause death in juvenile otters, Toxoplasma gondii encephalitis, shark attack, and cardiac disease were more common in prime-aged adult otters. Cardiac disease is a newly recognized cause of mortality in sea otters and T gondii encephalitis was significantly associated with this condition. Otters with fatal shark bites were over three times more likely to have preexisting T gondii encephalitis suggesting that shark attack, which is it long-recognized source of mortality in otters, may be coupled with a recently recognized disease in otters. Spatial clusters of cause-specific mortality were detected for T gondii encephalitis (in Estero Bay), acanthocephalan peritonitis (in southern Monterey Bay), and shark attack (from Santa Cruz to Point Ano Nuevo). Diseases caused by parasites, bacteria, or fungi and diseases without a specified etiology were the primary cause of death in 63.8% of otters examined. Parasitic disease alone caused death in 38.1% of otters examined. This pattern of mortality, observed predominantly in juvenile and prime-aged adult southern sea otters, has negative implications for the overall health and recovery of this population.",10.7589/0090-3558-39.3.495,Wright et al,WOS:000185459200002,"[""Invasive & other problematic species, genes & diseases""]","[""Viral/prion-induced diseases""]"
"Mitochondrial DNA and palaeontological evidence for the origins of endangered European mink, Mustela lutreola","The European mink Mustela lutreola is one of Europe's most endangered carnivores, with few vulnerable populations remaining. Surprisingly, a recent phylogeny placed a single mink specimen within the polecat (M. putorius, M. eversmannii) group, suggesting a recent speciation and/or the effects of hybridization. The analysis has now been extended to a further 51 mink and polecats. As before, phylogenetic methods failed to resolve the relationships between the species. One haplotype (C11) was found in both species, and predominated in European mink from Spain and eastern Europe. The known M. lutreola fossils are of very young date, so either mink arose recently, or else the situation is confused by hybridization and a biased fossil recovery. The study highlights the dangers of using a single genetic marker in defining Evolutionarily Significant Units (ESUs). Polecats and European mink are clearly distinct in their morphology and ecology, and should still be considered as separate ESUs, but without further data it is difficult to define Management Units. Following the precautionary principle, we recommend that for the moment European mink in eastern Europe (Belarus, Estonia and Russia) and Spain should be managed separately.",,Wright et al,WOS:000165205800007,"[""Invasive & other problematic species, genes & diseases""]","[""Introduced genetic material""]"
"Thelazia callipaeda in mustelids from Romania with the European badger, Meles meles, as a new host for this parasite","BackgroundThelazia callipaeda (Spirurida, Thelaziidae) is a vector-borne zoonotic eye worm with a broad host spectrum. In Europe, it is an emerging threat, having greatly expanded its geographical distribution during the past two decades. In Romania, T. callipaeda has been previously reported in domestic and wild canids and felids. The aim of the present study was to assess the occurrence of T. callipaeda in mustelids in the country.MethodsBetween March 2015 and April 2019, 77 road-killed mustelids (3 pine martens, Martes martes; 6 European polecats, Mustela putorius; 13 beech martens, Martes foina; and 55 European badgers, Meles meles) were examined by necropsy. If present, all ocular nematodes were collected and stored in absolute ethanol, for subsequent morphological and molecular identification.ResultsTwo animals were found to be infected with T. callipaeda: one European badger and one beech marten. The molecular analysis revealed a 100% nucleotide similarity to T. callipaeda haplotype h1 for all the sequenced specimens.ConclusionsTo our knowledge, the present study demonstrates for the first time the occurrence of T. callipaeda in mustelids from Romania, records the easternmost locality of the parasite in Europe, and represents the first report of T. callipaeda in the European badger, Meles meles, extending the known host range for this parasite in Europe.",10.1186/s13071-019-3631-4,Wright et al,WOS:000477592400005,"[""Invasive & other problematic species, genes & diseases""]","[""Problematic native species/diseases""]"
Interface between black-footed ferret research and operational conservation,"Questions and problems that emerged during operational conservation of black-footed ferrets (Mustela nigripes) have been addressed by a wide variety of studies. Early results from such studies often were communicated orally during meetings of recovery groups and in written form using memoranda, unpublished reports, and theses. Typically, implementation of results preceded their publication in widely distributed journals. Many of these studies eventually were published in journals, and we briefly summarize the contents of 8 volumes and special features of journals that have been dedicated to the biology of ferrets and issues in ferret recovery. This year marks the 30th anniversary of rediscovery of the black-footed ferret, and the 7 papers of the following Special Feature summarize data collected over nearly that span of time.",10.1644/11-MAMM-S-086.1,Wright et al,WOS:000294314900001,"[""Invasive & other problematic species, genes & diseases""]",
Burrow Dusting or Oral Vaccination Prevents Plague-Associated Prairie Dog Colony Collapse,"Plague impacts prairie dogs (Cynomys spp.), the endangered black-footed ferret (Mustela nigripes) and other sensitive wildlife species. We compared efficacy of prophylactic treatments (burrow dusting with deltamethrin or oral vaccination with recombinant sylvatic plague vaccine [RCN-F1/V307]) to placebo treatment in black-tailed prairie dog (C. ludovicianus) colonies. Between 2013 and 2015, we measured prairie dog apparent survival, burrow activity and flea abundance on triplicate plots (blocks) receiving dust, vaccine or placebo treatment. Epizootic plague affected all three blocks but emerged asynchronously. Dust plots had fewer fleas per burrow (P < 0.0001), and prairie dogs captured on dust plots had fewer fleas (P < 0.0001) than those on vaccine or placebo plots. Burrow activity and prairie dog density declined sharply in placebo plots when epizootic plague emerged. Patterns in corresponding dust and vaccine plots were less consistent and appeared strongly influenced by timing of treatment applications relative to plague emergence. Deltamethrin or oral vaccination enhanced apparent survival within two blocks. Applying insecticide or vaccine prior to epizootic emergence blunted effects of plague on prairie dog survival and abundance, thereby preventing colony collapse. Successful plague mitigation will likely entail strategic combined uses of burrow dusting and oral vaccination within large colonies or colony complexes.",10.1007/s10393-017-1236-y,Wright et al,WOS:000414153000003,"[""Invasive & other problematic species, genes & diseases""]","[""Problematic native species/diseases""]"
"Toxoplasma gondii infections in captive black-footed ferrets (Mustela nigripes), 1992-1998: Clinical signs, serology, pathology, and prevention","An epizootic of toxoplasmosis occurred among 22 adult and 30 kit black-footed ferrets (Mustela nigripes) maintained under quarantine conditions at the Louisville Zoological Garden (Louisville, Kentucky, USA) in June,1992. Black-footed ferrets appear to be highly susceptible to acute and chronic toxoplasmosis. Clinical signs were observed in 19 adults and six kits and included anorexia, lethargy, corneal edema, and ataxia. Two adults and six kits died with acute disease. High antibody titers to Toxoplasma gondii were detected by latex agglutination and modified agglutination assay in 10 black-footed ferrets. One adult and six kits that died with acute clinical signs were necropsied and T gondii-like organisms were found microscopically in multiple organs. Diagnosis of toxoplasmosis was confirmed by immunohistochemical staining with anti-T. gondii antibodies and by ultrastructural examination. Although the source of T gondii for black-footed ferrets was not identified, frozen uncooked rabbit was the most likely source. Chronic toxoplasmosis resulted in the death of an additional 13 black-footed ferrets that were adults during the epizootic. Affected animals developed chronic progressive posterior weakness and posterior ataxia 6-69 me after the epizootic began. Meningoencephalitis or meningoencephalomyelitis associated with chronic toxoplasmosis were identified at necropsy in all 13 ferrets. Precautions to prevent introduction of pathogens into the colony were insufficient to exclude T gondii. Although toxoplasmosis may cause significant mortality in mustelids, the high mortality of black-footed ferrets in this epizootic was of concern due to their endangered status. This is the first detailed report of toxoplasmosis in black-footed ferrets.",10.7589/0090-3558-39.4.787,Wright et al,WOS:000187791800005,"[""Invasive & other problematic species, genes & diseases""]","[""Problematic native species/diseases""]"
"THE OCCURRENCE OF PATHOGENS IN AN ENDANGERED POPULATION OF AMERICAN BADGERS (TAXIDEA TAXUS JACKSONI) IN ONTARIO, CANADA","American badgers (Taxidea taxus jacksoni) at the periphery of the species' range in Ontario, Canada, are listed as endangered because of an estimated population size of <200 mature individuals. The main threats faced by this population include habitat loss and road mortality. However, on 18 November 2013, a radio-implanted badger was found nonresponsive in an agricultural field with signs consistent with canine distemper virus infection, which was subsequently confirmed. This prompted our investigation into the occurrence of pathogens in this endangered carnivore to better quantify the level of risk infectious disease poses to population persistence. We examined serum samples from nine live-trapped individuals and 27 whole badger specimens submitted for postmortem examination. We found evidence of exposure to canine distemper virus, canine parvovirus, and leptospires. However, infection associated with disease was not the leading cause of mortality. Future research into the effects of disease on kit survival and a comprehensive understanding of disease severity and spread from reservoir populations (e.g., raccoons [Procyon lotor] and striped skunks [Mephitis mephitis]) to badgers will be of particular importance to the conservation of this endangered population.",10.7589/2016-02-040,Wright et al,WOS:000392380700009,"[""Invasive & other problematic species, genes & diseases""]","[""Problematic native species/diseases""]"
The stoat Mustela erminea population decline in northern Belarus and its consequences for weasels Mustela nivalis,"In northern Belarus, we have documented a decline in the local stoat Mustela erminea population following the naturalisation of the American mink Mustela vison. The most likely cause is the reduction in the density and distribution of the main prey of stoats, the riparian voles (the water vole Arvicola terrestris and the root vole Microtus oeconomus), due to excessive predation by mink. Since the stoat population has declined, the number of weasels Mustela nivalis in marshlands has increased and their mean body mass has increased, correlated with the higher number and mean weights of rodents available for weasels in marshland compared with forest habitats.",10.1080/03014220709510059,Wright et al,WOS:000246169300002,"[""Invasive & other problematic species, genes & diseases""]","[""Invasive non-native/alien species/diseases""]"
A review of piroplasmid infections in wild carnivores worldwide: importance for domestic animal health and wildlife conservation,"Piroplasmids are tick-borne protozoan parasites that infect blood cells (erythrocytes, lymphocytes or other leukocytes) or endothelial cells of numerous wild and domestic vertebrates worldwide. They cause severe disease in livestock, dogs, cats, wild mammals and, occasionally, in humans. Piroplasmid infections are prevalent in wild carnivores worldwide although there is limited information about their clinical and epidemiological importance. There are currently nine recognized species of Babesia, two of Theileria, two of Cytauxzoon and one of Rangelia infecting captive and wild carnivores, including members of Canidae, Felidae, Mustelidae, Procyonidae, Ursidae, Viverridae, Hyaenidae and Herpestidae in the Americas, Eurasia and Africa. However, the number of piroplasmid species is likely higher than currently accepted due to the reported existence of DNA sequences that may correspond to new species and the lack of studies on many host species and biogeographical areas. Indeed, many species have been recognized in the last few years with the advancement of molecular analyses. Disease and mortality have been documented in some wild carnivores, whereas other species appear to act as natural, subclinical reservoirs. Various factors (e.g. unnatural hosts, stress due to captivity, habitat degradation, climate fluctuation or immunosuppression) have been associated with disease susceptibility to piroplasmid infections in some species in captivity. We aimed to review the current knowledge on the epidemiology of piroplasmid infections in wild carnivores and associated tick vectors. Emphasis is given to the role of wild carnivores as reservoirs of clinical piroplasmosis for domestic dogs and cats, and to the importance of piroplasmids as disease agents for endangered carnivores.",10.1186/s13071-016-1808-7,Wright et al,WOS:000384847200003,"[""Invasive & other problematic species, genes & diseases""]","[""Problematic native species/diseases""]"
"ORAL PAPILLOMATOSIS CAUSED BY ENHYDRA LUTRIS PAPILLOMAVIRUS 1 (EIPV-1) IN SOUTHERN SEA OTTERS (ENHYDRA LUTRIS NEREIS) IN CALIFORNIA, USA","The southern sea otter (Enhydralutris nereis) is a threatened marine sentinel. During postmortem investigations of stranded sea otters from 2004 to 2013 in California, US, papillomas were detected in the oral cavity of at least seven otters via necropsy and histopathology. Next-generation sequencing of viral particles purified from a single papilloma revealed a novel papillomavirus, Enhydra lutris papillomavirus 1 (ElPV-1). The genome of ElPV-1 was obtained, representing the first fully sequenced viral genome from southern sea otters. Phylogenetic analysis of the entire L1 gene, as well as a concatenated protein identities plot of all papillomaviral genes revealed that ElPV-1 is a X-papillomavirus, related to a raccoon papillomavirus (Procyon lotor papillomavirus type 1) and a canine oral papillomavirus. Immunohistochemical staining, using a cross-reactive bovine papillomavirus antibody, suggested that ElPV-1 is present in intranuclear inclusions and intracytoplasmic keratin granules. Virus-infected cells were scattered throughout the stratum granulosum and stratum spinosum of the gingival and buccal papillomas. Using ElPV-1 specific PCR, we confirmed viral DNA in oral papillomas from all seven stranded sea otters, with identical Li sequences. This virus is associated with the development of oral papillomatosis in southern sea otters.",10.7589/2014-06-152,Wright et al,WOS:000352921800015,"[""Invasive & other problematic species, genes & diseases""]","[""Viral/prion-induced diseases""]"
Bayesian analysis of hybridization and introgression between the endangered european mink (Mustela lutreola) and the polecat (Mustela putorius),"Human-mediated global change will probably increase the rates of natural hybridization and genetic introgression between closely related species, and this will have major implications for conservation of the taxa involved. In this study, we analyse both mitochondrial and nuclear data to characterize ongoing hybridization and genetic introgression between two sympatric sister species of mustelids, the endangered European mink (Mustela lutreola) and the more abundant polecat (M. putorius). A total of 317 European mink, 114 polecats and 15 putative hybrid individuals were collected from different localities in Europe and genotyped with 13 microsatellite nuclear markers. Recently developed Bayesian methods for assigning individuals to populations and identifying admixture proportions were applied to the genetic data. To identify the direction of hybridization, we additionally sequenced mtDNA and Y chromosomes from 78 individuals and 29 males respectively. We found that both hybridization and genetic introgression occurred at low levels (3% and 0.9% respectively) and indicated that hybridization is asymmetric, as only pure polecat males mate with pure European mink females. Furthermore, backcrossing and genetic introgression was detected only from female first-generation (F1) hybrids of European mink to polecats. This latter result implies that Haldane's rule may apply. Our results suggest that hybridization and genetic introgression between the two species should be considered a rather uncommon event. However, the current low densities of European mink might be changing this trend.",10.1111/j.1365-294X.2010.04988.x,Wright et al,WOS:000288074600011,"[""Invasive & other problematic species, genes & diseases""]","[""Introduced genetic material""]"
Lack of Spatial Immunogenetic Structure among Wolverine (Gulo gulo) Populations Suggestive of Broad Scale Balancing Selection,"Elucidating the adaptive genetic potential of wildlife populations to environmental selective pressures is fundamental for species conservation. Genes of the major histocompatibility complex (MHC) are highly polymorphic, and play a key role in the adaptive immune response against pathogens. MHC polymorphism has been linked to balancing selection or heterogeneous selection promoting local adaptation. However, spatial patterns of MHC polymorphism are also influenced by gene flow and drift. Wolverines are highly vagile, inhabiting varied ecoregions that include boreal forest, taiga, tundra, and high alpine ecosystems. Here, we investigated the immunogenetic variation of wolverines in Canada as a surrogate for identifying local adaptation by contrasting the genetic structure at MHC relative to the structure at 11 neutral microsatellites to account for gene flow and drift. Evidence of historical positive selection was detected at MHC using maximum likelihood codonbased methods. Bayesian and multivariate cluster analyses revealed weaker population genetic differentiation at MHC relative to the increasing microsatellite genetic structure towards the eastern wolverine distribution. Mantel correlations of MHC against geographical distances showed no pattern of isolation by distance (IBD: r = -0.03, p = 0.9), whereas for microsatellites we found a relatively strong and significant IBD (r = 0.54, p = 0.01). Moreover, we found a significant correlation between microsatellite allelic richness and the mean number of MHC alleles, but we did not observe low MHC diversity in small populations. Overall these results suggest that MHC polymorphism has been influenced primarily by balancing selection and to a lesser extent by neutral processes such as genetic drift, with no clear evidence for local adaptation. This study contributes to our understanding of how vulnerable populations of wolverines may respond to selective pressures across their range.",10.1371/journal.pone.0140170,Wright et al,WOS:000362511000101,"[""Invasive & other problematic species, genes & diseases""]",
FLEAS OF BLACK-FOOTED FERRETS (MUSTELA NIGRIPES) AND THEIR POTENTIAL ROLE IN THE MOVEMENT OF PLAGUE,"Sylvatic plague is one of the major impediments to the recovery of the black-footed ferret (Mustela nigripes) because it decimates their primary prey species, prairie dogs (Cynomys spp.), and directly causes mortality in ferrets. Fleas are the primary vector of Yersinia pestis, the causative agent of sylvatic plague. The goal of this research was to better understand the flea fauna of ferrets and the factors that might influence flea abundance on ferrets. Fleas from ferrets were tested for Y. pestis in a post hoc assessment to investigate the plausibility that some ferrets could act as incidental transporter hosts of fleas infected with Y. pestis. Fleas were collected from ferrets captured on the Lower Brule Indian Reservation in central South Dakota, US from 2009 to 2012. A total of 528 fleas collected from 67 individual ferrets were identified and tested for the presence of Y. pestis with a nested PCR assay. The predominant flea recovered from ferrets was Oropsylla hirsuta, a species that comprises 70-100% of the fleas recovered from prairie dogs and their burrows in the study area. Yersinia pestis was detected at low levels in fleas collected from ferrets with prevalence ranging from 0% to 2.9%; male ferrets harbored significantly more fleas than female ferrets. Six of 67 ferrets vaccinated against plague carried fleas that tested positive for Y. pestis, which suggests ferrets vaccinated against plague could inadvertently act as incidental transporter hosts of Y. pestis-positive fleas.",10.7589/2016-09-202,Wright et al,WOS:000405093800009,"[""Invasive & other problematic species, genes & diseases""]","[""Problematic native species/diseases""]"
A distemper outbreak in beech martens (Martes foina) in Flanders,"An outbreak of distemper was observed in beech martens (Martes foina) in the eastern part of Flanders (Belgium) for the first time. The clinical and pathological findings were consistent with other outbreaks described in mustelids in Europe. Using reverse transcriptase polymerase chain reaction, morbillivirus RNA was detected in an organ homogenate inoculated on Vero.dogSLAM cells. The virus was sequenced and was identified as a canine distemper virus (CDV) strain, hundred percent identical to an earlier isolate from a marten from Germany. After a period of nearly complete absence of beech martens in Flanders due to intensive prosecution, their population density has increased substantially in the last decennia. Although the exact mechanisms behind the observed population changes stay unclear, spread of CDV from central Europe following dispersion of beech martens is indicated by our findings. Further CDV spread could negatively impact on the highly threatened pine marten (Mantes martes) and the decreasing polecat (Mustela putorius) populations in Flanders.",10.21825/vdt.v81i2.18362,Wright et al,WOS:000303691700003,"[""Invasive & other problematic species, genes & diseases""]","[""Viral/prion-induced diseases""]"
Protected areas have remarkable spillover effects on forest conservation on the Qinghai-Tibet Plateau,"Aim Although protected areas (PAs) are assumed to reduce natural threats within boundaries, their spillover effects remain equivocal. It is necessary to determine whether PAs truly achieve conservation targets and whether they promote or inhibit natural habitat degradation in adjacent areas by blockage or leakage spillover. This study aims to choose 54 nature reserves (NRs) focusing on forest protection as a case study to assess PA conservation effectiveness and spillover prevalence. Location PAs on the Qinghai-Tibet Plateau (QTP). Methods We used matching methods to compare deforestation rates inside PAs and their 20 km buffer zones with matched control areas based on the Global Forest Change dataset from 2001 to 2019. We contrasted the effects of NRs with different management levels, ages and areas. We designed five concentric buffer zones to assess spillover change with distance and estimated potential drivers of the spillover effect to explain its directions and magnitudes. Results 75.9% of the NRs were effective in preventing deforestation within their boundaries. NRs with different properties showed similar performance on forest conservation. Spillover effects were heterogeneous around NRs. One hundred and twenty-two buffer zones had positive spillover ranging from 0.1% to 5.3%. One hundred and nineteen buffer zones had leakages from -8.84% to -0.1%. Blockages slightly outnumbered leakages at different distances, while leakages happened more frequently when we treated buffer zones as a whole spillover area. The linear model indicated NR age and population density of buffer zones were the most relevant predictors to spillover value. Main conclusions Most PAs performed well in forest conservation. Leakages could undermine or offset PA conservation efforts and were related to multiple natural or socio-economic factors. We recommend considering the plurality of PAs as well as spillover effect and incorporating a social-ecological framework in further PA establishment and management.",10.1111/ddi.13466,Pulido-Chadid et al,WOS:000736699700001,"[""Natural system modifications""]","[""Fire & fire suppression""]"
Landscape Changes in Protected Areas in Poland,"Land-Use Cover Changes (LUCCs) are one of the main problems for the preservation of landscapes and natural biodiversity. Protected Areas (PAs) do not escape this threat. Poland is among the European leaders in terms of the variety of landscapes and the share of an area designated as a protected area. However, as many as 78% of the habitats have poor or bad conservation status based on EEA reports. This article analyzes the LUCCs between 2000 and 2018 in various types of the Polish legal forms of nature protection areas and the European Natura 2000 network within the country. The research material was: the data of Corine Land Cover (CLC), the Central Register of Nature Protection Forms, and high-resolution layers, such as HRL and orthophotos. The results were compiled according to the CLC class and forms of protection. The matrix of transformations showed that the most frequently transformed CLC class was 312 (coniferous forest). It was transformed into class 324 (transitional woodland shrubs). The changes in PAs were usually smaller than in the surrounding buffer zones, which may indicate their effectiveness. The exception was the areas of the European Natura 2000 network. The scale of land-cover flows (LCFs) changed within particular forms of protected areas, though afforestation and deforestation predominating in all area types. National reserves and parks were the most stable in terms of land cover structures. However, human settlements increased around the protected areas, potentially increasing threats to their ecological integrity.",10.3390/su14020753,Pulido-Chadid et al,WOS:000748146300001,"[""Natural system modifications""]","[""Fire & fire suppression""]"
The response of otters to environmental changes imposed by the construction of large dams,"1. The number of dams is progressively increasing, but nonetheless there are few examples of long-term studies involving otters and these structures. 2. This study assessed how Eurasian otter Lutra lutra responded over time to environmental changes imposed by the construction of a large reservoir, the Alqueva Dam (250km(2), SE Portugal). 3. Otter distribution was monitored over four phases (pre-deforestation/flooding, deforestation, flooding, and post-flooding) from 2000 to 2006 in both the flooded and surrounding areas. During each phase, presence was assessed at two resolutions: 25km(2) (76 survey sites in wet and dry seasons) and 1km(2) (39 survey sites, every three months). In addition, otter spraints were collected at eight survey sites in 2000 (pre-dam) and 2006 (post-dam) to assess and compare otter diet with prey availability. 4. Otters were widespread before dam construction (>82.4% positive cells), decreased during deforestation (68.5%), and particularly during the flooding phase (33.3%), recovered during the post-flooding phase, although not at the level recorded before dam construction (61.5-83.3%). Otter diet was dominated by fish and American crayfish Procambarus clarkii during the pre-deforestation/flooding phase (56.7% fish, 35.3% crayfish) and at the end of the post-flooding phase (60.7% fish, 33.2% crayfish). Species richness of fish prey decreased with flooding (16 to 8), as did the ratio of native/non-native fish species (1.7 to 0.3). 5. Changes in the availability of the main ecological requirements of otter were similar to the changes in the observed otter distribution in the flooded area throughout the impact phases, and decreased during deforestation and flooding with some recovery in the post-flooding phase. 6. The results emphasize the importance of long-term monitoring studies that include several post-impact phases, to evaluate species response to impacts. This will allow better planning of mitigation and compensation measures. Copyright (c) 2013 John Wiley & Sons, Ltd.",10.1002/aqc.2379,Wright et al,WOS:000330802700008,"[""Natural system modifications""]","[""Dams & water management/use""]"
Multiple anthropogenic pressures challenge the effectiveness of protected areas in western Tanzania,"Despite being key conservation instruments, the ecological effectiveness of protected areas (PAs) is contested. To assess the ecological effectiveness of PAs in the Katavi-Rukwa Ecosystem (KRE) in western Tanzania, we investigated temporal changes in land-use and population densities of six large mammal target species (elephant, buffalo, giraffe, zebra, topi, and hartebeest) across areas with different conservation category, ranging from unprotected to strictly protected. During six survey periods between 1991 and 2018, we analyzed data from remote sensing and aerial wildlife surveys to derive (i) spatiotemporal patterns of cropland cover in relation to protection category; (ii) population densities of the six-target species; and (iii) distribution of these species across protection category, land-use and environmental variables. During the surveyed period, cropland increased from 3.4 % to 9.6 % on unprotected land and from <= 0.05 % to <1 % on protected land. Wildlife densities of most, but not all target species declined across the entire landscape, yet the onset of the observed wildlife declines occurred several years before the onset of cropland expansion. Logistic regression models indicated that target species preferred the national park over less strictly PAs and areas distant to cropland. As our data do not support a direct link between land-use change and wildlife densities, additional factors may explain the apparent ecosystem-wide decline in wildlife. To bolster wildlife conservation in the KRE, we recommended proactive strategies to reduce direct threats to wildlife and cropland expansion toward wildlife dispersal areas and migratory corridors.",10.1111/csp2.12684,Pulido-Chadid et al,WOS:000774061900001,"[""Natural system modifications""]","[""Fire & fire suppression""]"
Indirect effects of bioinvasions in Yellowstone Lake: The response of river otters to declines in native cutthroat trout,"Nonnative species threaten ecosystems throughout the world including protected reserves. In Yellowstone National Park, river otters Lontra canadensis depend on native cutthroat trout as prey. However, nonnative lake trout and whirling disease have significantly reduced the abundance of these native fish in the park's largest body of water, Yellowstone Lake. We studied the demographic and behavioral responses of otters to declining cutthroat trout on Yellowstone Lake and its tributaries. From 2002-2008, we monitored otter activity at latrine (scentmarking) sites, collected scat for prey identification, and used individual genotypes from scat and hair samples to evaluate survival and abundance with capture-recapture methods. Otter activity at latrines decreased with declines in cutthroat trout, and the prevalence of these fish in otter scat declined from 73% to 53%. Cutthroat trout numbers were the best predictor of temporal variation in apparent survival, and mean annual survival for otters was low (0.72). The density of otters in out study area (1 otter per 13.4 km of shoreline) was also low, and evidence of a recent genetic bottleneck suggests that otter abundance might have declined prior to our study. River otters in and around Yellowstone Lake appear to be responding to reductions in cutthroat trout via changes in distribution, diet, and possibly survival and abundance. Our results provide a baseline estimate for monitoring the broader outcome of management efforts to conserve native cutthroat trout and emphasize the indirect ecosystem consequences of invasive species. (C) 2015 Elsevier Ltd. All rights reserved.",10.1016/j.biocon.2015.07.042,Wright et al,WOS:000364257100067,"[""Natural system modifications""]",
"Habitat Selection of Lontra Longicaudis (Carnivora, Mustelidae) Under the Influence of the Hydroelectric Dam of Penas Blancas River and Its Tributaries, Alajuela, Costa Rica","The changes produced by human activities on aquatic ecosystems reconfigure and reduce available habitats. Therefore, the aim of this study was to assess habitat selection of the Neotropical otter (Lontra longicaudis) in areas of influence of the hydroelectric dam of Peoas Blancas river and some of its tributaries in order to recommend actions for otter conservation. The Peoas Blancas River and three of its tributaries were sampled for signs of otters and for measuring seven environmental variables to determine the probability of occurrence and detectability. In addition, the use of prey was determined by the neotropical otter. Environmental variables showed that the river width and the forest proportion were the most influential variables on the occurrence of the species. The flow compensation of Peas Blancas river showed the highest probability of occurrence. Related to the diet of the otter, fish were the most frequent category of prey in recent years. The data obtained showed the influence of physical conditions of the river on the occurrence of the otter and the importance of fish as a food component.",10.15359/ru.31-1.8,Wright et al,WOS:000396638200008,"[""Natural system modifications""]","[""Dams & water management/use""]"
Giant otter population responses to habitat expansion and degradation induced by a mega hydroelectric dam,"Large hydroelectric dams are major drivers of habitat loss and degradation in lowland Amazonia. Hydroelectric reservoirs reduce the habitat available for terrestrial species, but create new open-water and shoreline lake habitat that can potentially boost populations of aquatic and semi-aquatic species, such as the threatened giant otter (Pteronura brasiliensis). To assess the impacts of mega-dams on this apex-predator, we surveyed the giant otter population across the 443,772-hectare Balbina Hydroelectric Reservoir of central Brazilian Amazonia between 14 and 25 years after this reservoir creation. We compared changes in habitat area and estimated giant otter population size between the reservoir pre- and post-filling stages. The Balbina dam created 3525 islands and increased the open-water surface and total reservoir perimeter available to otters by a factor of 62.7 and 8.9, respectively. Some 25 years after damming, however, the estimated post-filling giant otter population size was only twice greater than that estimated before filling and 4.5 times smaller than would be predicted given the total available habitat area and density of dens quantified at a neighbouring undisturbed area used as a surrogate of the pre-filling phase. The observed mismatch between the proportional increase in otter population size and the much greater newly available reservoir habitat area is likely due to low habitat quality in terms of low fish prey productivity and scarcity of suitable sites for denning and territory demarcation. This should be considered in strategic environmental impact assessments of planned hydroelectric dams and in managing existing and future hydropower development in lowland tropical forests. (c) 2014 Elsevier Ltd. All rights reserved.",10.1016/j.biocon.2014.03.015,Wright et al,WOS:000337650800004,"[""Natural system modifications""]","[""Dams & water management/use""]"
Management impacts on fire occurrence: A comparison of fire regimes of African and South American tropical savannas in different protected areas,"Humans can alter fire dynamics in grassland systems by changing fire frequency, fire seasonality and fuel conditions. These changes have effects on vegetation structure and recovery, species composition, and ecosystem function. Understanding how human management can affect fire regimes is vital to detect potential changes in the resilience of plant communities, and to predict vegetation responses to human interventions. We evaluated the fire regimes of two recently protected areas in Madagascar (Ibity and Itremo NPA) and one in Brazil (Serra do Cipo NP) before and after livestock exclusion and fire suppression policies. We compare the pre- and post-management fire history in these areas and analyze differences in terms of total annual burned area, density of ignitions, burn scar size distribution, fire return period and seasonal fire distribution. More than 90% of total park areas were burned at least once during the studied period, for all parks. We observed a significant reduction in the number of ignitions for Ibity NPA and Serra do Cipo NP after livestock exclusion and active fire suppression, but no significant change in total burned area for each protected area. We also observed a seasonal shift in burning, with fires happening later in the fire season (October November) after management intervention. However, the protected areas in Madagascar had shorter fire return intervals (3.23 and 1.82 years) than those in Brazil (7.91 years). Our results demonstrate that fire exclusion is unattainable, and probably unwarranted in tropical grassland conservation areas, but show how human intervention in fire and vegetation patterns can alter various aspects of the fire regimes. This information can help with formulating realistic and effective fire management policies in these valuable conservation areas. (C) 2018 Elsevier Ltd. All rights reserved.",10.1016/j.jenvman.2018.04.004,Pulido-Chadid et al,WOS:000433649800008,"[""Natural system modifications""]","[""Fire & fire suppression""]"
Defining conservation status using limited information: the case of Patagonian otters Lontra provocax in Argentina,"The Southern river otter or huillin Lontra provocax has been classified as 'endangered', with the loss of riparian forest identified as the main threat to its survival. We used new information on distribution from Argentina to define their status. There are no data on the huillin's population structure and dynamics, and no estimate of its abundance or population trends at a relevant scale. Our survey teams covered 435 locations in lakes, rivers and coastal sites using a standard and repeatable methodology of 600 m survey transects as adopted for otter surveys across Europe. We found that its present geographic range in Argentina is slightly larger than is characteristic of a species at risk of extinction at the national level, although its contemporary distribution is still radically contracted in comparison to its historical distribution.",10.1007/s10750-010-0332-6,Wright et al,WOS:000280087900033,"[""Natural system modifications""]",
Using stochastic simulation to evaluate competing risks of wildfires and fuels management on an isolated forest carnivore,"Natural resource managers are often challenged with balancing requirements to maintain wildlife populations and to reduce risks of catastrophic or dangerous wildfires. This challenge is exemplified in the Sierra Nevada of California, where proposals to thin vegetation to reduce wildfire risks have been highly controversial, in part because vegetation treatments could adversely affect an imperiled population of the fisher (Martes pennanti) located in the southern Sierra Nevada. The fisher is an uncommon forest carnivore associated with the types of dense, structurally complex forests often targeted for fuel reduction treatments. Vegetation thinning and removal of dead-wood structures would reduce fisher habitat value and remove essential habitat elements used by fishers for resting and denning. However, crown-replacing wildfires also threaten the population's habitat, potentially over much broader areas than the treatments intended to reduce wildfire risks. To investigate the potential relative risks of wildfires and fuels treatments on this isolated fisher population, we coupled three spatial models to simulate the stochastic and interacting effects of wildfires and fuels management on fisher habitat and population size: a spatially dynamic forest succession and disturbance model, a fisher habitat model, and a fisher metapopulation model, which assumed that fisher fecundity and survivorship correlate with habitat quality. We systematically varied fuel treatment rate, treatment intensity, and fire regime, and assessed their relative effects on the modeled fisher population over 60 years. After estimating the number of adult female fishers remaining at the end of each simulation scenario, we compared the immediate negative effects of fuel treatments to the longer-term positive effect of fuel treatment (via reduction of fire hazard) using structural equation modeling. Our simulations suggest that the direct, negative effects of fuel treatments on fisher population size are generally smaller than the indirect, positive effects of fuel treatments, because fuels treatments reduced the probability of large wildfires that can damage and fragment habitat over larger areas. The benefits of fuel treatments varied by elevation and treatment location with the highest net benefits to fisher found at higher elevations and within higher quality fisher habitat. Simulated fire regime also had a large effect with the largest net benefit of fuel treatments occurring when a more severe fire regime was simulated. However, there was large uncertainty in our projections due to stochastic spatial and temporal wildfires dynamic and fisher population dynamics. Our results demonstrate the difficulty of projecting future populations in systems characterized by large, infrequent, stochastic disturbances. Nevertheless, these coupled models offer a useful decision-support system for evaluating the relative effects of alternative management scenarios; and uncertainties can be reduced as additional data accumulate to refine and validate the models.",10.1007/s10980-011-9663-6,Wright et al,WOS:000297136900015,"[""Natural system modifications""]","[""Fire & fire suppression""]"
The impact of river fragmentation on the population persistence of native and alien mink: an ecological trap for the endangered European mink,"The genetic diversity of feral and ranch American mink was studied in order to detect gene flux among rivers, investigate the processes of invasion, and determine the possible effects of river barriers. Tissue samples of 78 feral American mink from 5 different river catchments and 18 ranch mink, collected between 2007 and 2011 in Biscay, northern Spain, were genotyped at 21 microsatellite loci. Lack of genetic differentiation of feral mink among the sites and high differentiation between feral and ranch mink was suggested. These results confirm that the mink population established on Butrn River at the beginning of the 1990s may be the origin of almost all the feral mink population within the study area. Additionally, the occurrence of American and European mink was used to analyse the effect of fragmentation on the population viability. The size and composition of the home range of male European mink was considered to model minimum viable units for presence/absence. Forty-two minimum viable units were randomly distributed among rivers in order to analyse the effect of fragmentation on mink occurrence. Barriers were mapped and classified as slight, moderate or absolute, depending on the effect on mink movement, and were introduced into the models. The presence of European and American mink depended on the non-fragmented main river stretches and the number of tributaries free from barriers. Results showed that fragmented rivers can be temporarily occupied but the likelihood of death means that these areas are only sink patches for mink.",10.1007/s10531-012-0410-3,Wright et al,WOS:000312714300011,"[""Natural system modifications""]","[""Dams & water management/use""]"
Conservation of otter (Lutra lutra) in a Mediterranean area: the importance of habitat quality and temporal variation in water availability,"1. This study analyses quantitatively the association between habitat characteristics and annual variation in water availability on otter (Lutra lutra L.) distribution in a large Mediterranean area (13717 km(2)) in southern Spain. 2. There was a strong positive correlation between habitat quality, estimated after the two first components of a principal component analysis of a matrix of habitat variables x sites, and an index of otter presence/absence, otter presence being most commonly associated with unpolluted and undisturbed sites surrounded by woodland. 3. After univariate analysis, the main freshwater habitat features were statistically different between sites with otters and sites lacking them. In general, otters occurred in medium-sized fluvial habitats, with high bankside vegetation cover, unpolluted, with low or very low human disturbance and surrounded by forests or dehesas (Mediterranean-like savannah). 4. Water availability, inferred from the water balance, strongly influenced otter distribution and the type of water body used the most. As water availability increased so did the otter distribution range and during these: periods they tended to colonize low-order streams. During periods of water shortage, otters were usually found in high-order streams and reservoirs, the only sites that kept water. 5. This work shows that otter distribution in Mediterranean areas is strongly influenced by two factors - man-induced habitat degradation and natural variability in water availability. The addition of the second factor to the first one introduces additional risks to the survival of otter populations in Mediterranean areas compared with more northerly and humid areas. Copyright (C) 2001 John Wiley & Sons, Ltd.",10.1002/aqc.454,Wright et al,WOS:000171411700001,"[""Natural system modifications""]",
"The influence of riparian vegetation, woody debris, stream morphology and human activity on the use of rivers by southern river otters in Lontra provocax in Chile","The distribution of the Endangered southern river otter Lontra provocax population in southern Chile has contracted, causing concern among otter specialists and conservationists. The main factor contributing to this decline is the loss of suitable habitat. Because the Chilean Irrigation Law promotes land drainage, the removal of riparian vegetation and canalization of lowland rivers in several provinces, this situation could deteriorate further. Using an Index of Revisitation Rate (IRR), we assessed the influence of woody debris, riparian vegetation, river bank morphology and river canalization on the use of rivers and streams by the southern river otter. Surveys were conducted on foot, on a monthly basis, between April 1999 and March 2001 in the south of Chile. The surveys covered 13 sections of rivers and streams, 3 km long and <50 m wide. River and stream banks with high density of riparian vegetation, woody debris and exposed roots had the highest IRR; most of the highly marked sprainting sites were found in this habitat. Canalized rivers and streams lacking these characteristics had the lowest IRR and hardly any highly marked sprainting sites. The data indicates that otters can tolerate some degree of riparian vegetation removal, provided there is minimum use of floodplains by humans. Temperate evergreen ombrophilus swamp forests and shallow watercourses with woody debris or gravel, riparian vegetation and a plentiful supply of macrocrustaceans appear to be the preferred habitat and conditions for the otter and may be key to its survival in freshwater habitats.",10.1017/S0030605303000784,Wright et al,WOS:000186977300019,"[""Natural system modifications""]",
Short-term responses of mammalian carnivores to a sudden collapse of rabbits in Mediterranean Spain,"The European rabbit (Oryctolagus cuniculus) is a key prey species for most Mediterranean predators in the Iberian Peninsula, including some endangered species such as the Iberian lynx (Lynx pardinus). Rabbit populations in the Iberian Peninsula have collapsed since the arrival of rabbit haemorrhagic disease (RHD) in the late 1980s. We studied the dietary and numerical responses of five species of mammalian carnivores to this decline in the Donana National Park (south-west Spain), where RHD arrived in 1990. Behavioural responses of the Iberian lynx, a rabbit specialist, were also studied through radio-tracking. All carnivores reduced rabbit intake with decreasing rabbit densities immediately after the initial RHD outbreak, though the level of reduction varied among species. Reductions in rabbit consumption were highest for the Eurasian badger (Meles meles) and the red fox (Vulpes vulpes), low for the genet (Genetta genetta) and mongoose (Herpestes ichneumon), and negligible for the Iberian lynx, thus confirming its strong dependence on rabbits for survival. The Iberian lynx social system was temporarily altered. Female lynxes increased their home range size and no subadult lynxes dispersed in the year following the rabbit crash, causing a temporal local increase of lynx density, which returned to previous values a year after the arrival of RHD. The red fox showed a negative numerical response, reducing its abundance following the rabbit decline. Despite the fact that rabbit consumption was reduced in most carnivores, the role of joint predation is discussed as a factor in the failure of rabbit recovery after this new disease.",10.1016/j.baae.2011.01.005,Wright et al,WOS:000290502800003,"[""Natural system modifications""]",
Long-term increase in secondary exposure to anticoagulant rodenticides in European polecats &ITMustela putorius&IT in Great Britain,"As a result of legal protection and population recovery, European polecats (Mustela putorius) in Great Britain are expanding into areas associated with greater usage of second-generation anticoagulant rodenticides (SGARs). We analysed polecat livers collected from road casualties from 2013 to 2016 for residues of five SGARs. We related variation in residues to polecat traits and potential exposure pathways, by analysing stable isotopes of carbon (delta C-13) and nitrogen (delta N-15) in their whiskers. 54 of 68 (79%) polecats had detectable residues of at least one SGAR. Bromadiolone (71%) was the most frequently detected compound, followed by difenacoum (53%) and brodifacoum (35%). Applying historical limits of detection to allow comparison between these new data and previous assessments, we show that in the 25 years from 1992 to 2016 inclusive, the rate of detection of SGARs in polecats in Britain has increased by a factor of 1.7. The probability of SGAR detection was positively related to increasing values of delta N-15, suggesting that polecats feeding at a higher trophic level were more likely to be exposed. Total concentrations of SGARs in polecats with detectable residues were higher in polecats collected in arable compared to pastoral habitats, and in the west compared to the east of Britain. The number of compounds detected and total concentrations of SGARs increased with polecat age. There was no evidence of regional or seasonal variation in the probability of detecting SGARs, suggesting that the current risk of exposure to SGARs does not vary seasonally and has increased (from that in the 1990s) throughout the polecat's range. We recommend quantification of current practices in rodenticide usage, particularly in the light of recent regulatory changes, to enable assessment and mitigation of the risks of secondary exposure to rodenticides in non-target wildlife. (C) 2018 Elsevier Ltd. All rights reserved.",10.1016/j.envpol.2018.02.004,Wright et al,WOS:000429187500072,"[""Pollution""]","[""Agricultural & forestry effluents""]"
Could residual oil from the Exxon Valdez spill create a long-term population sink for sea otters in Alaska?,"Over 20 years ago, the Exxon Valdez oil tanker spilled 42 million L of crude oil into the waters of Prince William Sound, Alaska, USA. At the time of the spill, the sea otter (Enhydra lutris) population inhabiting the spill area suffered substantial acute injuries and loss. Subsequent research has resulted in one of the best-studied species responses to an oil spill in history. However, the question remains: Is the spill still influencing the Prince William Sound sea otter population? Here we fit time-varying population models to data for the sea otter population of western Prince William Sound to quantify the duration and extent of mortality effects from the spill. We hypothesize that the patchy nature of residual oil left in the environment has created a source-sink population dynamic. We fit models using the age distributions of both living and dying animals and estimates of sea otter population size to predict the number of sea otters in the hypothesized sink population and the number lost to this sink due to chronic exposure to residual oil. Our results suggest that the sink population has remained at just over 900 individuals (95% CI: 606-960) between 1990 and 2009, during which time prime-age survival remained 2-6% below pre-spill levels. This reduced survival led to chronic losses of; 900 animals over the past two decades, which is similar in magnitude to the number of sea otter deaths documented in western Prince William Sound during the acute phase of the spill. However, the unaffected source population appears to be counterbalancing these losses, with the model indicating that the sea otter population increased from; 2150 individuals in 1990 to nearly 3000 in 2009. The most optimistic interpretation of our results suggests that mortality effects dissipated between 2005 and 2007. Our results suggest that residual oil can affect wildlife populations on time scales much longer than previously believed and that cumulative chronic effects can be as significant as acute effects. Further, source-sink population dynamics can explain the slow recovery observed in the spill-affected western Prince William Sound sea otter population and are consistent with available data.",10.1890/11-0152.1,Wright et al,WOS:000299166300007,"[""Pollution""]","[""Industrial & military effluents""]"
"Assessing Risks to Sea Otters and the Exxon Valdez Oil Spill: New Scenarios, Attributable Risk, and Recovery","The Exxon Valdez oil spill occurred more than two decades ago, and the Prince William Sound ecosystem has essentially recovered. Nevertheless, discussion continues on whether or not localized effects persist on sea otters (Enhydra lutris) at northern Knight Island (NKI) and, if so, what are the associated attributable risks. A recent study estimated new rates of sea otter encounters with subsurface oil residues (SSOR) from the oil spill. We previously demonstrated that a potential pathway existed for exposures to polycyclic aromatic hydrocarbons (PAHs) and conducted a quantitative ecological risk assessment using an individual-based model that simulated this and other plausible exposure pathways. Here we quantitatively update the potential for this exposure pathway to constitute an ongoing risk to sea otters using the new estimates of SSOR encounters. Our conservative model predicted that the assimilated doses of PAHs to the 1-in-1000th most-exposed sea otters would remain 1-2 orders of magnitude below the chronic effects thresholds. We re-examine the baseline estimates, post-spill surveys, recovery status, and attributable risks for this subpopulation. We conclude that the new estimated frequencies of encountering SSOR do not constitute a plausible risk for sea otters at NKI and these sea otters have fully recovered from the oil spill.",10.1080/10807039.2013.828513,Wright et al,WOS:000333483800002,"[""Pollution""]","[""Industrial & military effluents""]"
Anticoagulant rodenticides in stoats (Mustela erminea) and weasels (Mustela nivalis) in England,"Concentrations of six anticoagulant rodenticides were examined in the livers of stoats Mustela erminea L. and weasels Mustela nivalis L. trapped or shot by gamekeepers between August 1996 and March 1997. Residues of rodenticides were detected in nine out of 40 stoats (23%) and three out of ten weasels (30%) from live out of eight estates in central and eastern England. Bromadiolone (0.04-0.38 mg kg(-1) wet wt) was detected in three stoats and one weasel, coumatetralyl (0.0085-0.06 mg kg(-1)) in six stoats and three weasels and brodifacoum (0.12 mg kg(-1)) in one stoat. One stoat and one weasel contained combinations of two rodenticides. Exposure to rodenticides was more prevalent in female stoats than in males. Rodenticides were widely used away from buildings on the sampled estates and so mustelids need not forage around buildings to be exposed. We conclude that stoats and weasels are secondarily exposed to rodenticides mainly by eating non-target species. (C) 1998 Elsevier Science Ltd. All rights reserved.",10.1016/S0269-7491(98)00141-9,Wright et al,WOS:000077396900003,"[""Pollution""]","[""Agricultural & forestry effluents""]"
Quantifying long-term risks to sea otters from the 1989 'Exxon Valdez' oil spill: Comment on Bodkin et al. (2012) COMMENT,"Bodkin et al. (2012; Mar Ecol Prog Ser 447:273-287) assessed the frequency at which sea otters Enhydra lutris might encounter subsurface oil residues from the 'Exxon Valdez' oil spill. They concluded that a pathway exists for exposures of sea otters to residual oil in the intertidal zone, and imply that this pathway has delayed recovery of sea otters. We agree that the potential exposure pathway exists, and the Bodkin et al. (2012) estimates of the frequency of encountering subsurface oil residues (4 to 10 times per year) comport with our previously published studies (2 to 7 times per year). However, we disagree that this pathway constitutes a significant risk to sea otters. We discuss results from our quantitative ecological risk assessment using an individual-based model that specifically simulated this pathway of exposures to a population of 500 000 sea otters. This conservative model predicted that assimilated doses of polycyclic aromatic hydrocarbons in subsurface oil residues to the 1-in-1000th most-exposed sea otters would be 1 to 2 orders of magnitude below the chronic effects thresholds that we established using USEPA data and methodology. When we artificially increased the rate of encountering subsurface oil residues, it required 4 to 10 encounters per day to reach effects levels. We conclude that the subsurface oil residues from the oil spill could not plausibly be responsible for any individual-or population-level effect on the sea otters at northern Knight Island.",10.3354/meps10497,Wright et al,WOS:000323245800024,"[""Pollution""]","[""Industrial & military effluents""]"
Developing a criterion for delisting the southern sea otter under the US endangered species act,"Recent surveys of recovery plans indicate that criteria, such as population sizes, for delisting species from the U.S. Endangered Species Act (ESA) are often unrealistically low by scientific standards. We describe the delisting criterion for the threatened southern sea otter (Enhydra lutris nereis) developed by the Southern Sea Otter Recovery Team. A major oil spill is the most serious threat to this sea otter population. After extensive modeling of oil spills, the recovery team concluded that it was not scientifically defensible to develop a delisting criterion in terms of a single probability of extinction over a specified time period. Instead, the team decided to define a size at which it would consider the population endangered and to consider the population threatened as long as a major oil spill might reduce it to that size. The effective population size (N-e) for endangered status was set at 500, estimated to be about 1850 otters. Using a spill the size of the Exxon Valdez spill (250,000 bbl), the oil spill model was iterated to generate a frequency distribution of the number of sea otters contacted by oil, from which the team estimated that less than 800 otters would be killed by 90% of the simulated spills. Thus, the delisting criterion was set at 1850 + 800 = 2650 individuals. There have been several proposals to improve the Endangered Species Act by providing quantitative guidance, in the form of specific probabilities of extinction within some time frame or specific criteria like those used by the Wordl Conservation Union as to the levels of extinction risk represented by the terms ''threatened'' and ''endangered''. Experiences of the Sea Otter Recovery Team indicate that guidelines should not be overly rigid and should allow flexibility for dealing with specific situations. The most important consideration is to appoint a recovery team that is both technically well qualified and unconstrained by pressures from management agencies.",10.1046/j.1523-1739.1996.10061528.x,Wright et al,WOS:A1996VY24500007,"[""Pollution""]","[""Industrial & military effluents""]"
Effects of the Exxon Valdez oil spill on river otters:: Injury and recovery of a sentinel species,"Integration of individual-based and population-level studies is essential to understanding effects of pollution on populations and ecosystems. Here we provide an example of such integration from our exploration of effects of the Exxon Valdez oil spill (EVOS) on river otters (Lontra canadensis) inhabiting the terrestrial-marine interface in Prince William Sound, Alaska, USA. Our research was divided into 2 phases: an early phase (1989-92) immediately following the oil spill; and a late phase (1996-99), which focused on potential chronic effects of oil contamination in the Sound. We used a variety of measurements that considered the physiological status and health of individual river otters, as well as aspects of their ecology, behavior, and demography. We then conducted meta-analysis to explore interactions between individual-based and population-level data in demonstrating injury and subsequent recovery of otters from ill effects of EVOS. During both phases of our studies, we first conducted intensive research at 2 study sites, which we believed to be oiled and nonoiled, and then expanded our investigations throughout similar areas of Prince William Sound. Nonetheless, our data are best interpreted as differences between heavily oiled areas and lightly oiled sites because later information indicated that our reference sites were lightly oiled. Thus we refer to heavily oiled sites as oiled and lightly oiled sites as nonoiled. In the later phase, we were part of a broader ecosystem-based project (Nearshore Vertebrate Predators) designed to assess long-term effects of EVOS on a suite of key organisms, and to determine whether those species had recovered from that catastrophic accident. We used radiotelemetry to locate carcasses of animals that died from natural causes, and documented that searching beaches immediately following the spill was not a reliable method for locating dead river otters. Our early research (1989-92) demonstrated that river otters living in oiled areas had lower body mass (P < 0.04) and elevated biomarkers (P < 0.05) in their blood (e.g., haptoglobin [Hp], interleukin-6 immunoreactive [IL-6 ir], aspartate aminotransferase [AST]) than otters inhabiting nonoiled areas. Likewise, otters from oiled areas had higher levels of fecal porphyrins (P < 0.001), ate a less-diverse diet (P < 0.001), had larger home ranges (P < 0.05), and selected habitats differently (P < 0.01) than otters living in areas that were not heavily oiled. A mark-recapture analysis based on radiotracers in otter feces during 1990 indicated no difference (P > 0.10) between density of otters in Herring Bay (oiled) or Esther Passage (nonoiled), but no prespill data were available. Likewise, by 1992, biomarkers (Hp, IL-6 ir, AST) did not differ (P > 0.05) between oiled and nonoiled areas. During the later phase of research, hydrocarbons on the pelage of river otters and the elevation of endothelial P450-1A, a biomarker sensitive to hydrocarbon exposure, indicated that river otters were exposed to oil still present in Prince William Sound. Nonetheless, body mass of otters continued to increase on oiled areas over tune (P < 0.05), and eventually did not differ from otters living in nonoiled sites (P > 0.05). All blood biomarkers (Hp, IL-6 ir, AST) were markedly reduced from the early phase of our research, and no longer differed (P > 0.10) between oiled and nonoiled sites. We used principal component analysis (PCA) to determine that few differences existed in an array of blood characteristics for otters inhabiting oiled and nonoiled sites, and those differences that did exist likely were related to diet. Corpoporphyrin III, a key biomarker in home synthesis, was reduced (P = 0.008) from post-spill collections made in 1990 in the oiled area, and no longer differed (P > 0.05) between oiled and nonoiled areas in 1996. We used stable isotope analysis to investigate differences in diet of river otters inhabiting oiled and nonoiled areas in 1996-97. When we controlled for otters inhabiting extensive freshwater habitats (which did not occur in our early studies), no differences in diet or the trophic level of otters were identified (P > 0.20) for otters living in oiled versus nonoiled sites. Similarly, density of marine fishes (greater than or equal to8 con in total length) on underwater transects did not differ (P = 0.97) between oiled and nonoiled areas, although an area by year interaction occurred (P = 0.01). Habitat selection by otters also was altered from the early phase; river otters on both study areas selected vegetated slopes that were not steep, and selected sites with more understory (brush) and greater exposure; selection for those characteristics was more pronounced in the oiled area. Otters on both sites avoided (use < availability) gravel and small rocks. Although selected variables differed between oiled and nonoiled sites (P < 0.001), the direction of selection did not differ between areas. Moreover, tidal slope did not enter any of the models, in contrast to our early studies, indicating that differences in selection were not related to avoidance of oiled shores. Hone-range size declined (P < 0.05) for otters living in oiled areas, and no longer differed (P > 0.7) from animals inhabiting nonoiled sites. We enumerated populations from oiled and nonoiled areas using a combination of live-captured individuals and DNA fingerprinting using microsatellite from otter feces at latrines. We also performed a conventional reconstruction based on age structure to calculate population size in 1997. Those methods indicated that most animals in the population were recruited following the oil spill and both methods characterized slowly (lambda = 1.03-1.06) growing or stable population in the oiled area. Age structure of river otters in the Sound differed neither between oiled and nonoiled areas (P > 0.36), nor from a harvested population of river otters in Maine (P > 0.49). Finally, survivorship of river otters did not differ (P > 0.2) between oiled and nonoiled areas of Prince William Sound and was high compared with data on other otter populations in North America. Our data indicate that although river otters continued to be exposed to low levels of crude oil, effects of that exposure were no longer sufficient to cause obvious injury. We cautiously conclude that river otters have recovered from the more pernicious effects of EVOS. Based on our experiences in this research, we provide theoretical considerations for use of biomarkers in wildlife studies and describe statistical approaches, including principal component analysis of blood variables, which may assist researchers with interpreting complicated results of multiple variables and datasets. Likewise, we describe how dose-response curves should be used in understanding population-level responses to pollutants. We hope that this monograph will provide valuable insights for other wildlife biologists on the process of integration of toxicological data with that of ecological data useful for studying effects of pollution on wildlife populations and their habitats.",,Wright et al,WOS:000184304100001,"[""Pollution""]","[""Industrial & military effluents""]"
Polychlorinated Biphenyls and Reproductive Performance in Otters From the Norwegian Coast,"Eurasian otter (Lutra lutra) has shown decreasing population trends in most areas of Europe until recently, when populations in some areas started to recover. For Norway it was postulated that PCB concentrations in the south would be high and that levels in otters will show a geographic pattern that can be related to female otter reproductive health. Concentrations of PCBs (measured as the sum of 30 congeners ranging from 0.58 to 29 mg/kg lipid weight [geometric mean 6.18 mg/kg]) were lower than those found in otters from most other European countries. PCB concentrations did not decrease in otters collected during the period from 1979 to 1990. However, a south-to-north gradient of increasing PCB concentrations in otter livers was found along the Norwegian coast. Actual PCB concentrations had not affected the reproductive health of female otters (implanted embryos, implantation sites, regressive structures). This provides valuable information on PCB concentrations tolerated by Eurasian otters at the population level.",10.1007/s00244-010-9510-9,Wright et al,WOS:000283098800014,"[""Pollution""]","[""Industrial & military effluents""]"
Summer Feeding Habits of River Otters Inhabiting a Contaminated Coastal Marine Environment,"In two recent studies, North American river otters (Lontra canadensis) inhabiting the urbanized/industrialized harbors of southern Vancouver Island, British Columbia, Canada were found to be exposed to elevated levels of environmental contaminants, primarily industry-produced polychlorinated biphenyls (PCBs). Contaminant exposure in those studies was assessed non-invasively, by measuring chemical residue concentrations in river otter feces collected from established marking sites (latrines). As river otter exposure to contaminants is primarily through their diet, our aim was to characterize river otter prey selection from feces collected at latrine sites inside the contaminated harbors and along the relatively uncontaminated coastline outside the harbor systems. Fish occurred in 95.5% of all feces analyzed, with species of gunnels (Pholidae), sculpins (Cottidae), pricklebacks (Stichaeidae), toadfish (Batrachoididae), clingfish (Gobiesocidae), flatfish (Pleuronectiformes), and snailfish (Liparidae) being the most common prey consumed. Crustaceans were the only non-fish prey identified. Feces collected outside the harbors had a higher prevalence of pricklebacks, clingfish, and greenlings, whereas feces collected inside the harbor systems had a higher prevalence of toadfish and crustaceans. Because of the diversity of the river otter's diet, prey species from each of the main families described here should be analyzed for environmental contaminants to fully characterize concentrations of persistent compounds in the food-web. Prey sampling should be location-specific (i.e., inside and outside the urban/industrial harbors) to elucidate possible location effects on contaminant exposure.",10.3955/046.084.0101,Wright et al,WOS:000274561000001,"[""Pollution""]","[""Industrial & military effluents"", ""Agricultural & forestry effluents""]"
Retention time of chlorophacinone in black-tailed prairie dogs informs secondary hazards from a prairie dog rodenticide bait,"BACKGROUNDSecondary toxicity in mammals and birds that consume animals containing residues of anticoagulant rodenticides represents a persistent conflict between conservation, agriculture and environmental contamination. Chlorophacinone residues in black-tailed prairie dogs (Cynomys ludovicianus) represent a secondary exposure hazard to predatory and scavenging avian and mammalian species in the Central Plains of the United States, especially considering efforts to re-establish black-footed ferrets (Mustela nigripes). Rozol((R)) Prairie Dog Bait (chlorophacinone 0.005%) is registered to control black-tailed prairie dogs in ten states throughout the midwestern and western United States. RESULTSWe fed Rozol Prairie Dog Bait to captive black-tailed prairie dogs for 2 days and analyzed their livers and whole bodies (without livers) for chlorophacinone residue on days 3, 5, 7, 9, 11, 14, 18 and 27 post-exposure. We found the greatest levels of residues in livers ( = 5.499 mg kg(-1)) and whole bodies ( = 1.281 mg kg(-1)) on day 3. Residues in both tissues declined rapidly over time, with estimated half-lives of approximately 6 days post-exposure. However, a risk assessment of secondary toxicity to non-target mammals indicated acute risks for mammalian species up to 27 days post-exposure and negligible risks for birds. CONCLUSIONThe results suggest that the greatest risk of secondary toxicity occurs 14 days post-application of Rozol Prairie Dog Bait and declines thereafter. This corresponds to the time when chlorophacinone residues are high, and prairie dogs exhibit signs of intoxication and are perhaps most susceptible to predation and scavenging. These results confirm that Rozol Prairie Dog Bait should not be used in areas where black-footed ferrets or other sensitive species occur. Published 2015. This article is a U.S. Government work and is in the public domain in the USA.",10.1002/ps.4045,Wright et al,WOS:000371543900010,"[""Pollution""]","[""Agricultural & forestry effluents""]"
"Organochlorine pesticides, PCBs, heavy metals and anticoagulant rodenticides in tissues of Eurasian otters (Lutra lutra) from upper Loire River catchment (France)","In this study, tissues of the Eurasian otter (Lutra lutra) from a naturally expanding population along upper Loire River (France) catchment were used for contaminants analyses. nine organochlorine pesticides, 16 PCB congeners, five heavy metals (lead, cadmium, mercury, copper and arsenic) and three anticoagulant rodenticides were quantified in livers of road-traffic killed otters. Organochlorine compounds and heavy metals were found in 100% of the samples, and occasional contamination by anticoagulant rodenticides was confirmed. Total organochlorine pesticides reached a maximum of 9.4 mg kg(-1) lipid weight. Higher data were observed for other contaminants, especially total PCBs and mercury. Maximal total PCBs values reached 64.8 mg kg(-1) lipid weight, and maximal measured mercury concentration was 8.2 mg kg(-1) fresh weight. Considering the expansion noted in the study area, global contamination does not seem to threat the short-term species conservation. Nevertheless, important values at some individual scale were noticed, suggesting high inter-individual variations in populations. (C) 2010 Elsevier Ltd. All rights reserved.",10.1016/j.chemosphere.2010.06.026,Wright et al,WOS:000281330900002,"[""Pollution""]","[""Industrial & military effluents"", ""Agricultural & forestry effluents""]"
Post-release survival of river otters: Effects of exposure to crude oil and captivity,"Few data exist on post-release survival of rehabilitated oiled wildlife, fueling the controversy surrounding wildlife rehabilitation efforts following oil spills. In 1998, we initiated a captive study to assess the effects of exposure to crude oil on physiological and behavioral processes in coastal river otters (Lontra canadensis). This study provided the opportunity to explore the effects of oiling and rehabilitation separately from those of captivity by comparing post-release survival rates of control and oiled river otters held in captivity with those of wild free-ranging otters. Fifteen wild-caught male river otters were assigned to 3 groups, of which 2 were given weathered crude oil in food (i.e., control, low dose, high dose) under controlled conditions at the Alaska Sealife Center. At the end of the rehabilitation period, animals were surgically implanted with radiotransmitters and released at the original site of capture or at an adjacent site in Prince William Sound, Alaska, USA. Concurrently, survival of 55 coastal river otters radiotagged in the wild was monitored in the same geographical area. Our results indicated that the captive, newly released animals (i.e., experimental otters) had a significantly lower survival rate than wild animals. We found no effect from exposure to hydrocarbons once rehabilitation was accomplished, but noted that lower levels of hemoglobin (a likely condition of rehabilitated oiled wildlife) were negatively correlated with survival and likely resulted in death from starvation. Therefore, rehabilitation may be a viable option for animals that have the potential for full recovery. We detected no relationship between location of release or estimated age of the experimental animals and their subsequent survival, although these results may be an artifact of small sample sizes. We recommend that future studies evaluate the effects of the length of captivity on post-release survival to produce additional guidelines for release. Information on the potential for full recovery and the length of the captive period required for achieving this rehabilitation will provide professionals with tools necessary for deciding whether to rehabilitate or euthanize individual animals.",10.2307/3802954,Wright et al,WOS:000179706800029,"[""Pollution""]","[""Industrial & military effluents""]"
"ESTIMATING POPULATIONS OF MARINE RIVER OTTERS IN PRINCE WILLIAM SOUND, ALASKA, USING RADIOTRACER IMPLANTS","One year after the spillage of oil from the Exxon Valdez in spring 1989, we used radiotransmitters and radiotracer labels to mark river otters (Lutra canadensis) at Knight Island (oiled) and Esther Passage (unoiled) in Prince William Sound, Alaska. Feces recovered from latrines of animals were used as ''recaptures'' in mark-recapture experiments to estimate the density of river otters in the two coastal study areas. Our methods were evaluated for sources of bias in estimating and comparing population sizes. There was no evidence that densities of river otters at Knight Island (oiled) were less than those at Esther Passage (unoiled) in summer 1990 or that density of river otters at Knight Island was declining. Estimates of river otters in Prince William Sound ranged from 0.28 to 0.80 animals per km of coastline. Our estimates are similar to those for marine river otters in southeastern Alaska, but bias in the different methods should be considered.",10.2307/1382485,Wright et al,WOS:A1994PU59900024,"[""Pollution""]","[""Industrial & military effluents""]"
Spatial and temporal exposure patterns in non-target small mammals during brodifacoum rat control,"Worldwide pest rodents on livestock farms are often regulated using anticoagulant rodenticides (ARs). Second generation ARs in particular can cause poisoning in non-target species due to their high toxicity and persistence. However, research on exposure of small mammals is rare. We systematically investigated spatial and temporal exposure patterns of non-target small mammals in a large-scale replicated study. Small mammals were trapped at different distances to bait stations on ten farms before, during and after brodifacoum (BR) bait application, and liver samples of 1178 non-target small mammals were analyzed for residues of eight ARs using liquid chromatography coupled with tandem mass spectrometry. BR residues were present in 23% out of 742 samples collected during and after baiting. We found clear spatial and temporal exposure patterns. High BR residue concentrations mainly occurred within 15 m from bait stations. Occurrence and concentrations of residues significantly decreased with increasing distance. This pattern was found in almost all investigated taxa. After baiting, significantly more individuals contained residues than during baiting but concentrations were considerably lower. Residue occurrence and concentrations differed significantly among taxa, with the highest maximal residue concentrations in Apodemus species, which are protected in Germany. Although Sorex species are known to be insectivorous we regularly found residues in this genus. Residues of active agents other than brodifacoum were rare in all samples. The confirmation of substantial primary exposure in non-target small mammals close to the baiting area indicates considerable risk of secondary poisoning of predators, a pathway that was possibly underestimated until now. Our results will help to develop risk mitigation strategies to reduce risk for non-target small mammals, as well as their predators, in relation to biocidal AR usage. (C) 2014 Elsevier B.V. All rights reserved.",10.1016/j.scitotenv.2014.07.049,Wright et al,WOS:000342245600038,"[""Pollution""]","[""Agricultural & forestry effluents""]"
"Metal levels in tissues of Eurasian otters (Lutra lutra) from Hungary: Variation with sex, age, condition and location","Liver samples of Eurasian otters from various parts of Hungary were analysed for mercury, copper, zinc, lead and cadmium. Only zinc concentration was significantly higher in females. Higher mercury and cadmium concentrations in adults and higher zinc values in immature otters were measured. Accumulation of mercury, copper and zinc in tissues increased with the declining condition of animals. Mercury and copper were detected with higher values in samples from large rivers. (c) 2008 Elsevier Ltd. All rights reserved.",10.1016/j.chemosphere.2008.10.022,Wright et al,WOS:000263400000019,"[""Pollution""]","[""Industrial & military effluents""]"
Sea otter population status and the process of recovery from the 1989 'Exxon Valdez' oil spill,"Sea otter Enhydra lutris populations were severely affected by the 1989 'Exxon Valdez' oil spill in western Prince William Sound, AK, and had not fully recovered by 2000. Here we present results of population surveys and incorporate findings from related studies to identify current population status and factors affecting recovery. Between 1993 and 2000, the number of sea otters in the spill-area of Prince William Sound increased by about 600 to nearly 2700. However, at Knight Island, where oil exposure and sea otter mortality in 1989 was most severe, no increase has been observed. Sea otter reproduction was not impaired, and the age and sex composition of captured otters are consistent with both intrinsic reproduction and immigration contributing to recovery. However, low resighting rates of marked otters at Knight Island compared to an unoiled reference area, and high proportions of young otters in beach cast carcasses through 1998, suggest that the lack of recovery was caused by relatively poor survival or emigration of potential recruits. Significantly higher levels of cytochrome P4501A (CYP1A), a biomarker of hydrocarbons, were found in sea otters at Knight Island from 1996 to 1998 compared to unoiled Montague Island, implicating oil effects in the lack of recovery at Knight Island. Delayed recovery does not appear to be directly related to food limitation. Although food availability was relatively low at both oiled and unoiled areas, we detected significant increases in sea otter abundance only at Montague Island, a finding inconsistent with food as a principal limiting factor. Persistent oil in habitats and prey provides a source of continued oil exposure and, combined with relatively low prey densities, suggests a potential interaction between oil and food. However, sea otters foraged more successfully at Knight Island and young females were in better condition than those at Montague Island. We conclude that progress toward recovery of sea otters in Prince William Sound is evident, but that in areas where initial oil effects were greatest, recovery may be constrained by residual spill effects, resulting from elevated mortality and emigration. It is evident that internal reproduction and immigration of juveniles has been the primary means of population recovery, as opposed to broad scale redistribution of adults from outside affected areas. The result is a recovery period protracted by long-term spill effects on survival and emigration and intrinsic limits to population growth.",10.3354/meps241237,Wright et al,WOS:000179145900022,"[""Pollution""]","[""Industrial & military effluents""]"
Immunomodulatory effects of organochlorine mixtures upon in vitro exposure of peripheral blood leukocytes differ between free-ranging and captive southern sea otters (Enhydra lutris),"Organochlorines (OCs), notably polychlorinated biphenyls (PCBs) and 2,3,7,8-tetrachlorodibenzo-p-dioxin (TODD), are ubiquitous environmental contaminants. Contaminant-induced immunosuppression by OCs has been implicated as a co-factor in the deaths of thousands of marine mammals in infectious disease epizootics over the last two decades, and limited studies support the hypothesis that PCBs are immunomodulatory. This study represented a unique opportunity to assess the potential differences in susceptibility to OCs between captive and free-ranging sea otters originating from the same genetic population. In vitro immune assays were utilized to evaluate both innate (phagocytosis and respiratory burst) and acquired (mitogen-induced B and T lymphocyte proliferation) immune functions. Individual PCBs (138, 153, 169 and 180) as well as TCDD and all 26 possible combinations were tested. Mixtures were tested as they represent 'real life' exposure. Our results suggest that (1) different immune functions were sensitive to different OC mixtures in both magnitude and direction (enhancement/suppression) and (2) differences in sensitivities upon in vitro exposure to OCs occurred between free-ranging and captive otters. Differences in susceptibility could be explained by the acute stress of capture, the chronic stress of captivity or nutritional differences. Understanding differences in toxicity to different populations of sea otters will have important implications for risk assessment as well as conservation and management strategies. (C) 2007 Elsevier B.V. All rights reserved.",10.1016/j.vetimm.2007.06.003,Wright et al,WOS:000250022200011,"[""Pollution""]","[""Industrial & military effluents""]"
CONTAMINANTS IN FISHES FROM GREAT LAKES-INFLUENCED SECTIONS AND ABOVE DAMS OF 3 MICHIGAN RIVERS .2. IMPLICATIONS FOR HEALTH OF MINK,"Populations of mink (Mustela vison) have declined in many areas of the world. Such declines have been linked to exposures to synthetic, halogenated hydrocarbons. In the Great Lakes region, mink are fewer in areas along the shore of the Great Lakes and their tributaries where mink have access to fish from the Great Lakes. Recently, there has been discussion of the relative merits of passage of fishes around hydroelectric dams on rivers in Michigan. A hazard assessment was conducted to determine the potential for adverse effects on mink, which could consume such fishes from above or below dams on the rivers. Concentrations of organochlorine insecticides, poly-chlorinated biphenyls (PCBs), 2,3,7,8-tetrachlordibenzo-p-dioxin equivalents (TCDD-EQ), and total mercury were measured in composite samples of fishes from above or below hydroelectric dams on the Manistee and Muskegon Rivers, which flow into Lake Michigan, and the Au Sable River, which flows into Lake Huron. Concentrations of organochlorine insecticides, PCBs, and TCDD-EQ were all greater in fishes from below the dams than those from above. Concentrations of neither organochlorine insecticides nor mercury in fishes are currently a risk to mink above or below the dams. All of the species of fishes collected from downstream of the dams contained concentrations of PCBs and TCDD-EQ, which represent a hazard to mink. The hazard index for PCBs was less than one for the average of all species from the upstream reaches of the Manistee and Au Sable Rivers, but not the Muskegon. The hazard index (concentration in fish/NOAEC) was greater than 1 for all of the species collected from below the dams, in all three rivers. The greatest hazard index was observed for carp (Cyprinus carpio) downstream on the Muskegon River. Because the concentrations of PCBs used in the hazard assessment were corrected for relative toxic potencies, the hazard ratios based on PCBs should be similar to those based on TCDD-EQ. This was found to be true. Thus, either total PCBs or TCDD-EQ could be used as the critical toxicant in the hazard assessment. However, if uncorrected concentrations of PCBs, expressed as Aroclors(R), were used in the hazard assessment, the toxicity of the weathered mixture would have been underestimated by approximately five-fold, and, in that instance, TCDD-EQ would be the critical contaminant for the hazard assessment. The average maximum allowable percentage of fish from above the dams, which would result in no observable adverse effects of TCDD-EQ, was 70%. Based on the average TCDD-EQ concentrations in the fishes, an average of 8.6% of the diet could be made up of fishes from below dams on the rivers. The most restrictive daily allowable intakes were for carp on the Muskegon and steelhead trout (Onchorhyncus mykiss) on the Manistee Rivers. Only 2.7% of the diet could be made up of these two species from below dams without exceeding the no-effect concentration. This would represent approximately 15 days of food intake. Currently, consumption of all species of fish from below the dams would pose some risk to mink. The concentrations of PCBs and TCDD-EQ in fishes from below the dams were 10-20 times more hazardous, on average, than those from above the dams.",,Wright et al,WOS:A1994NT63700010,"[""Pollution""]","[""Industrial & military effluents""]"
PCBS AND ORGANOCHLORINE PESTICIDE-RESIDUES IN OTTER (LUTRA-LUTRA) SPRAINTS FROM WELSH CATCHMENTS AND THEIR SIGNIFICANCE TO OTTER CONSERVATION STRATEGIES,"1. A survey is presented of PCB and organochlorine pesticide concentrations in otter (Lutra lutra) spraints (faeces) from 18 catchments/sub-catchments in Wales and adjacent English counties. 2. There were wide differences in concentrations of lindane, dieldrin, DDE and PCBs between catchments and at sites within catchments. Only PCBs were considered likely to be of significance in influencing otter populations. Mean PCB concentrations (but not those of dieldrin and DDE) were inversely related to otter population performance (as measured by both catchment distribution and sprainting intensity) between catchments. 3. It is suggested that PCB contamination is exerting a negative impact on otter populations in four catchments, while there is concern over four others. A study of food chain contamination should be an essential component of otter conservation strategies at both the national and local level.",10.1002/aqc.3270030104,Wright et al,WOS:A1993KY84400003,"[""Pollution""]","[""Industrial & military effluents""]"
The otter (Lutra lutra) situation in Latvia and Sweden related to PCB and DDT levels,"Since the 1950s some European otter populations have declined dramatically. There are however significant differences in the otter population density between different areas. Many suggestions have been presented to explain the population decline and the effects of PCB is one of these. The aim of this study was to compare the concentrations of PCB and sDDT in otter, fish and amphibians from Latvia with Swedish data and available information from the literature. Samples from two areas in Latvia and one area in Sweden were analyzed. It was shown that the concentrations of PCB in otter, fish and amphibians from Latvia were lower than reported concentrations in otter and fish from other areas in Europe. In the light of the high density otter population in Latvia and low concentrations of PCB in Latvian biota, this study supports the hypothesis that the effects of PCB constitutes one of the most important agents in explaining the decline of otter populations in Europe.",,Wright et al,WOS:A1997XN84100002,"[""Pollution""]","[""Industrial & military effluents""]"
Decline in PCB levels in otters (Lutra lutra),"A decline in total PCB levels in tissues of otters (Lutra lutra) from England and Wales, averaging 8% per year over the period 1983-1992, is reported. Mean PCB levels are now unlikely to pose a threat to otter populations. (C) 1998 Elsevier Science Ltd.",10.1016/S0045-6535(97)10081-9,Wright et al,WOS:000072474400006,"[""Pollution""]","[""Industrial & military effluents""]"
Simulated effects of habitat loss and fragmentation on a solitary mustelid predator,"Brine spills associated with petroleum extraction can reduce the amount of suitable habitat and increase habitat fragmentation for many terrestrial animals. We conducted a simulation study to quantify the effects of habitat loss and fragmentation on a solitary mammal predator. To provide focus, we adopted biological attributes of the American badger (Taxidea taxus) and environmental attributes of the Tallgrass Prairie Preserve in Oklahoma. We simulated badger activities on landscapes with different degrees of habitat loss and fragmentation using a spatially explicit and individual-based population model. Both habitat loss and fragmentation increased the incidence of habitat-related mortality and decreased the proportion of eligible females that mated, which decreased final population sizes and the likelihood of persistence. Parameter exploration suggested that steep, threshold-like, responses to habitat loss occurred when animals included high-risk habitat in their territories. Badger populations showed a steeper decline with increasing habitat loss on landscapes fragmented by spills than on less fragmented landscapes. Habitat fragmentation made it difficult for badgers to form high-quality territories, and exposed individuals to higher risk while A seeking to establish a territory. Our simulations also suggest that an inability to find mates (an Allee effect) becomes increasingly important for landscapes that support a sparse distribution of territories. Thus, the presence of unmated females with territories may foreshadow population decline in solitary species that do not normally tolerate marginal adults. Published by Elsevier B.V.",10.1016/j.ecolmodel.2005.05.025,Wright et al,WOS:000234951600006,"[""Pollution""]","[""Industrial & military effluents""]"
Terrestrial protected areas do not fully shield their streams from exogenous stressors,"Protected areas (PAs) represent a powerful refuge for maintaining and safeguarding biodiversity. Generally, PAs are delineated to protect terrestrial taxa, providing incidental protection to the aquatic ecosystems within their borders. Here, we compare water quality within PAs and non-PAs in southern Brazil, encompassing remnants of the Atlantic Forest biome, to assess whether PAs serve as a buffer from external pressures for aquatic ecosystems within their boundaries. In addition to physicochemical and microbiological water parameters, we analysed 147 pesticide and 31 pharmaceutical compounds in water samples from 33 sites within and outside PAs. The water quality did not differ between PAs and non-PAs but indicated clear pollution from sewage discharges. We found 19 pesticides and five pharmaceuticals in streams within the study area. We detected pesticides in all sampling sites, with the herbicide 2,4-dichlorophenoxyacetic acid present in 91% of them. Our data show that PAs are insufficient means to mitigate the impacts stemming from their catchments, and the running water that reaches their domains already shows signs of anthropogenic interference, which may affect aquatic biodiversity. Protection and management measures require consideration of the whole watershed to protect freshwater habitats and biota.",10.1017/S0376892922000261,Pulido-Chadid et al,WOS:000828889500001,"[""Pollution""]",
"Mercury contamination of fish and its implications for other wildlife of the Tapajos Basin, Brazilian Amazon","Since 1979 the gold rush in the Brazilian Amazon has caused serious environmental damage to one of the most complex ecosystems on Earth. Mainly due to the toxicity of mercury to humans, this problem has received wide public attention and prompted many studies. Although these studies have involved sampling of fish, the negative effect of mercury contamination to fish themselves and other wildlife has been largely ignored. To assess the present level of mercury contamination of fish, and its implication for fish and other animals, we collected and examined data on mercury concentration in fish of the Brazilian Amazon, especially for the Tapajos basin, between 1991 and 1996. We conclude that omnivores and piscivores that live nearer to gold mining areas in the Tapajos basin are already at high risk of mercury toxification, especially reproductive failure. Mercury concentrations in these fish are also high enough to have detrimental effects on animals at higher trophic levels. The same conclusion applies to other mercury-contaminated areas in the Brazilian Amazon. Because most Amazonian rivers or their tributaries have favorable conditions for mercury contamination, we can expect the problem to persist in the Amazon for a long time, and the consequences are likely to become more significant in the future. These conclusions have important implications for all tropical rainforests where gold mining operations have caused extensive mercury pollution.",10.1046/j.1523-1739.2001.015002438.x,Wright et al,WOS:000168008400019,"[""Pollution""]","[""Industrial & military effluents""]"
"Impacts of Rodenticide and Insecticide Toxicants from Marijuana Cultivation Sites on Fisher Survival Rates in the Sierra National Forest, California","Secondary exposure of wildlife to pesticides has been well documented, yet exposure is typically associated with agricultural or wildland-urban interface areas. Wildlife in undeveloped areas is generally presumed free from risk. In 2009, a male fisher was found dead in the Sierra National Forest and subsequent necropsy revealed that the animal died of acute rodenticide poisoning. Follow-up testing revealed that 85% of fisher carcasses recovered by two research projects in the previous three years tested positive for rodenticides. Concern arose that exposure could predispose an animal to mortality from other causes, and that the underlying role of toxicants would escape notice. Further investigation indicated that the most likely source was the numerous illegal marijuana cultivation sites currently found on public lands throughout the western United States. To determine whether the presence of cultivation sites predisposed fishers to mortality from other sources, we related survival rates to the presence and number of cultivation sites found within that animal's home range over the past 10 years. Likelihood of exposure was related to the presence of cultivation sites, and female fisher survival was influenced by the number of cultivation sites within its home range. We discuss the conservation implications of this unexpected relationship.",10.1111/conl.12038,Wright et al,WOS:000334164400003,"[""Pollution""]","[""Agricultural & forestry effluents""]"
Congener-specific model for polychlorinated biphenyl effects on otter (Lutra lutra) and associated sediment quality criteria,"A model for risk assessment was built for simultaneous, congener-specific PCB bioaccumulation from sediment to fish to otters (Lutra lutra). Toxic equivalence factors (TEFs) were used to sum individual congeners in otters to a toxic equivalent concentration (TEQ) relative to 2,3,7,8-tetrachlorodibenzo-p-dioxin. Microbial dechlorination and burial in sediments and bioaccumulation are modeled to predict time trends of PCB concentrations in otters. Effects of accumulated PCBs on otters were assessed for vitamin A metabolism and reproduction, taking model uncertainty into account. Three locations in The Netherlands were modeled with PCB levels in sediment of 1 to 171 pg TEQ/g organic carbon (OC). Almost 100% reduction in litter size was predicted for the most polluted area in 1996. Due to large associated uncertainty, a period of 25 to 80 years may be needed for recovery of otter vitamin A levels and litter size at this site. Calculated median sediment quality criteria (SQC)range between 1 and 12 pg TEQ/g OC, depending on the chosen effect criterion. Uncertainty in calculated effects and SQCs is substantial and is mainly caused by uncertainty in PCB congener 126 accumulation.",10.1002/etc.5620200124,Wright et al,WOS:000165937700024,"[""Pollution""]","[""Industrial & military effluents""]"
EVIDENCE FOR RECOVERY OF BODY-MASS AND HAPTOGLOBIN VALUES OF RIVER OTTERS FOLLOWING THE EXXON-VALDEZ OIL-SPILL,"Levels of blood haptoglobin (Hp) and interleukin-6 immunoreactive protein (IL-6 ir) were significantly elevated in river otters (Lutra canadensis) inhabiting oiled areas of Prince William Sound, Alaska (USA) following the Exxon Valdez oil spill in 1989. By May and June 1992, however, such differences were not apparent. Mean body mass of otters, adjusted for sex, age-class, and total length with analysis of covariance, differed between oiled and non-oiled areas from 1990 to 1992, but were nearly identical by May and June 1992. We propose that river otters may be recovering from chronic effects that we observed in 1990 and 1991 following the 1989 Exxon Valdez oil spill, but further research is necessary to test this hypothesis.",10.7589/0090-3558-30.3.421,Wright et al,WOS:A1994NY68400017,"[""Pollution""]","[""Industrial & military effluents""]"
"The effect of a major drainage divide on the gene flow of a semiaquatic carnivore, the Eurasian otter","Major drainage divides (separating the water flow draining to different seas) may significantly affect the dispersal, distribution, and genetic structure of semiaquatic animals. Assessing this effect is important for the proper management of both endangered and invasive riparian species. Here, I determined the fine-scale impact of the drainage divide between the Baltic Sea and the Black Sea drainage basins on the genetic structure and dispersal of the Eurasian otter (Lutra lutra) in the Bieszczady Mountains (Poland and Slovakia). I investigated the genetic structure of the otter population and assessed 3 alternative dispersal models using 6 landscape genetics methods. The analyses were based on 48 individual genotypes obtained from 622 fecal and gland secretion samples collected in 2008-2011. Results indicate that the major drainage divide is not a barrier to gene flow for this population. This was established by analyses of population genetic structure and confirmed by analysis of the spatial distribution of samples originating from closely related individuals. In line with these findings, the best-supported dispersal model assumed that otters migrate through mountain passes, away from streams, thus revealing that they are able to cross a drainage divide. The genetic structure of the population studied exhibits an isolation-by-distance pattern; however, the locations of several repeatedly recorded or closely related individuals revealed the occurrence of long-distance movements. Confirmation of the high mobility of otters and their ability to cross a major drainage divide ridge suggest that landscape obstacles and discontinuity of river network are unlikely to stop otter dispersal, gene flow, and recolonization of new areas.",10.1093/jmammal/gyw066,Wright et al,WOS:000383262100015,"[""Pollution""]","[""Industrial & military effluents""]"
Organochlorine compounds (pesticides and PCBs) in scats of the european otter (Lutra lutra) from an actual expanding population in central france,"Scats of the European otter (Lutra lutra) were sampled along the Allier river (France) catchment for organochlorine toxic compounds (nine pesticides and 16 PCBs congeners) measurement. From early 2004 to June 2005, 90 sites of 40 rivers were twice investigated, and 71 scats samples collected, in four geographical areas being naturally re-colonized by the species since its legal protection. Detectable pesticides and PCBs were found in 100% of the samples. Mean values reached 2.72 and 13.58 mg kg(-1) (lipid weight) for pesticides and PCBs, respectively. Amounts were significantly different between the four areas investigated. A significant increase in medium and absolute values is noted by going downstream of the catchment. Potential medium-and long-term consequences on the observed population increase are discussed.",10.1007/s11270-007-9462-5,Wright et al,WOS:000249987000006,"[""Pollution""]","[""Agricultural & forestry effluents"", ""Industrial & military effluents""]"
Quantifying long-term risks to sea otters from the 1989 'Exxon Valdez' oil spill: Reply to Harwell & Gentile (2013) Reply COMMENT,"Recovery of sea otter populations in Prince William Sound (PWS), Alaska, has been delayed for more than 2 decades following the 1989 'Exxon Valdez' oil spill. Harwell & Gentile (2013; Mar Ecol Prog Ser 488:291-296) question our conclusions in Bodkin et al. (2012; Mar Ecol Prog Ser 447:273-287) regarding adverse effects that oil lingering in the environment may have on sea otters. They agree that exposure may continue, but disagree that it constitutes a significant risk to sea otters. In Bodkin et al. (2012), we suggested that subtle effects of chronic exposure were the most reasonable explanation for delayed recovery of the sea otter population in areas of western PWS, where shorelines were most heavily oiled. Here, we provide additional information on the ecology of sea otters that clarifies why the toxicological effects of oral ingestion of oil do not reflect all effects of chronic exposure. The full range of energetic, behavioral, and toxicological concerns must be considered to appraise how chronic exposure to residual oil may constrain recovery of sea otter populations.",10.3354/meps10498,Wright et al,WOS:000323245800025,"[""Pollution""]","[""Industrial & military effluents""]"
Length-mass and total body length of adult female sea otters in Prince William Sound before and after the Exxon Valdez oil spill,"After the 1989 T/V Exxon Valdez oil spill (EVOS), the body condition of non-pregnant female sea otters (Enhydra lutris) ages 4 yr and older in the EVOS-affected region of western Prince William Sound, Alaska (WPWS), was significantly poorer than that of individuals captured in the same or adjacent habitat in WPWS approximately a decade earlier, and than that of individuals inhabiting unoiled habitat in eastern PWS (EPWS) between 1984 and 1990. However, the body condition of females of this age category captured in WPWS prior to EVOS was not significantly different from that of pre- and postspill EPWS females. The mean total body length (TBL) of non-pregnant females captured prespill in WPWS was significantly less than that of pre- and postspill EPWS and postspill WPWS females. Evidence from this and other studies suggests that the body condition of at least some classes of sea otters was negatively affected by one or more EVOS-related factors.",10.1111/j.1748-7692.2002.tb01086.x,Wright et al,WOS:000178998100013,"[""Pollution""]","[""Industrial & military effluents""]"
Measures of effective population size in sea otters reveal special considerations for wide-ranging species,"Conservation genetic techniques and considerations of the evolutionary potential of a species are increasingly being applied to species conservation. For example, effective population size (N-e) estimates are useful for determining the conservation status of species, yet accurate estimates of current N-e remain difficult to obtain. The effective population size can contribute to setting federal delisting criteria, as was done for the southern sea otter (Enhydra lutris nereis). After being hunted to near extinction during the North Pacific fur trade, the southern sea otter has recovered over part of its former range, but remains at relatively low numbers, making it desirable to obtain accurate and consistent estimates of N-e. Although theoretical papers have compared the validity of several methods, comparisons of estimators using empirical data in applied conservation settings are limited. We combined thirteen years of demographic and genetic data from 1,006 sea otters to assess multiple N-e estimators, as well as temporal trends in genetic diversity and population genetic structure. Genetic diversity was low and did not increase over time. There was no evidence for distinct genetic units, but some evidence for genetic isolation by distance. In particular, estimates of N-e based on demographic data were much larger than genetic estimates when computed for the entire range of the population, but were similar at smaller spatial scales. The discrepancy between estimates at large spatial scales could be driven by cryptic population structure and/or individual differences in reproductive success. We recommend the development of new delisting criteria for the southern sea otter. We advise the use of multiple estimates of N-e for other wide-ranging species, species with overlapping generations, or with sex-biased dispersal, as well as the development of improved metrics of genetic assessments of populations.",10.1111/eva.12642,Wright et al,WOS:000449942900002,"[""Pollution""]","[""Industrial & military effluents""]"
ORGANOCHLORINE RESIDUE LEVELS IN THE EUROPEAN MINK (MUSTELA-LUTREOLA) IN NORTHERN SPAIN,"No studies on the effects of, organochlorine levels in the European mink (Mustela lutreola) in the wild have been documented. This species is the most threated small carnivore in Europe and its survival is in danger. The results obtained with four animals from the western population of its range, show that pollution could be partly responsible for the decline of this mustelid. These animals were seriously affected by PCBs and DDTs; these compounds produce reproductive failure in American mink in captivity when levels exceed 50 mug g-1 on a lipid basis. For PCBs, the results on average were 118.29 mug g-1 in muscle and 122.50 mug g-1 in liver on a lipid basis. This paper presents the first data on organochlorine residues in this species.",,Wright et al,WOS:A1994PC01600012,"[""Pollution""]","[""Industrial & military effluents""]"
Induction of cytochrome P450 1A1 expression in captive river otters fed Prudhoe Bay crude oil: evaluation by immunohistochemistry and quantitative RT-PCR,"Numerous studies have explored the relationships between exposure to a variety of environmental contaminants, such as polycyclic aromatic hydrocarbons, and induction of cytochrome P450 1A (CYP1A) in different vertebrates. Few controlled studies, however, simulated chronic long-term exposure with repeated non-lethal sampling of the same individuals, which should better represent repeated exposure incidents in animals inhabiting polluted areas. In this study, we investigated the effects of chronic exposure to crude oil on levels of CYP1A1 in endothelial cells of skin biopsies and peripheral mononuclear blood cells in captive river otters (Lontra canadensis) using repeated sampling of the same individuals. We hypothesized that ingestion of oil would result in an increase in levels of CYP1A1 in both targets, and predicted that the relationship between prolonged exposure and expression of CYP1A1 would reach a plateau indicative of continuous detoxification of hydrocarbons. Fifteen wild-caught male otters were acclimated to captivity, and then fed diets containing no oil (control) or diets containing weathered crude oil at 5 mg day(-1) kg(-1) body weight (low-dose) and 50 mg day(-1) kg(-1) body weight (high-dose), at the Alaska Sealife Center in Seward, Alaska, USA. Expression of CYP1A1 was assessed with immunohistochemical analysis of CYP1A1 protein in skin biopsies and by quantitative RT-PCR analysis of CYP1A1 mRNA in mononuclear blood cells. Both assays revealed a decrease between capture and the transfer to captivity, indicating that the enclosure at the Alaska Sealife Center, and the food we offered to the otters were free of potential inducers of CYP1A1. During the exposure period, increases in CYP1A1 expression were registered by both techniques, followed by a decline in CYP1A1 after oil administration ended. Levels of endothelial CYP1A1 in the high-dose group were comparable to those recorded for wild river otters in PWS in 1996 and 1997. Levels of CPY1A1 mRNA in mononuclear blood cells, however, were well below levels recorded for river otters in Prince William Sound, and no correlation was detected between values obtained from the two methods. Thus, our results from this longitudinal study with repeated sampling of the same individuals provide support for the use of cytochrome P450 1A1 as a biomarker for hydrocarbon exposure. Nonetheless, our results also suggest that the induction process of CYP1A1 may be complicated and interacting with other processes in vivo. Such interactions may obscure our ability to describe specific, quantitative, predictable, dose-response relationships between exposure to hydrocarbons and induction of CYP1A1, which are required of reliable biomarkers. Evaluations of such interactions based on theoretical physiological models in live-animals merit further investigation.",10.1080/13547500010014513,Wright et al,WOS:000169344500004,"[""Pollution""]","[""Industrial & military effluents""]"
OTTER LUTRA-LUTRA L MORTALITY AND MARINE OIL POLLUTION,"Following an oil spill at Sullom Vow Oil Terminal, Shetland [UK], at least 13 otters died. Post-mortems on 5 corpses showed that they had died of hemorrhagic gastroenteropathy associated with ingested oil. The primary cause of oil iningestion seemed to be fur grooming. A survey of polluted coasts revealed that otters were still present throughout most of the area.",10.1016/0006-3207(81)90017-3,Wright et al,WOS:A1981LY76200005,"[""Pollution""]","[""Industrial & military effluents""]"
CAUSE-EFFECT LINKAGES BETWEEN CHEMICALS AND POPULATIONS OF MINK (MUSTELA-VISON) AND OTTER (LUTRA-CANADENSIS) IN THE GREAT-LAKES BASIN,"Following outbreaks of reproductive failure in commercial ranching operations, laboratory experiments showed that mink are extremely sensitive to organochlorine chemicals, particularly PCBs and dioxins. The purpose of this paper is to test the hypothesis that, since wild mink are exposed to these compounds through consumption of Great Lakes fish, they might exhibit reproductive dysfunction and population declines. The otter, another piscivorous animal, should show the same effects. The available information is reviewed according to five epidemiological criteria. Harvest data are presented as a surrogate for the population status of mink and otters in certain locations around the Great Lakes. Data from Ohio show that the mink harvest between 1982 and 1987 from contaminated counties bordering Lake Erie was consistently lower (380 animals per year) than those from counties removed from Lake Erie (850 animals per year), suggesting an effect of chemicals on the status of mink populations. Preliminary studies from Ontario also suggest that mink harvest is lower in potentially high PCB exposure areas compared with lower exposure areas. Evidence is also presented on the harvest data for otters taken from four New York State counties adjacent to Lake Ontario and the St. Lawrence River. The harvest data from these four counties show that between 1960 and early 1970 otter harvest remained stable but has since increased. Increased harvest is consistent with improved water quality in Lake Ontario during the past 15 yr. Data relating to strength of association between chemicals and populations of mink and otter are weak and need to be further analyzed. The specificity of the effects of the chemicals on mink reproduction and mortality is well established from toxicological experiments, but there is poor resolution of the information on effects using field data. The strongest case for a causal relationship comes from consideration of the coherence criterion. In conclusion, before a causal link can be drawn between the status of mink and otter populations and exposure to organochlorine chemicals from the Great Lakes, a large amount of research and data analysis needs to be undertaken.",10.1080/15287399109531540,Wright et al,WOS:A1991GD12600007,"[""Pollution""]","[""Industrial & military effluents""]"
Large-scale variation in density of an aquatic ecosystem indicator species,"Monitoring indicator species is a pragmatic approach to natural resource assessments, especially when the link between the indicator species and ecosystem state is well justified. However, conducting ecosystem assessments over representative spatial scales that are insensitive to local heterogeneity is challenging. We examine the link between polychlorinated biphenyl (PCB) contamination and population density of an aquatic habitat specialist over a large spatial scale using non-invasive genetic spatial capture-recapture. Using American mink (Neovison vison), a predatory mammal and an indicator of aquatic ecosystems, we compared estimates of density in two major river systems, one with extremely high levels of PCB contamination (Hudson River), and a hydrologically independent river with lower PCB levels (Mohawk River). Our work supports the hypothesis that mink densities are substantially (1.64-1.67 times) lower in the contaminated river system. We demonstrate the value of coupling the indicator species concept with well-conceived and spatially representative monitoring protocols. PCBs have demonstrable detrimental effects on aquatic ecosystems, including mink, and these effects are likely to be profound and long-lasting, manifesting as population-level impacts. Through integrating non-invasive data collection, genetic analysis, and spatial capture-recapture methods, we present a monitoring framework for generating robust density estimates across large spatial scales.",10.1038/s41598-018-26847-x,Wright et al,WOS:000434920800002,"[""Pollution""]","[""Industrial & military effluents""]"
"PATHOGEN EXPOSURE AND BLOOD CHEMISTRY IN THE WASHINGTON, USA POPULATION OF NORTHERN SEA OTTERS (ENHYDRA LUTRIS KENYONI)","Northern sea otters (Enhydra harts kenyoni) from Washington State, United States were evaluated in 2011 to determine health status and pathogen exposure. Antibodies to Brucella spp. (10%) and influenza A virus (23%) were detected for the first time in this population in 2011. Changes in clinical pathology values (serum chemistries), exposure to pathogens, and overall health of the population over the last decade were assessed by comparing 2011 data to the data collected on this population in 2001-2002. Several serum chemistry parameters were different between study years and sexes but were not clinically significant. The odds of canine distemper virus exposure were higher for otters sampled in 2001-2002 (80%) compared to 2011 (10%); likelihood of exposure significantly increased with age. Prevalence of exposure to Sarcocystis neurona was also higher in 2001-2002 (29%) than in 2011 (0%), but because testing methods varied between study years the results were not directly comparable. Exposure to Leptospira spp. was only observed in 2001-2002. Odds of Toxoplasma gondii exposure were higher for otters sampled in 2011 (97%) than otters in 2001-2002 (58%). Substantial levels of domoic acid (n=2) and saxitoxin (n=2) were found in urine or fecal samples from animals sampled in 2011. No evidence of calicivirus or Coxiella burnetii exposure in the Washington population of northern sea otters was found in either 2001-2002 or 2011. Changes in exposure status from 2001-2002 to 2011 suggest that the Washington sea otter population may be dealing with new disease threats (e.g., influenza) while also increasing their susceptibility to diseases that may be highly pathogenic in naive individuals (e.g., canine distemper).",10.7589/2013-03-053,Wright et al,WOS:000326199400011,"[""Pollution""]","[""Industrial & military effluents""]"
Secondary rodenticide poisoning risk arising from winter farmyard use by the European polecat Mustela putorius,"The polecat Mustela putorius is a carnivore of unfavourable conservation status in Europe. It is believed to be vulnerable to accidental secondary rodenticide poisoning through the consumption of farmyard rodents. To confirm the mechanism of exposure, radio-tracking was used to examine the species' use of agricultural premises during winter when rodenticides are mainly applied to control commensal rodents. Ten out of 11 polecats radio-tracked made some use of such premises, and compositional analysis indicated that these were the most preferred of all habitats utilised. Foraging for farmyard rodents (which comprised 65% of the diet of farmyard-using polecats in this study), rather than a response to cold weather, is believed to explain this behaviour. 45.4% of animals made heavy use of farmyards, and were thus vulnerable to secondary poisoning through ingestion of rodents contaminated with rodenticides. Current government monitoring does not reveal the true level of contamination because severely affected animals tend to die out of sight in farm buildings. Since polecats are commonly killed by motor vehicles, screening of liver tissue from winter/spring road casualty polecats is recommended as a means of monitoring background levels of rodenticides. (C) 1998 Elsevier Science Ltd. All rights reserved.",10.1016/S0006-3207(97)00175-4,Wright et al,WOS:000075407400003,"[""Pollution""]","[""Agricultural & forestry effluents""]"
"Improved reproductive success in otters (Lutra lutra), grey seals (Halichoerus grypus) and sea eagles (Haliaeetus albicilla) from Sweden in relation to concentrations of organochlorine contaminants","We studied indices of reproductive outcome in three aquatic species in relation to organochlorine concentrations during four decades. In female otters, the frequency of signs of reproduction increased after 1990. In grey seals, pregnancy rate increased 1990-2010 and uterine obstructions ceased after 1993. The frequency of uterine tumours was highest 1980-2000. The number of sea eagle nestlings per checked nest increased 1985-2000, while the frequency of desiccated eggs decreased. Organochlorine concentrations decreased at annual rates between 3.5 and 10.2%. The estimated mean concentration (mg/kg lw) for total-PCB decreased from 70 to 8 (otters), from 110 to 15 (seals) and from 955 to 275 (eagles). The corresponding concentrations for Sigma DDT decreased from 3.4 to 0.2 (otters), from 192 to 2.8 (seals) and from 865 to 65 (eagles). This study adds evidence to support the hypothesis that PCBs and DDTs have had strong negative effects on the reproduction and population levels of these species. (C) 2012 Elsevier Ltd. All rights reserved.",10.1016/j.envpol.2012.07.017,Wright et al,WOS:000308450100033,"[""Pollution""]","[""Industrial & military effluents""]"
"Changes in the diet of coastal otters after the Prestige oil spill (Galicia, north-west Spain)","In November 2002 the Prestige tanker spilled 59 000 tonnes of oil off Galicia (north-west Spain) and contaminated a vast coastal area extending from northern Portugal to Brittany (France). Two study areas, a coastal lagoon (1 sample point) and a stretch of rocky coast (includes 5 sample points), were selected to examine changes on the diet of otters Lutra lutra L. before and after the oil spill. Diet was assessed from 1103 spraints, 553 collected in 2000, before the spill and 550 in 2003, after the spill. In the coastal lagoon, after spill, spraints contained more shrimp (Palaemon sp.), more prey of marine origin, and fewer gobies (Pomatoschistus sp.) and eels Anguilla anguilla. A decline of the eel population in the coastal lagoon may have caused otters to make more frequent visits to the sea. On the rocky coast, spraints contained more blennids in 1 of the 5 sampling points, however, the seasonal patterns of the principal prey species (Blennidae, Gadidae and Labridae) were similar across the 2 years of study. The differences may be attributed to common interannual variations in the diet of marine otters, but the design of this study cannot assess the degree of natural variation in the diet of coastal otters before the oil spill.",10.1111/j.1469-7998.2011.00838.x,Wright et al,WOS:000298095500003,"[""Pollution""]","[""Industrial & military effluents""]"
Contaminant concentrations in Illinois mink and otter,"Mink and otters are valuable wildlife resources and management efforts in North America and Europe have been directed towards re-establishing extirpated populations or expanding existing populations. The similarity of otter and mink habits and trophic status may allow inferences about the suitability of the habitat that is occupied by one species (mink) for the other species that is absent (otter). Remnant otter populations in Illinois have not expanded even though suitable habitat appears to be available and is occupied by mink. Low contaminant concentrations in tissues of mink trapped in a habitat where otters are not found and metal and organochlorine concentrations in tissues of otters incidentally collected by the Illinois Department of Natural Resources, suggest that environmental contaminants should not hinder natural expansion of otters in Illinois.",10.1007/BF00119049,Wright et al,WOS:A1996UH48000003,"[""Pollution""]","[""Industrial & military effluents"", ""Agricultural & forestry effluents""]"
"Mercury levels in tissues of otters from Ontario, Canada: Variation with age, sex, and location","Concentrations of mercury in hair, brain, and liver tissues of river otter (Lutra canadensis) from several townships in Ontario, Canada, were determined. Levels of Hg in these tissues were highly intercorrelated but differed from tissue to tissue. The highest concentration was in hair, followed by liver and brain. The high correlation between Hg in hair and brain, as well as the ease and precision of Hg determinations on hair, demonstrate that Hg in hair holds considerable promise for monitoring the Hg in otters. Within the sampled otters, Hg varied with respect to age. The Hg concentrations increased over the first two to three years of age, remained stable over the next two to three years of age, and then declined in the remaining age-groups. Mean age of otters in townships with high-Hg concentrations was about half the mean age of otters in low-Hg townships. In areas where mercury levels are high, otters may have reduced survivorship because of Hg-induced stress on their health.",10.1002/etc.5620191226,Wright et al,WOS:000166221700026,"[""Pollution""]","[""Industrial & military effluents""]"
Combining historical aerial photography with machine learning to map landscape change impacts on dry grasslands in the Central Alps,"ContextStriking land-use changes after WW II characterize the past century in the European Alps with impact on ecosystems and biodiversity. Documenting land-use changes is often difficult due to limited information from the past. Mapping landscape history with aerial photography can foster the understanding of human-induced changes in vulnerable ecosystems, such as the remnants of dry grasslands in the Central Alps.ObjectivesWe aimed to assess changes in grassland vegetation and their current extent in Val Venosta (European Alps, Italy) in relation to overall landscape settings, anthropogenic drivers of change and the effectiveness of the protected areas.MethodsWe performed a land-cover classification based on a mixed machine learning approach including several auxiliary classifiers in a random forest model to characterise the extent and state of (dry) grasslands. We calculated landscape metrics between 1945 and 2015 to assess shape-related changes, especially regarding their landscape embedding and the protection status of sites.ResultsThree main processes related to a changing extent in grassland habitat prevail: (i) agricultural intensification, (ii) settlement expansion at the valley bottom and (iii) forest expansion (afforestation and encroachment due to decreasing pasture activities) on the valley slopes. The remaining grassland habitat is increasingly isolated and fragmented, leaving only few core areas of dry grassland, which tended to be better conserved within protected areas.ConclusionThe changes in extent of dry grasslands revealed marked changes. Transformations are assumed to be predominantly caused by human impact and successional changes. Our results confirm the importance of protected area networks. The pronounced landscape changes underline the urgent need for future research with explicit focus on the changes at community level and the underlying causes. Identifying all relevant drivers of change should be a key element in targeted conservation efforts.",10.1007/s10980-023-01684-0,Pulido-Chadid et al,WOS:001003692300001,"[""Pollution""]",
MERCURY IN DANISH OTTERS (LUTRA-LUTRA),Concentrations of Hg in livers of 69 Danish otters were determined. The mean concentration was 2.3 mg kg-1 Hg fresh weight (range 0.03-12.37). Males and females did not differ in Hg concentrations. Adults had higher concentrations than subadults and juveniles. Hg is unlikely to pose a threat to otters in their current range in Denmark.,10.1016/0045-6535(92)90077-5,Wright et al,WOS:A1992JZ55100013,"[""Pollution""]","[""Industrial & military effluents""]"
High liver content of polybrominated diphenyl ether (PBDE) in otters (Lutra lutra) from England and Wales,"Polybrominated diphenyl ethers (PBDEs), used as flame retardants since the 1970s, are being phased out of use, but are persistent and widespread in the environment. Historical declines in Eurasian otter (Lutra lutra) populations have been associated with exposure to dieldrin and polychlorinated biphenyls (PCBs), but links with other persistent organic pollutants have not been explored. In this study, liver samples from 129 otters, collected across England and Wales from 1995-2006, were analysed for PBDEs, together with PCBs, DDT breakdown products, and hexachlorobenzene. Associations with geographical location and life history parameters were explored. Concentrations of PBDEs in otters (Sigma BDE 12-70000 ng g(-1) lipid) paralleled those measured in marine mammals, with PBDE-47 the dominant congener and high levels of PBDE-99 and -100. Otter livers contained high concentrations of PBDE-153 and -209, typical of terrestrial top predators. Inter-individual variation in PBDE concentrations was high and correlated with geographical location. Sigma PBDE was 25% of Sigma PCB, and comparable with Sigma DDT, identifying PBDEs as a major contaminant in otter populations in England and Wales. (c) 2014 Elsevier Ltd. All rights reserved.",10.1016/j.chemosphere.2014.06.051,Wright et al,WOS:000346953700011,"[""Pollution""]","[""Industrial & military effluents""]"
Estimation of polychlorinated biphenyl (PCB) levels in livers of the otter (Lutra lutra) from concentrations in scats and fish,"The decline of the European otter (Lutra lutra) seems to be related to environmental contamination especially with polychlorinated biphenyls (PCBs). Only a limited number of tissue samples from otters killed accidently as traffic victims or drowned in fishnets are available for residue analysis. Calculating the levels of PCBs in otter tissues from concentrations in fish and seats would be a very valuable tool to estimate potential risks for this endangered species. PCB levels measured in otter livers, seats and fish from a Middle European otter population were used to examine the suitability of mathematical models for calculating PCB concentrations in otter liver from fish concentrations and from seat levels. Our results suggest that the models and input parameters currently used to calculate PCB concentrations in otters to estimate risks do not predict mean concentrations in otter livers in our Middle European study area, giving lower concentrations than actually analysed in the tissues. Possible causes for the observed discrepancy between measured and calculated values are discussed.",10.1023/A:1005016914051,Wright et al,WOS:000075807000017,"[""Pollution""]","[""Industrial & military effluents""]"
Impacts of Pollutants on Beavers and Otters with Implications for Ecosystem Ramifications,"Anthropogenic pollution has impacted ecosystems and organisms globally. Aquatic freshwater systems are of particular concern because of their importance to human health and livelihoods. Sentinel species can serve as indicators for both individual and population-level health risks to both wildlife and humans, and therefore facilitate the mitigation and prevention of such contamination. When such species are also keystone species and/or ecological engineers in aquatic ecosystems, understanding the influence of pollutants on their physiology and behavior acquires added importance. Given that river otters (Lontra canadensis and Lutra lutra) and beavers (Castor canadensis and C. fiber) serve such roles and are susceptible to a wide-range of anthropogenic pollution, this makes them prime candidates as indicators or sentinels of aquatic ecosystem health. We review published evidence on the toxicological impacts of pollutants in beavers and river otters and discuss the implications of exposure to their behavioral systems, conservation, and surrounding ecosystem.",10.1111/j.1936-704X.2016.03212.x,Wright et al,WOS:000401526600005,"[""Pollution""]","[""Industrial & military effluents"", ""Agricultural & forestry effluents""]"
Population biology of stoats Mustela erminea and weasels Mustela nivalis on game estates in Great Britain,"1. British gamekeepers commonly trap and shoot stoats and weasels in order to increase the abundance of game. We provide details of the population biology of 822 stoats and 458 weasels collected on 25 game estates and use simple population models to assess the effects of culling. 2. Seventy-one per cent of stoats and 94% of weasels were trapped, while 26% of stoats and 5% of weasels were shot. While trapped samples exhibited typically male-biased sex ratios, the sex ratio of shot stoats was even. Eight of 305 female stoats and six of 77 female weasels were visibly pregnant, with mean litters of 9.0 and 6.2 embryos, respectively. Median ages at death were 11.6. and 8.0 months for male and female stoats, respectively, and 9.3 and 9.2 months for male and female weasels. Male and female stoats, but not male and female weasels, had significantly different rates of survival. 3. Model weasel populations continued to increase (lambda = 1.35) despite culling as a result of high productivity when sufficient food was available. Model stoat populations declined slightly (lambda = 0.95), probably as a result of concerted culling effort when young stoats were dependent on maternal survival. This suggests that persistence of culled stoat populations may depend on immigration. 4. To reduce stoat populations without affecting the survival of dependent juveniles, culling effort could be focused on trapping females in late winter and shooting females in early spring, where landscape and climate permit. For control of weasel populations, trapping effort should be, and in practice often is, focused on late spring, following a period of high natural mortality. 5. High rates of immigration mean that culling by gamekeepers will not ordinarily lead to any long-term decline in actual stoat and weasel populations. We suggest that measures taken to enhance immigration will improve the long-term status of stoats and weasels in regions where their conservation is desirable, and whilst this persists the impact of culling will be short-lived and local.",10.1046/j.1365-2664.2002.00757.x,Wright et al,WOS:000178446500009,"[""Pollution""]","[""Agricultural & forestry effluents""]"
FECAL GENOTYPING AND CONTAMINANT ANALYSES REVEAL VARIATION IN INDIVIDUAL RIVER OTTER EXPOSURE TO LOCALIZED PERSISTENT CONTAMINANTS,"The present study investigated polyhalogenated aromatic hydrocarbon (PHAH) concentrations in feces of known river otters (Lontra canadensis) along the coast of southern Vancouver Island, British Columbia, Canada. Specifically, we combined microsatellite genotyping of DNA from feces for individual identification with fecal contaminant analyses to evaluate exposure of 23 wild otters to organochlorine pesticides (OCPs), polychlorinated biphenyls (PCBs), and polybrominated diphenylethers (PBDEs). Overall, feces collected from otters in urban/industrial Victoria Harbor had the greatest concentrations of nearly all compounds assessed. Fecal concentrations of OCPs and PBDEs were generally low throughout the region, whereas PCBs dominated in all locations. Re-sampling of known otters over space and time revealed that PCB exposure varied with movement and landscape use. Otters with the highest fecal PCB concentrations were those inhabiting the inner reaches of Victoria Harbor and adjacent Esquimalt Harbor, and those venturing into the harbor systems. Over 50% of samples collected from eight known otters in Victoria Harbor had total-PCB concentrations above the maximum allowable concentration as established for Eurasian otter (Lutra lutra) feces, with a geometric mean value (16.6 mg/kg lipid wt) that exceeded the reproductive toxicity threshold (9 mg/kg lipid wt). Those results are consistent with our findings from 1998 and 2004, and indicate that the harbors of southern Vancouver Island, particularly Victoria Harbor, are a chronic source of PCB exposure for otters. The present study further demonstrates the suitability of using otter feces as a noninvasive/destructive biomonitoring tool in contaminant studies, particularly when sampling of the same individuals at the local population-level is desired. Environ. Toxicol. Chem. 2010;29:275-284. (C) 2009 SETAC",10.1002/etc.53,Wright et al,WOS:000274272500006,"[""Pollution""]","[""Industrial & military effluents"", ""Agricultural & forestry effluents""]"
Gene Transcript Profiling in Sea Otters Post-Exxon Valdez Oil Spill: A Tool for Marine Ecosystem Health Assessment,"Using a panel of genes stimulated by oil exposure in a laboratory study, we evaluated gene transcription in blood leukocytes sampled from sea otters captured from 2006-2012 in western Prince William Sound (WPWS), Alaska, 17-23 years after the 1989 Exxon Valdez oil spill (EVOS). We compared WPWS sea otters to reference populations (not affected by the EVOS) from the Alaska Peninsula (2009), Katmai National Park and Preserve (2009), Clam Lagoon at Adak Island (2012), Kodiak Island (2005) and captive sea otters in aquaria. Statistically, sea otter gene transcript profiles separated into three distinct clusters: Cluster 1, Kodiak and WPWS 2006-2008 (higher relative transcription); Cluster 2, Clam Lagoon and WPWS 2010-2012 (lower relative transcription); and Cluster 3, Alaska Peninsula, Katmai and captive sea otters (intermediate relative transcription). The lower transcription of the aryl hydrocarbon receptor (AHR), an established biomarker for hydrocarbon exposure, in WPWS 2010-2012 compared to earlier samples from WPWS is consistent with declining hydrocarbon exposure, but the pattern of overall low levels of transcription seen in WPWS 2010-2012 could be related to other factors, such as food limitation, pathogens or injury, and may indicate an inability to mount effective responses to stressors. Decreased transcriptional response across the entire gene panel precludes the evaluation of whether or not individual sea otters show signs of exposure to lingering oil. However, related studies on sea otter demographics indicate that by 2012, the sea otter population in WPWS had recovered, which indicates diminishing oil exposure.",10.3390/jmse4020039,Wright et al,WOS:000443615700011,"[""Pollution""]","[""Industrial & military effluents""]"
The Near Threatened Eurasian otter Lutra lutra in Morocco: no sign of recovery,"Although the Near Threatened Eurasian otter Lutra lutra has been recovering in Europe since the 1980s nothing is known about population trends of the species in northern Africa. Ninety sites was searched for signs of otters in northern and western Morocco in 1983 and we repeated this survey in 2011. At each site we searched for otter spraints (faeces) or clear footprints along a maximum of 600 m of river bank, ending the search when the first sign was found. Overall results were strikingly similar in 1983 and 2011, with 36 positive sites and the same general distribution pattern of the species. Healthy otter populations appear to remain in the foothills of the Middle and High Atlas but the trend of populations disappearing from the relatively flat Atlantic slope has increased. The results are in clear contrast with the recovery of otter populations in Europe, probably because of differences in the implementation of environmental policies, especially regarding water pollution.",10.1017/S0030605311001517,Wright et al,WOS:000303837100020,"[""Pollution""]","[""Industrial & military effluents""]"
"Heavy metals in the habitat and throughout the food chain of the Neotropical otter, Lontra longicaudis, in protected Mexican wetlands","Top predators like the Neotropical otter, Lontra longicaudis annectens, are usually considered good bioindicators of habitat quality. In this study, we evaluated heavy metal contamination (Hg-tot, Pb, Cd) in the riverine habitat, prey (crustaceans and fish), and otter feces in two Ramsar wetlands with contrasting upstream contamination discharges: Rio Blanco and Rio Cao Grande in Veracruz, Mexico, during the dry, the wet, and the nortes seasons. Most comparisons revealed no differences between sites while seasonal differences were repeatedly detected for all of the compartments. Higher concentrations of Pb during the dry season and of Cd during the wet season in otter feces mirrored differences detected in the most seasonally consumed prey. Compared with fecal methylmercury values reported for the European otter (0.25-0.75 mg kg(-1)) in unprotected areas, the Hg-tot levels that we measured were lower (0.02-0.17 mg kg(-1)). However, Pb (117.87 mg kg(-1)) and Cd (9.14 mg kg(-1)) concentrations were higher (Pb, 38.15 mg kg(-1) and Cd, 4.72 mg kg(-1)) in the two Ramsar wetlands. Protected areas may shelter species, but those with water-linked diets may suffer the effect of chemicals used upstream.",10.1007/s10661-012-2623-z,Wright et al,WOS:000313359000012,"[""Pollution""]","[""Industrial & military effluents""]"
ORGANOCHLORINE PESTICIDE AND PCB CONTENTS IN OTTER (LUTRA-LUTRA) SCATS FROM WESTERN SCOTLAND,"Organochlorine pesticide residues and PCBs were measured in 113 otter (Lutra lutra) scat samples from 94 sites in the River Clyde catchment, its estuary and neighboring coastal waters in western Scotland. Contents of pesticide residues were generally low. PCB amounts were high in some regions in the study area (geometric mean contents up to 19.5 mg kg-1 lipid). Potential sources of contamination included industrial areas, a sewage sludge dump and shipping facilities, both naval and commercial. PCBs in tissues were estimated from scats. Analysis of scats provides a useful technique of estimating potential contamination threats to otter populations and can be used to identify biologically significant hot-spots of contamination which may be missed by more familiar surveillance methods.",10.1007/BF00483370,Wright et al,WOS:A1992JX04700015,"[""Pollution""]","[""Agricultural & forestry effluents"", ""Industrial & military effluents""]"
Density dependence and risk of extinction in a small population of sea otters,"Sea otters (Enhydra lutris (L.)) were hunted to extinction off the coast of Washington State early in the 20th century. A new population was established by translocations from Alaska in 1969 and 1970, and currently numbers at least 550 animals. A major threat to the population is the ongoing risk of major oil spills in sea otter habitat. We apply population models to census and demographic data in order to evaluate the status of the population. We fit several density dependent models to test for density dependence and determine plausible values for the carrying capacity (K) by comparing model goodness of fit to an exponential model. Model fits were compared using Akaike Information Criterion (AIC). A significant negative relationship was found between the population growth rate and population size (r(2) = 0.27, F = 5.57, df = 16, p < 0.05), suggesting density dependence in Washington state sea otters. Information Criterion statistics suggest that the Beverton-Holt model is the most parsimonious, followed closely by the logistic model. Values of K ranged from 612 to 759 with best-fit parameter estimates for the Beverton-Holt model including 0.26 for r and 612 for K. The latest ( 2001) population index count (555) puts the population at 87-92% of the estimated carrying capacity, above the suggested range for optimum sustainable population (OSP). Analyses of extinction risk associated with oil spills were based on assumptions of variable spill frequency, and variable mortality rates associated with spills once they occurred. At lower rates of assumed spill frequency, extinction risk was either negligible or was substantial only at the highest assumed mortality rates. At the highest assumed frequency rate (0.5 yr(-1)), extinction risks were high across the full range of assumed mortality rates. Elasticity analysis was conducted to examine the effects of proportional changes in vital rates on the population growth rate (lambda). The elasticity values indicate that the population is most sensitive to changes in survival rates (particularly adult survival).",10.1007/s10531-004-2146-1,Wright et al,WOS:000225468900009,"[""Pollution""]",
"HYDROCARBON CONCENTRATIONS AND PATTERNS IN FREE-RANGING SEA OTTERS (ENHYDRA LUTRIS) FROM BRITISH COLUMBIA, CANADA","With oil pollution recognized as a major threat to British Columbia's recovering sea otter (Enhydra lutris) population, it is important to distinguish acute from chronic exposures to oil constituent groups in this marine mammal. Concentrations and patterns of alkanes and polycyclic aromatic hydrocarbons (PAHs) were determined in blood samples from 29 live-captured sea otters in two coastal areas of British Columbia, as well as in representative samples of their invertebrate prey. Hydrocarbon concentrations in sea otters were similar between areas and among age and sex classes, suggesting that metabolism dominates the fate of these compounds in sea otters. Biomagnification factors derived from PAH ratios in otter:prey supported this notion. Although some higher alkylated three- and four-ring PAHs appeared to biomagnify, the majority of PAHs did not. The apparent retention of alkyl PAHs was reflected in the composition of estimated sea otter body burdens, which provided an alternative way of evaluating hydrocarbon exposure. Alkyl PAHs made up 86 +/- 9% of estimated body burdens (4,340 +/- 2,950 mu g), with no differences between males and females (p = 0.18). The importance of measuring both parent and alkyl PAHs is underscored by their divergent dynamics in sea otters, with ready depuration of parent PAHs (metabolized or excreted) by sea otters on the one hand and biomagnification of alkyl PAHs on the other. Environ. Toxicol. Chem. 2011;30:21821-2193, (C) 2011 SETAC",10.1002/etc.627,Wright et al,WOS:000295309400002,"[""Pollution""]","[""Industrial & military effluents""]"
Timelines and mechanisms of wildlife population recovery following the Exxon Valdez oil spill,"Research and monitoring activities over the 28 years since the T/V Exxon Valdez ran aground and spilled oil into Prince William Sound, Alaska have led to an improved understanding of how wildlife populations were damaged, as well as the mechanisms and timelines of recovery. A key finding was that for some species, such as harlequin ducks and sea otters, chronic oil spill effects persisted for at least two decades and were a larger influence on population dynamics over the long term than acute effects of the spill. These data also offer insights into population variation resulting from factors other than the oil spill. For example, while many seabirds experienced direct and indirect effects of the spill, population trajectories of some piscivorous birds, including pigeon guillemots and marbled murrelets, were linked to long-term environmental changes independent of spill effects. Another species, killer whales, suffered population declines due to acute spill effects that have not been resolved despite lack of chronic direct effects, representing a novel pathway of long-term injury. The observed variation in mechanisms and timelines of recovery is linked to species specific life history and natural history traits, and thus may be useful for predicting population recovery for other species following other spills.",10.1016/j.dsr2.2017.04.007,Wright et al,WOS:000428005900006,"[""Pollution""]","[""Industrial & military effluents""]"
Long-term effects of the 'Exxon Valdez' oil spill: sea otter foraging in the intertidal as a pathway of exposure to lingering oil,"The protracted recovery of some bird and mammal populations in western Prince William Sound (WPWS), Alaska, and the persistence of spilled 'Exxon Valdez' oil in intertidal sediments, suggests a pathway of exposure to consumers that occupy nearshore habitats. To evaluate the hypothesis that sea otter (Enhydra lutris) foraging allows access to lingering oil, we contrast spatial relations between foraging behavior and documented oil distribution. We recovered archival time-depth recorders implanted in 19 sea otters in WPWS, where lingering oil and delayed ecosystem recovery are well documented. Sea otter foraging dives ranged from +2.7 to -92 m below sea level (MLLW), with intertidal accounting for 5 to 38% of all foraging. On average, female sea otters made 16 050 intertidal dives per year and 18% of these dives were at depths above the +0.80 m tidal elevation. Males made 4100 intertidal dives per year and 26% of intertidal foraging took place at depths above the +0.80 m tidal elevation. Estimated annual oil encounter rates ranged from 2 to 24 times yr(-1) for females, and 2 to 4 times yr(-1) for males. Exposure rates increased in spring when intertidal foraging doubled and females were with small pups. In summer 2008, we found sea otter foraging pits on 13.5 of 24.8 km of intertidal shoreline surveyed. Most pits (82%) were within 0.5 m of the zero tidal elevation and 15% were above 0.5 m, the level above which most (65%) lingering oil remains. In August 2008, we detected oil above background concentrations in 18 of 41 (44%) pits excavated by sea otters on beaches with prior evidence of oiling, with total PAH concentrations up to 56 000 ng g(-1) dry weight. Our estimates of intertidal foraging, the widespread presence of foraging pits in the intertidal, and the presence of oil in and near sea otter foraging pits documents a pathway of exposure from lingering intertidal oil to sea otters foraging in WPWS.",10.3354/meps09523,Wright et al,WOS:000300660600019,"[""Pollution""]","[""Industrial & military effluents""]"
Evaluating Heterogeneous Conservation Effects of Forest Protection in Indonesia,"Establishing legal protection for forest areas is the most common policy used to limit forest loss. This article evaluates the effectiveness of seven Indonesian forest protected areas introduced between 1999 and 2012. Specifically, we explore how the effectiveness of these parks varies over space. Protected areas have mixed success in preserving forest, and it is important for conservationists to understand where they work and where they do not. Observed differences in the estimated treatment effect of protection may be driven by several factors. Indonesia is particularly diverse, with the landscape, forest and forest threats varying greatly from region to region, and this diversity may drive differences in the effectiveness of protected areas in conserving forest. However, the observed variation may also be spurious and arise from differing degrees of bias in the estimated treatment effect over space. In this paper, we use a difference-in-differences approach comparing treated observations and matched controls to estimate the effect of each protected area. We then distinguish the true variation in protected area effectiveness from spurious variation driven by several sources of estimation bias. Based on our most flexible method that allows the data generating process to vary across space, we find that the national average effect of protection preserves an additional 1.1% of forest cover; however the effect of individual parks range from a decrease of 3.4% to an increase of 5.3% and the effect of most parks differ from the national average. Potential biases may affect estimates in two parks, but results consistently show Sebangau National Park is more effective while two parks are substantially less able to protect forest cover than the national average.",10.1371/journal.pone.0124872,Pulido-Chadid et al,WOS:000355700700005,"[""Residential & commercial development""]",
Human pressure dynamics in protected areas of China based on nighttime light,"Increasing light is widely recognised to be harmful to the wilderness of protected areas (PAs). However, minimal studies revealed the spatiotemporal distribution and variation of nighttime lights (NTLs) at the regional and single protected area levels on a continuous time. We assessed the extent and intensity of NTLs within and around the PAs during 1992-2012 in mainland China. Lighted area index (LAI), lighted intensity index (LII), potential LAI (PLAI) and potential LII (PLII) were developed as indicators to represent the total quantity and the intensity in a PA and in a 5-km buffer zone around the PA on the basis of the Defense Meteorological Program Operational Line-Scan System NTL data. NTL in PAs covered 7192 km(2) in 2012, accounting for 0.73% of the total area of PAs. The highest values of LAI and LII were observed in Northeast and South Central China among the six geographical divisions. The LAI and LII increased by 3.22 and 3.51 times from 1992 to 2012, which showed that the area and intensity of NTL in PAs experienced simultaneous growth. We identified a significant increase of NTL within 36% of PAs and outside 60% of PAs, indicating the persistent increase in the intensity of human disturbance in and around these PAs. The NTL growth rates in marine and coastal and wild plant PAs were the greatest and lowest among different types of PAs, with values of 76.47% and 15.79%, respectively. We suggested that development of targeted countermeasures for each PA should comprehensively consider the conservation objectives, the type of PA, and the lighting conditions inside and outside the PA. The findings can provide useful information for targeting management strategies to alleviate light pollution and human disturbance. (C) 2020 The Author(s). Published by Elsevier B.V.",10.1016/j.gecco.2020.e01222,Pulido-Chadid et al,WOS:000608478800006,"[""Residential & commercial development""]",
The sources and prevalence of anthropogenic noise in Rockfish Conservation Areas with implications for marine reserve planning,"Underwater noise pollution is a recognized threat to marine life. In British Columbia, Canada, Pacific rockfish (Sebastes spp.) were historically overfished, prompting the establishment of Rockfish Conservation Areas (RCAs). However, there are no restrictions prohibiting vessel transits in RCAs. We hypothesized that RCAs do not protect rockfish from sub-lethal harm from noise. We compared noise levels at three RCAs with adjacent unprotected reference sites from August 2018-June 2019. While RCAs had lower levels of noise overall than reference sites, this trend was inconsistent; some RCA sites had higher levels of noise during certain time periods than non-RCA sites. A vessel noise detector was the best predictor of noise level over three frequency bands (20-100 Hz, 100-1000 Hz, 1-10 kHz), and predicted sound levels which could mask rockfish communication. We conclude that RCAs do not reliably protect rockfish from noise pollution, and recommend further study into potential impacts on stock recovery.",10.1016/j.marpolbul.2021.112017,Pulido-Chadid et al,WOS:000632264200016,"[""Transportation & service corridors""]",
