custom_id,Article Title,Abstract,DOI,source,exclusion_reason,inclusion_reason,eligibility
WOS:000399848100008,Combined effects of climate and land management on watershed vegetation dynamics in an arid environment,"Leaf area index (LAI) is a key parameter to characterize vegetation dynamics and ecosystem structure that determines the ecosystem functions and services such as clean water supply and carbon sequestration in a watershed. However, linking LAI dynamics and environmental controls (i.e., coupling biosphere, atmosphere, and anthroposphere) remains challenging and such type of studies have rarely been done at a watershed scale due to data availability. The present study examined the spatial and temporal variations of LAI for five ecosystem types within a watershed with a complex topography in the Upper Heihe River Basin, a major inland river in the arid and semi-arid western China. We integrated remote sensing-based GLASS (Global Land Surface Satellite) LAI products, interpolated climate data, watershed characteristics, and land management records for the period of 2001-2012. We determined the relationships among LAI, topography, air temperature and precipitation, and grazing history by five ecosystem types using several advanced statistical methods. We show that long-term mean LAI distribution had an obvious vertical pattern as controlled by precipitation and temperature in a hilly watershed. Overall, watershed-wide mean LAI had an increasing trend overtime for all ecosystem types during 2001-2012, presumably as a result of global warming and a wetting climate. However, the fluctuations of observed LAI at a pixel scale (1 km) varied greatly across the watershed. We classified the vegetation changes within the watershed as 'Improved', 'Stabilized', and 'Degraded' according their respective LAI changes. We found that climate was not the only driver for temporal vegetation changes for all land cover types. Grazing partially contributed to the decline of LAI in some areas and masked the positive climate warming effects in other areas. Extreme weathers such as cold spells and droughts could substantially affect inter-annual variability of LAI dynamics. We concluded that temporal and spatial LAI dynamics were rather complex and were affected by both climate variations and human disturbances in the study basin. Future monitoring studies should focus on the functional interactions among vegetation dynamics, climate variations, land management, and human disturbances. Published by Elsevier B.V.",10.1016/j.scitotenv.2017.02.210,Jaureguiberry et al,,vegetation dynamics linked to effects from cc and land mgt ,"[""ELIGIBLE""]"
WOS:000391956900011,Realized climatic niches are conserved along maximum temperatures among herpetofaunal invaders,"AimThe conservatism of the realized climatic niche is a pivotal assumption for predicting invasion risk under present and future climates. To date, however, no studies have identified the particular dimensions of realized climatic niches that are spatially and temporally conserved for a whole taxonomic group on a global scale. Understanding realized niche dynamics along each individual climatic variable separately is a key consideration for improving forecasts of invasive species distributions and anticipating future range expansions. LocationGlobal. MethodsUsing 181 successful invasion events for 128 alien herpetofaunal species across the globe, we applied a robust niche dynamics framework and analysed the conservatism of the realized climatic niche and its influencing factors along 19 temperature and precipitation variables. ResultsWe found that the magnitude of the niche expansion along the maximum temperature of the warmest month (or warmest quarter) was, on average, the lowest compared with the niche expansion magnitude along the minimum, average, range and seasonal temperature characteristics and all precipitation variables. Furthermore, the niche shift along the maximum temperature was only negatively correlated with native range size and was unrelated to residence time, species traits, introduction propagule pressure, topographic heterogeneity or equatorwards and polewards range expansion. Main conclusionsWe provide the first evidence that the realized climatic niche of alien herpetofaunal species is generally most conserved along maximum temperatures. This finding highlights the importance of preferentially choosing conserved climatic niche parameters to develop robust predictions of biological invasions or shifts in species ranges in response to climate change.",10.1111/jbi.12808,Jaureguiberry et al,,realized climatic niche (the set env and climate condiions a spiece occupies in nature); herpetofauna (Invasive) realized climatic nich is conserved along max temp;,"[""ELIGIBLE""]"
WOS:000331673800014,Was overfishing of predatory fish responsible for a lobster-induced regime shift in the Benguela?,"The top-down effects of predators have been demonstrated for terrestrial, freshwater and marine systems and their removal can cause a shift in ecosystem state. In many cases, the depletion of top-predators occurred long before humans began monitoring these systems, but models can elucidate likely ecosystem changes. In this paper we use a multispecies model to demonstrate that the abundance of predators can induce different ecosystem states, emphasising the importance of sustainable harvesting. Our model is founded on empirical data documenting a regime-shift that took place in the kelp-forest ecosystem along the south-west coast of South Africa following an 'invasion' by the West Coast rock lobster Jasus lalandii in the early 1990s. Formerly dominated by herbivores and encrusting corallines, the ecosystem became dominated by lobsters and macroalgae. A combination of illegal fishing of abalone Haliotis midae and the lobster-induced extermination of the urchin Parechinus angulosus (which shelters juvenile abalone) depleted abalone stocks severely. In this currently over-fished ecosystem where predators of lobsters are scarce, the regime-shift appears irreversible. Using an intermediate complexity model of lobster, urchin and abalone relationships, we simulated the effects of predatory fish at various population levels on the course of development of the currently lobster-dominated system. Our results indicate that current levels of fish biomass (<10% of the pristine population) would have been too small to significantly affect the lobster population. However, at pristine levels of fish abundance (or even 50% less), the invasion of lobsters would have been controlled by linefish, and urchin and abalone populations would not have collapsed. The effect of the lobster invasion had a greater influence on abalone abundance than illegal fishing, but together they severely depleted the abalone. Ecosystem effects of historical exploitation of top predators are of central concern, and our ecosystem model indicates that depletion of linefish had severe consequences for lobsters, urchins and abalone, illustrating how overfishing of top predators may precipitate regime shifts, with profound socio-economic consequences. (C) 2013 Elsevier B.V. All rights reserved.",10.1016/j.ecolmodel.2013.11.004,Jaureguiberry et al,,Over fishing as driver causing ecosystem shift,"[""ELIGIBLE""]"
WOS:000244692700016,Impacts of global changes and extreme hydroclimatic events on macroinvertebrate community structures in the French Rhone River,"We assessed the temporal changes in and the relationships between the structures of the macroinvertebrate communities and the environmental conditions of the French Rhone River (the river from Lake Geneva to the Mediterranean Sea) over the last 20 years (1985-2004). Multisite environmental and biological datasets were analysed using multiple CO-inertia analysis (MCOA) and Procrustean analysis. Changes in environmental conditions were mainly marked by an improvement in water quality between 1985 and 1991 and by an increase in water temperature from 1985 onwards due to climate change. Improvement in water quality seemed to delay changes in community structures under global warming. We then observed trends in community structures coupled with high temperatures and a decrease in oxygen content. Interestingly, we observed both gradual changes and rapid switches in community states. These shifts seemed coupled to extreme hydroclimatic events (i.e. pulse disturbances). Floods and the 2003 heatwave enhanced the development of eurytolerant and invasive taxa which were probably able to take advantage of gradual warming environmental conditions. Despite various site-specific press constraints (e.g. hydropower schemes, nuclear power plants), similar changes in community structures were observed along the French Rhone River. Such consistency in temporal processes at large geographical scales underlined the strength of hydroclimatic constraints on community dynamics compared to specific local disturbances. Finally, community structures did not show any sign of recovery, and their relative sensitivities to extreme hydroclimatic events seemed to increase with time. Thus, our results suggest that global changes may reduce the resilience of current community states.",10.1007/s00442-006-0655-1,Jaureguiberry et al,,Climate warming and water quality improved linked to macroinvertebrate community changes,"[""ELIGIBLE""]"
WOS:000367110300012,The temporal dynamics of a regional flora-The effects of global and local impacts,"The main trends in changes in the global vascular plant biodiversity are generally considered to be a decrease in rare indigenous species and a spread of invasive plants. In the present paper, the impact of these changes on the flora of the state of Baden-Wurttemberg (Southwest-Germany) is examined. The data come from a regional floristic mapping project, which consists of two consecutive surveys, dating from 1970 to 1998 and from 2005 to present. In contrast to many other studies, not only a part of the flora or of an ecosystem was studied but the entire vascular plant flora of a region. As the recent survey is not yet completed, samples of 46 out of 1100 grid cells are analysed as a preliminary study on the trends in entire Baden-Wurttemberg. In the present paper we address the issues (1) whether changes in biodiversity observed in other studies, e.g. decrease of rare native species and increase of invasives, affect the flora of Baden-Wurttemberg, (2) which abiotic factors, i.e. climatic or soil conditions, cause these changes of species diversity. The analysis of the two consecutive surveys revealed a continuing decrease of rare native species and a constant increase of neophytes, thus reflecting the global trends. Many extinction events happened before 1970, some already in the 19th century. Changes in land use and urbanisation of former rural regions are two important factors for these changes. A statistic analysis using Ellenberg indicator values revealed the nitrogen input from agriculture and the effects of global warming as further potential causes for these trends. (C) 2015 Elsevier GmbH. All rights reserved.",10.1016/j.flora.2015.09.013,Jaureguiberry et al,,regional vascular plant biodiversity: deceases in rare species and spread of IAS due to anthropogenic impacts,"[""ELIGIBLE""]"
WOS:000339385100016,Sensitivity and responses of diatoms to climate warming in lakes heavily influenced by humans,"1. Diatom communities have been shown to respond strongly to current climate warming in remote lakes, while evidence remains equivocal for lakes under strong local human pressures. 2. Temporal dynamics of planktonic diatoms in three subalpine lakes (Geneva, Annecy and Bourget) reconstructed from palaeolimnological approaches were used to assess the relative effects of phosphorus concentrations, fisheries management practices and climate warming in structuring communities over the last century. 3. Changes in total phosphorous concentration (TP), air temperature and fish predation pressure could explain the temporal dynamics of most diatom species in the sediment records. TP was found to be not only the main driver of changes in community composition but also an important factor modulating diatom sensitivity and responses to climate warming. 4. The diatom community of Lake Bourget showed the highest vulnerability and direct responses to climate warming, favouring spring species that can resist earlier stratification in mesotrophic lakes (such as Asterionella formosa, Aulacoseira islandica and Stephanodiscus parvus) and summer species that can make the best trade-off between decreasing nutrient concentrations and increased water column stability (Diatoma tenuis, A. islandica). In Lake Geneva, climate warming also contributed to shaping diatom communities but through an indirect pathway; fisheries management practices and climate warming interacted to reinforce top-down control, favouring large, colonial inedible species (Stephanodicus binderanus and A. formosa). For Lake Annecy, the most nutrient limited of the three lakes studied, no changes in diatom community structure were directly related to warmer air temperatures over the last 25 years. 5. All three lakes have been subjected to the same climate variability. Yet the magnitude and responses of their diatom communities to climate warming were dissimilar and strongly modulated by differences in lake trophic status and fish management practices.",10.1111/fwb.12380,Jaureguiberry et al,,impact of climate warming and fisheries mgt in subalpine lakes on diatom community.,"[""ELIGIBLE""]"
WOS:000428400500003,Productivity and recovery of forage fish under climate change and fishing: North Sea sandeel as a case study,"Forage fish occupy a central position in marine food-webs worldwide by mediating the transfer of energy and organic matter from lower to higher trophic levels. The lesser sandeel (Ammodytes marinus) is one of the ecologically and economically most important forage fish species in the North-east Atlantic, acting as a key prey for predatory fish and sea birds, as well as supporting a large commercial fishery. In this case study, we investigate the underlying factors affecting recruitment and how these in turn affect productivity of the North Sea sandeel using long-term data and modelling. Our results demonstrate how sandeel productivity in the central North Sea (Dogger Bank) depends on a combination of external and internal regulatory factors, including fishing and climate effects, as well as density dependence and food availability of the preferred zooplankton prey (Calanus finmarchicus and Temora longicornis). Furthermore, our model scenarios suggest that while fishing largely contributed to the abrupt stock decline during the late 1990s and the following period of low biomass, a complete recovery of the stock to the highly productive levels of the early 1980s would only be possible through changes in the surrounding ecosystem, involving lower temperatures and improved feeding conditions. To that end, we stress the need for ecosystem-based management accounting for multiple internal and external factors occurring within the broader context of the ecosystem in which forage fish species, such as sandeel, play an important and integral part.",10.1111/fog.12246,Jaureguiberry et al,,fishing and climate (anthro drivers) affecting forage fish biodiv,"[""ELIGIBLE""]"
WOS:000254086900002,The link between international trade and the global distribution of invasive alien species,"Invasive alien species (IAS) exact large biodiversity and economic costs and are a significant component of human-induced, global environmental change. Previous studies looking at the variation in alien species across regions have been limited geographically or taxonomically or have not considered economics. We used a global invasive species database to regress IAS per-country on a suite of socioeconomic, ecological, and biogeographical variables. We varied the countries included in the regression tree analyses, in order to explore whether certain outliers were biasing the results, and in most of the cases, merchandise imports was the most important explanatory variable. The greater the degree of international trade, the higher the number of IAS. We also found a positive relationship between species richness and the number of invasives, in accord with other investigations at large spatial scales. Island status (overall), country area, latitude, continental position (New World versus Old World) or other measures of human disturbance (e.g., GDP per capita, population density) were not found to be important determinants of a country's degree of biological invasion, contrary to previous studies. Our findings also provide support to the idea that more resources for combating IAS should be directed at the introduction stage and that novel trade instruments need to be explored to account for this environmental externality.",10.1007/s10530-007-9138-5,Jaureguiberry et al,,"link b/w international trade (anthro source) and distribution of IAS, driving the biodiv change","[""ELIGIBLE""]"
WOS:000269675600012,"Impacts of grazing, selective logging and hyper-aggressors on diurnal bird fauna in intact forest landscapes of the Brigalow Belt, Queensland","The impact of forest management on diurnal bird assemblages and abundance was investigated in contiguous tracts of eucalypt forest in the Brigalow Belt Bioregion, south central Queensland. Sites were located across three levels of livestock grazing intensity and three levels of selective logging intensity within the most extensive habitat type, Corymbia citriodora-dominant forest. We recorded a high rate of incidence and large numbers of the hyper-aggressive noisy miner Manorina melanocephala (Passeriformes: Meliphagidae) at the majority of our survey sites, a phenomenon rarely reported in non-cleared landscapes. As shown by numerous studies in fragmented landscapes, the distribution of this species in our study had a substantial negative effect upon the distribution of small passerine species. Noisy miners exerted the strongest influence upon small passerine abundance, and masked any forest management effects. However, key habitat features important for small passerines were identified, including a relatively high density of large trees and stems in the midstorey. Selective logging appeared to exert a minimal effect upon noisy miner abundance, whereas grazing intensity had a profound, positive influence. Noisy miners were most abundant in intensively grazed forest with minimal midstorey and a low volume of coarse woody debris. Higher road density in the forest landscape also corresponded with increased numbers of noisy miners. Reduction in grazing pressure in Brigalow Belt forests has the potential to benefit small passerine assemblages across large areas through moderating noisy miner abundance. The strong relationship between noisy miners and small passerines suggests that noisy miner abundance could act as an easily measured indicator of forest condition, potentially contributing to monitoring of forest management outcomes.",10.1111/j.1442-9993.2009.01979.x,Jaureguiberry et al,,imapct of grazing and selective logging (anthro sources) on diurnal bird assemblage,"[""ELIGIBLE""]"
WOS:000209091500024,"Analysing ethnobotanical and fishery-related importance of mangroves of the East-Godavari Delta (Andhra Pradesh, India) for conservation and management purposes","Mangrove forests, though essentially common and wide-spread, are highly threatened. Local societies along with their knowledge about the mangrove also are endangered, while they are still underrepresented as scientific research topics. With the present study we document local utilization patterns, and perception of ecosystem change. We illustrate how information generated by ethnobiological research can be used to strengthen the management of the ecosystem. This study was conducted in the Godavari mangrove forest located in the East-Godavari District of the state Andhra Pradesh in India, where mangroves have been degrading due to over-exploitation, extensive development of aquaculture, and pollution from rural and urbanized areas (Kakinada). One hundred interviews were carried out among the fisherfolk population present in two mangrove zones in the study area, a wildlife sanctuary with strong conservation status and an adjacent zone. Results from the interviews indicated that Avicennia marina (Forsk.) Vierh., a dominant species in the Godavari mangroves, is used most frequently as firewood and for construction. Multiple products of the mangrove included the bark of Ceriops decandra (Griff.) Ding Hou to dye the fishing nets and improve their durability, the bark of Aegiceras corniculatum (L.) Blanco to poison and catch fish, and the leaves of Avicennia spp. and Excoecaria agallocha L. as fodder for cattle. No medicinal uses of true mangrove species were reported, but there were a few traditional uses for mangrove associates. Utilization patterns varied in the two zones that we investigated, most likely due to differences in their ecology and legal status. The findings are discussed in relation with the demographic and socio-economic traits of the fisherfolk communities of the Godavari mangroves and indicate a clear dependency of their livelihood on the mangrove forest. Reported changes in the Godavari mangrove cover also differed in the two zones, with significantly less perceptions of a decrease in the protected area, as compared to the adjacent non-protected area. A posteriori comparisons between sequential satellite imagery (retrospective till 1977) and respondents that were at least 15 years back then, revealed a mangrove decrease which was however perceived to different extents depending on the area with which the fishermen were familiar. While local needs had not been incorporated in the existing policy, we created a framework on how data on ethnobotanical traditions, fishery-related activities and local people's perceptions of change can be incorporated into management strategies.",10.1186/1746-4269-2-24,Jaureguiberry et al,,"anthro threats to mangrove biodiv presented.

ethnobotanical analysis (study of interations and use of plants within specific human culture and env); ","[""ELIGIBLE""]"
WOS:000418334200001,Long-term carbon sink in Borneo's forests halted by drought and vulnerable to edge effects,"Less than half of anthropogenic carbon dioxide emissions remain in the atmosphere. While carbon balance models imply large carbon uptake in tropical forests, direct on-the-ground observations are still lacking in Southeast Asia. Here, using long-term plot monitoring records of up to half a century, we find that intact forests in Borneo gained 0.43 Mg C ha(-1) per year (95% CI 0.14-0.72, mean period 1988-2010) above-ground live biomass. These results closely match those from African and Amazonian plot networks, suggesting that the world's remaining intact tropical forests are now en masse out-of-equilibrium. Although both pantropical and long-term, the sink in remaining intact forests appears vulnerable to climate and land use changes. Across Borneo the 1997-1998 El Nino drought temporarily halted the carbon sink by increasing tree mortality, while fragmentation persistently offset the sink and turned many edge-affected forests into a carbon source to the atmosphere.",10.1038/s41467-017-01997-0,Jaureguiberry et al,,"Forest loss (anthro driver) affecting forest biomas and biodiv. , i.e. long term carbon sink in borneo forests vulnerable to effects from deforestation","[""ELIGIBLE""]"
WOS:000401719600004,Identifying and quantifying environmental thresholds for ecological shifts in a large semi-regulated river,"Ecological shifts, between a clear macrophyte-dominated state and a turbid state dominated by phytoplankton and high inorganic suspended solids, have been well described in shallow lake ecosystems. While few documented examples exist in rivers, models predict regime shifts, especially in regulated rivers with high water retention time. Here I quantified ecological shifts in a large, semi-regulated floodplain river during a transition from a turbid-to a clear-water state using water quality, aquatic vegetation and fisheries data from a rigorous, standardized long-term data set. My findings indicate that significant changes occurred in total suspended solids concentration, aquatic macrophyte abundance, native and non-native fish biomass, fish functional feeding guild patterns, fish habitat guild assemblages and fish spawning guild assemblage patterns over a nearly 20-year period in Navigation Pool 8 of the Upper Mississippi River. Transitions in physical and biological indicators were examined to identify mechanisms underlying the ecological shifts. Environmental variables driving fish assemblage changes were identified (total suspended solids and aquatic vegetation) and management-relevant thresholds are presented. Awareness of management thresholds is critical for resource managers to implement measures to prevent the river from moving to a degraded state characterized by high non-native fish abundance and low predatory fish species abundance.",10.1080/02705060.2017.1319431,Jaureguiberry et al,,river regulation (anthro source) as driver of aquatic biodiv change,"[""ELIGIBLE""]"
WOS:000305461200004,Abiotic drivers of coastal fish community change during four decades in the Baltic Sea,"Evidence for long-term change of marine ecosystems is increasing worldwide. Coastal areas harbour the socio-economically and ecologically most vital aquatic ecosystems, but are under increasing anthropogenic pressure. Little is known, however, about how environmental perturbations affect the development of coastal systems. In this paper, datasets of coastal fish communities covering almost four decades (early/mid 1970s to 2008) in three different basins of the Baltic Sea were analysed. There were clear changes in species composition over time in all but one dataset and coherence among basins in the timing of change. Changes were mainly associated with variables related to climate (water temperature, salinity, and North Atlantic Oscillation index), but less so with those reflecting nutrient status (nutrient concentrations and loading). Despite the importance of local water temperature, regional climatic variables were more important for the temporal development of communities. The results indicate that Baltic coastal fish communities have undergone large structural changes governed by processes acting on both local and regional scales. The findings suggest that ecological targets should be set accounting for long-term changes in community structure and that a common management of coastal and offshore ecosystems would be beneficial.",10.1093/icesjms/fss072,Jaureguiberry et al,,changes in coastal fish community driven by abiotic factors (non living physical and chemical compon of ecosystem),"[""ELIGIBLE""]"
WOS:000185371200002,Conservation of Mediterranean temporary ponds under agricultural intensification: an evaluation using amphibians,"This study examined responses of amphibians breeding in Mediterranean temporary ponds to a gradient of agricultural intensification, aiming to identify land uses and management prescriptions favouring the conservation of these habitats in farmed landscapes. Larval amphibian assemblages and habitat attributes were sampled at 57 ponds, 10 of which had been converted into permanent irrigation reservoirs. Species richness increased with area and hydroperiod in temporary ponds, with the addition of rare species to ponds with long hydroperiods resulting in a tendency for the less widespread species (e.g. Triturus marmoratus and T. boscai) to occur in the most species-rich ponds, while species-poor ponds consisted predominantly of widespread species only (nested pattern). However, one species (Pelodytes punctatus) was largely restricted to the most ephemeral ponds, whereas permanent irrigation reservoirs were species-poor and lacked most species occurring in temporary waters. The strongest negative correlates of amphibian abundances were the intensification of agricultural land uses, the transformation of ponds into permanent reservoirs and the introduction of exotic predators (fish and crayfish) from the irrigation channels. The results suggest that conservation of temporary pond amphibian assemblages in Mediterranean farmland requires networks of ponds with diverse hydroperiods, where the natural hydrologic regimes, less intensive land uses and isolation from irrigation waters should be preserved. (C) 2003 Elsevier Ltd. All rights reserved.",10.1016/S0006-3207(03)00051-X,Jaureguiberry et al,,intensification gradient (range of how land use intensity increases from one point to other); response of amphibians to agri intensification gradient,"[""ELIGIBLE""]"
WOS:000414755500014,Inter-decadal changes in fish communities of a tropical bay in southeastern Brazil,"Long-term evaluations of coastal fish communities worldwide have in many cases showed a decrease in the species richness and abundance as a result of anthropogenic impacts. Fish communities in two zones (inner and outer) of a tropical bay in southeastern Brazil were sampled monthly during six years over two decades (1983-1985, 1993-1995, 1999-2001) using identical sampling methods. Over time, an increase in temperature and a decrease in water transparency were detected, while salinity remained stable. Fish assemblage was dominated by benthivorous species both migrant and resident species. The fish assemblage structure differed significantly between the two bay zones. Significant decreases in the fish richness, abundance and biomass were detected over time. The highest decreases in the species richness was recorded between 1983-1985 and 1993-1995 for the marine migrants in both bay zones and for the resident and marine straggler species in the outer zone. Dominant species such as the clupeoids Anchoa januaria, Anchoa tricolor, Harengula clupeola, the gerreid Eucinostomos argenteus, the sciaenid Micropogonias furnieri, the atherinopsid Atherinella brasiliensis and the ariid Genidens barbus decreased over time, whereas the mugilid Mugil liza increased. Persistent differences in the fish assemblage structure between the two bay zones over the three periods can be attributed at least in part to differences in environmental variables between the zones and seem to be a key ecological element to maintenance of biodiversity. This is the first study to examine long-term changes in the fish community of a tropical bay in Brazil. (C) 2015 Elsevier B.V. All rights reserved.",10.1016/j.rsma.2015.06.001,Jaureguiberry et al,,decrease in richness of fish communities from anthro impacts,"[""ELIGIBLE""]"
WOS:000646507600009,"Land use land cover dynamics and fragmentation-induced changes in woody plant community structure in a mining landscape, Ghana","The study assessed the dynamics of mining land use land cover changes and consequent fragmentation impacts on woody plant community structure in the Ahafo Region, Ghana. Landsat images were utilised to determine land use and cover changes using a supervised classification method. Plant community structure was determined within 60 (20 x 20 m) plots that were randomly laid in equal numbers in fragmented and intact forests. Our findings showed that the mining landscape experienced a substantial land use/cover change between 2003 and 2018, with considerable forest cover loss at the expense of increasing cover of plantation, settlement/bare surface, mine site, and waterbody. Woody plant species diversity was significantly lower in the fragmented forest around the mine. Likewise, fragmentation caused a shift in plant species composition in the fragmented forest, whose composition was less homogenised compared to the intact forest. Plant abundance did not differ significantly between the two forests, but it was invasive and cultivated tree species that increased the total abundance of woody plants in the fragmented forests. The mining landscape was dominated by an invasive alien species, Broussonetia papyrifera which poses an ecological threat to native species. In conclusion, our findings suggest that mining contributed to intense land use/cover dynamics and fragmentation that impaired woody plant community structure around the mine. There is the need to accord priority to management intervention that would seek to manage and conserve the remaining forest fragments and its biodiversity in the mining landscape.",10.1016/j.tfp.2021.100070,Keck et al,,impact of land use change and fragmentation on woodly plants community structure,"[""ELIGIBLE""]"
WOS:000226791700006,Are invasive species the drivers or passengers of change in degraded ecosystems?,"Few invaded ecosystems are free from habitat loss and disturbance, leading to uncertainty whether dominant invasive species are driving community change or are passengers along for the environmental ride. The driver model predicts that invaded communities are highly interactive, with subordinate native species being limited or excluded by competition from the exotic dominants. The passenger model predicts that invaded communities are primarily structured by noninteractive factors (environmental change, dispersal limitation) that are less constraining on the exotics, which thus dominate. We tested these alternative hypotheses in an invaded, fragmented, and fire-suppressed oak savanna. We examined the impact of two invasive dominant perennial grasses on community structure using a reduction (mowing of aboveground biomass) and removal (weeding of above- and belowground biomass) experiment conducted at different seasons and soil depths. We examined the relative importance of competition vs. dispersal limitation with experimental seed additions. Competition by the dominants limits the abundance and reproduction of many native and exotic species based on their increased performance with removals and mowing. The treatments resulted in increased light availability and bare soil; soil moisture and N were unaffected. Although competition was limiting for some, 36 of 79 species did not respond to the treatments or declined in the absence of grass cover. Seed additions revealed that some subordinates are dispersal limited; competition alone was insufficient to explain their rarity even though it does exacerbate dispersal inefficiencies by lowering reproduction. While the net effects of the dominants were negative, their presence restricted woody plants, facilitated seedling survival with moderate disturbance (i.e., treatments applied in the fall), or was not the primary limiting factor for the occurrence of some species. Finally, the species most functionally distinct from the dominants (forbs, woody plants) responded most significantly to the treatments. This suggests that relative abundance is determined more by trade-offs relating to environmental conditions (long-term fire suppression) than to traits relating to resource capture (which should most impact functionally similar species). This points toward the passenger model as the underlying cause of exotic dominance, although their combined effects (suppressive and facilitative) on community structure are substantial.",10.1890/04-0669,Keck et al,,habitat disturbances and IAS affecting community biodiversity,"[""ELIGIBLE""]"
WOS:000320791000002,"The introduction of Littorina littorea to British Columbia, Canada: potential impacts and the importance of biotic resistance by native predators","Although the establishment and spread of non-indigenous species depends upon survival in the face of novel environmental conditions and novel biological interactions, relatively little attention has been focused on the specific role of native predators in limiting invasion success. The European common periwinkle, Littorina littorea, was recently introduced to the Pacific coast of Canada and provides a case study of an introduction into an area with an important predator guild (sea stars) that is functionally minor in the invader's native habitat. Here, we assess the likelihood of establishment, spread, and negative ecological impact of this introduced gastropod, with an emphasis on the role of native sea stars as agents of biotic resistance. Size frequency distributions and local market availability suggest that L. littorea was most likely introduced via the live seafood trade. Non-native hitchhikers (e.g., the trematode Cryptocotyle lingua) were found on/in both market and field specimens. Laboratory studies and field observations confirmed that L. littorea can survive seasonal low salinity in Vancouver, British Columbia. Periwinkles also readily consumed native Ulva, suggesting that periwinkles could impact native communities via herbivory or resource competition. Unlike native gastropods, however, L. littorea lacked behavioural avoidance responses to Northeast Pacific predatory sea stars (Pisaster ochraceus and Pycnopodia helianthoides), and sea star predation rates on L. littorea were much higher than predation rates on native turban snails (Chlorostoma funebralis) in common garden experiments. We therefore expect periwinkle establishment in British Columbia to be limited to areas with low predator density, as is seen in its field distribution to date. We caution that this conclusion may understate the importance of the L. littorea introduction if it also serves as a vector for additional non-indigenous species such as C. lingua.",10.1007/s00227-013-2206-8,Keck et al,,intro of Littorina littorea (invasive) and biodiversity change,"[""ELIGIBLE""]"
WOS:000443567600013,"World's Largest Mass Bathing Event Influences the Bacterial Communities of Godavari, a Holy River of India","Kumbh Mela is one of the largest religious mass gathering events (MGE) involving bathing in rivers. The exponential rise in the number of devotees, from around 0.4 million in 1903 to 120 million in 2013, bathing in small specified sites can have a dramatic impact on the river ecosystem. Here, we present the spatiotemporal profiling of bacterial communities in Godavari River, Nashik, India, comprising five sites during the Kumbh Mela, held in 2015. Assessment of environmental parameters indicated deterioration of water quality. Targeted amplicon sequencing demonstrates approximately 37.5% loss in microbial diversity because of anthropogenic activity during MGE. A significant decrease in phyla viz. Actinobacteria, Chloroflexi, Proteobacteria, and Bacteroidetes was observed, while we noted substantial increase in prevalence of the phylum Firmicutes (94.6%) during MGE. qPCR estimations suggested nearly 130-fold increase in bacterial load during the event. Bayesian mixing model accounted the source of enormous incorporation of bacterial load of human origin. Further, metagenomic imputations depicted increase in virulence and antibiotic resistance genes during the MGE. These observations suggest the striking impact of the mass bathing on river ecosystem. The subsequent increase in infectious diseases and drug-resistant microbes pose a critical public health concern.",10.1007/s00248-018-1169-1,Keck et al,,mass bathing (anthro source) and impact of river bacterial communities,"[""ELIGIBLE""]"
WOS:000534700300001,"Urbanization alters the composition, but not the diversity and structure, of Neotropical savanna woody plant communities","Urbanization is one of the main drivers of environmental change and can result in drastic changes to the biodiversity and composition of plant communities. The objective of the present work was to investigate whether the structure, diversity and composition of Neotropical savanna woody plant communities differ among fragments immersed in urban, peri-urban and rural environments. The study was carried out in nine Neotropical savannas with distinct levels of urbanization in the municipality of Montes Claros, state of Minas Gerais, Brazil. A total of 469 woody individuals belonging to 76 species and 30 families of plants were sampled. The most specious families were the Fabaceae with seventeen species and the Vochysiaceae with eight. The most abundant species were Myracrodruon urundeuva in urban areas, Byrsonima pachyphyla in peri-urban areas and Hymenaea stigonocarpa in rural areas. The diversity (species richness, estimated species richness and Simpson diversity index) and structure (abundance, cover and height) of the plant communities under study did not vary in response to urbanization, although species composition experienced notable changes. The urban plant communities were very distinct from the rural plant communities. Furthermore, the dominant species were very different among the urban, peri-urban and rural areas. These findings demonstrate that urbanization affects Neotropical savanna species that are susceptible to anthropization. Furthermore, among the anthropogenic pressures related to urbanization, fragmentation and isolation seem to be the most influential determinants of the composition of Neotropical savanna communities.",10.1007/s12224-020-09366-4,Keck et al,,Effect on urbanization on composition of woody plant communities,"[""ELIGIBLE""]"
WOS:000701772800007,"A survey of benthic invertebrate communities in native and non-native seagrass beds in St. John, USVI","Halophila stipulacea, a seagrass native to the Indian Ocean, spread to the Caribbean in 2002. Few studies have explored the spatiotemporal distribution of H. stipulacea throughout the Caribbean and whether native invertebrates utilize this non-native seagrass as habitat. We surveyed the shallow, nearshore subtidal zones of four bays in St. John, US Virgin Islands over a two-year period to assess the abundance of both H. stipulacea and native seagrass species. We then surveyed macroinvertebrate communities in one bay with large areas of H. stipulacea, native seagrasses, and bare substrate to assess how macroinvertebrate species composition varied in these habitats. Our survey of the benthic macroinvertebrates revealed that: (1) native invertebrate species utilize H. stipulacea beds and (2) the density and richness of invertebrates was significantly higher in H. stipulacea beds compared to both native seagrass beds and bare substrate. Our results show that H. stipulacea is a common component of nearshore communities in St. John, USVI and that native invertebrates use H. stipulacea beds as habitat - results that agree with findings from other recent studies. While these findings indicate that native macroinvertebrate species can be abundant in non-native seagrass, further investigation, including experimental manipulations, preference tests, and surveys across broad spatial scales, are required to develop a robust understanding of the ecological impacts of this non-native grass.",10.1016/j.aquabot.2021.103448,Keck et al,,non-native seagrass invastion and its effect on benthic invertebrate communities,"[""ELIGIBLE""]"
WOS:000287448100010,Forest fragmentation drives Atlantic forest of northeastern Brazil to biotic homogenization,"Aim To examine whether the tree flora of the Atlantic forest of northeastern Brazil has experienced detectable taxonomic homogenization via the proliferation of native pioneer species in response to habitat loss and fragmentation. Location Biotic homogenization (BH) was examined across the Atlantic forest of northeast Brazil, i.e. a 56,000 km2 piece of tropical forest and a distinct centre of species endemism in South America. Methods We assessed a dataset consisting of 5122 tree records and compared the similarity of tree floras from 12 semi-natural sub-regions of the Atlantic forest between two time periods: pre-1980 (plant records between 1902 and 1980), and post-1980 (between 1981 and 2006). To understand the mechanisms leading to BH (1) tree floras were ordered (via non-metric multidimensional scaling - NMDS) by date (pre/post 1980) based on species occurrence and frequency, (2) NMDS axes were regressed against the proportion of those species that increased their occurrence post-1980 (i.e. the winner species), and (3) patterns of geographic distribution and frequency of particular life-history traits were examined across winner species and a control group. Results Tree floras across the Atlantic forest became c. 20-40% more similar to each other post-1980, but patterns of species similarity were also influenced by between-plot geographical distance. NMDS ordination clearly segregated pre- and post-1980 floras with a clear signal of floristic convergence. Furthermore, winner tree species were largely composed of short-lived and small-seeded pioneer species that exhibit wide geographic distributions. Main conclusions Our results suggest that tropical forest biotas are susceptible to taxonomic homogenization (i.e. increasing levels of similarity) in the context of severe human-disturbance via the proliferation of particular groups of native species comprised mainly by ecologically-plastic, generalist species. We are thus extending the concept of homogenization to address and highlight a pervasive biological shift in the structure of tropical forest communities currently taking place across hyper-fragmented landscapes.",10.1111/j.1472-4642.2010.00739.x,Keck et al,,forest fragmentation and its effect on atlantic forest biotic homgenization,"[""ELIGIBLE""]"
WOS:000376798800013,Biodiversity consequences of land-use change and forest disturbance in the Amazon: A multi-scale assessment using ant communities,"Quantifying and understanding the main drivers of biodiversity responses to human disturbances at multiple scales is key to foster effective conservation plans and management systems. Here we report on a detailed regional assessment of the response of ant communities to land-use change and forest disturbance in the Brazilian Amazon. We aimed to explore the effects of land-use intensification at both site and landscape scales, examining variation in ant species richness and composition, and asking which set of environmental variables best predict observed patterns of diversity. We sampled 192 sites distributed across 18 landscapes (each 50 km(2)) in Paragominas, eastern Brazilian Amazon, covering ca. 20,000 km(2). We sampled from undisturbed primary forest through varyingly disturbed primary forests, secondary forests, pastures and mechanised agriculture, following a gradient of decreasing total aboveground biomass. Irrespective of forest disturbance class, ant species richness was almost twice as high in forests when compared to production areas. In contrast, ant species composition showed continuous variation from primary forest to intensive agriculture, following a gradient of aboveground biomass. Ant species richness at all spatial scales increased with primary forest cover in the surrounding landscapes. We highlight the limited value of species richness as an indicator of changes in habitat quality, reinforcing calls to consider species composition in assessments of forest disturbance. Taken together, our results reveal the unique biodiversity value of undisturbed primary forests, but also show that disturbed primary forests and secondary forests have high conservation value, and thus play an important role in regional conservation planning. (C) 2016 Elsevier Ltd. All rights reserved.",10.1016/j.biocon.2016.03.005,Keck et al,,"Land use change, forest disturbances, and its impact on ant communities","[""ELIGIBLE""]"
WOS:000704969600011,"Diuron environmental levels effects on marine nematodes: Assessment of ecological indices, taxonomic diversity, and functional traits","Coastal marine systems are the most sensitive zones to emerging pollutants. The present study aims to investigate the effect of Diuron on the meiofaunal assemblages, collected from the Bizerte channel (Tunisia). Microcosm experiments were set up using four increasing Diuron concentrations [D1 (10 ng g-1 dry weight (DW)), D2 (50 ng g-1 DW), D3 (250 ng g-1 DW) and (1250 ng g-1 DW)] compared to non-contaminated sediments (controls) and all plots were incubated for 30 days. Our results show that Diuron-supplemented sediments provoked the significant decrease of meiofaunal abundance as well as a change in nematodes' diversity and structure composition. All univariate indices, as well as the cumulative k-dominance, were lower in the Diuron than the control plot. Additionally, the ordination of treatments according to the two-dimensional nMDS plots analysis showed a clear structural separation of the Diuron treated replicates from the controls based on the functional groups lists. These current data emphasize the utility of the use of biological traits in the detection of disturbances in the aquatic biotope.",10.1016/j.chemosphere.2021.132262,Keck et al,,diuron (herbicide pollutant) effects on marine nematode communities,"[""ELIGIBLE""]"
WOS:000369491500101,Disentangling the responses of boreal stream assemblages to low stressor levels of diffuse pollution and altered channel morphology,"Non-point diffuse pollution from land use and alteration of hydromorphology are among the most detrimental stressors to stream ecosystems. We explored the independent and interactive effects of morphological channel alteration (channelization for water transport of timber) and diffuse pollution on species richness and community structure of four organism groups in boreal streams: diatoms, macrophytes, macroinvertebrates, and fish. Furthermore, the effect of these stressors on stream condition was evaluated by Ecological Quality Ratios (EQR) from the national Water Framework Directive (WFD) assessment system. We grouped 91 study sites into four groups that were impacted by either diffuse pollution or hydromorphological alteration, by both stressors, or by neither one. Macroinvertebrate richness was reduced by diffuse pollution, whereas other biological groups were unaltered. Hydromorphological modification had no effect on taxon richness of any of the assemblages. Community structure of all groups was significantly affected by diffuse pollution but not by hydromorphology. Similarly, EQRs indicated negative response by diatoms, macroinvertebrates and fish to diffuse pollution, but not to hydromorphological alteration. Agricultural diffuse pollution thus affected species identities and abundances rather than taxonomic richness. Our results suggest that channelization of boreal streams for timber transport has not altered hydromorphological conditions sufficiently to have a strong impact on stream biota, whereas even moderate nutrient enrichment may be ecologically harmful. Controlling diffuse pollution and associated land use stressors should be prioritized over restoration of in-stream habitat structure to improve the ecological condition of boreal streams. (C) 2015 Elsevier B.V. All rights reserved.",10.1016/j.scitotenv.2015.12.031,Keck et al,,Diffuse pollution (from land to water) and channel morphology (shapes and structure of river channels) alteration effects on boreal assemblage,"[""ELIGIBLE""]"
WOS:000438220000023,Recovery of mammal diversity in tropical forests: a functional approach to measuring restoration,"Ecological restoration is increasingly applied in tropical forests to mitigate biodiversity loss and recover ecosystem functions. In restoration ecology, functional richness, rather than species richness, often determines community assembly, and measures of functional diversity provide a mechanistic link between diversity and ecological functioning of restored habitat. Vertebrate animals are important for ecosystem functioning. Here, we examine the functional diversity of small-to-medium sized mammals to evaluate the diversity and functional recovery of tropical rainforest. We assess how mammal species diversity and composition and functional diversity and composition, vary along a restoration chronosequence from degraded pasture to old-growth tropical rainforest in the Wet Tropics of Australia. Species richness, diversity, evenness, and abundance did not vary, but total mammal biomass and mean species body mass increased with restoration age. Species composition in restoration forests converged on the composition of old-growth rainforest and diverged from pasture with increasing restoration age. Functional metrics provided a clearer pattern of recovery than traditional species metrics, with most functional metrics significantly increasing with restoration age when taxonomic-based metrics did not. Functional evenness and dispersion increased significantly with restoration age, suggesting that niche complementarity enhances species' abundances in restored sites. The change in community composition represented a functional shift from invasive, herbivorous, terrestrial habitat generalists and open environment specialists in pasture and young restoration sites, to predominantly endemic, folivorous, arboreal, and fossorial forest species in older restoration sites. This shift has positive implications for conservation and demonstrates the potential of tropical forest restoration to recover rainforest-like, diverse faunal communities.",10.1111/rec.12582,Keck et al,,"recovery of mamal functional diversity in tropical forests; 

"" a functional shift from invasive, herbivorous, terrestrial habitat generalists and open environment specialists in pasture and young restoration sites""","[""ELIGIBLE""]"
WOS:000246343500015,"Community and species responses by birds to group retention in a coastal temperate forest on Vancouver Island, British Columbia","Group retention is a forest harvesting technique designed to sustain biodiversity and mitigate concerns regarding clearcut logging. It is characterized by retained forest patches that vary in number, size, spatial arrangement, and habitat attributes. We used birds to compare community composition and species abundance among clearcut, group retention, and uncut control forest treatments, and evaluated species' responses to percentage retention. The bird community in group retention was more similar to that in control forests than it was to the community in clearcuts. The probability of occurrence for many bird species typical of uncut control forests was related positively to percentage retention. A preliminary analysis of plot-level effects (i.e., amount of forest sampled) suggests that patch size may be more important than total amount of retention. (c) 2007 Elsevier B.V. All rights reserved.",10.1016/j.foreco.2007.03.002,Keck et al,,bird community response to harvesting and logging,"[""ELIGIBLE""]"
WOS:000351016900004,Effects of proximity to offshore fish farms over soft-bottom macrofauna,"Sea-cage fish farms impact the seabed within their immediate vicinity, potentially affecting recipient communities. We assessed whether proximity to three sea-cage fish farms at the Canary Islands altered patterns in the abundance, assemblage structure and richness of soft-bottom macrofauna. We related among-farm variability in dissimilarities in macrofaunal assemblage structure between seabeds beneath cages and controls to differences in hydrodynamics, production and seabed topography. Contrasting patterns of species abundances with varying proximity to fish farms were observed: some species decreased while other species increased their abundances with increasing distance at some farms. Although faunal assemblages at 0 m (i.e. beneath the cages) were different, in terms of assemblage structure, from those found at controls, pairwise differences in assemblage structure among distances away varied among the studied fish farms. Species richness showed inconsistent patterns with proximity to cages among fish farms. In summary, inconsistent patterns of macrofaunal assemblages with varying proximity to aquaculture facilities preclude confident predictions on the way offshore aquaculture alters macrofauna in the study region.",10.1017/S0025315414001386,Keck et al,,impact of fish farms (commercial controlled env) on soft-bottom macrofauna communitie,"[""ELIGIBLE""]"
WOS:000268196000007,Biodiversity recovery during rainforest reforestation as indicated by rapid assessment of epigaeic ants in tropical and subtropical Australia,"There is growing interest in the potential for reforestation to assist the recovery of rainforest biodiversity. There is also a need to identify taxonomically tractable groups for use as cost-effective indicators when monitoring the status of biodiversity within reforested sites. Insects are an important component of terrestrial biodiversity but often require considerable resources to sample at species level. Ant genera and generic-based functional groups have been suggested as possible indicators of environmental disturbance. Here we ask to what extent the development of biodiversity is indicated by epigacic ant genera and functional groups, across different types of reforestation in tropical and subtropical Australia. In each region, we used pitfall traps to sample the ants in replicate sites of: unmanaged regrowth, monoculture and mixed species plantations and 'ecological restoration' plantings, together with reference sites in pasture and rainforest. We recorded 35 epigaeic ant genera (and 4623 individuals) from 50 tropical sites, and 39 genera (and 9904 individuals) from 54 subtropical sites, with 47 genera overall. Community composition of both genera and functional groups differed between pasture and rainforest, although many genera were widespread in both. Reforested sites were intermediate between pasture and rainforest in both regions, and showed a gradient associated with decreasing grass and increasing tree and litter cover. Older monoculture plantations and ecological restoration plantings had the most rainforest-like ant assemblages, and mixed-species cabinet timber plots the least, of the reforested sites. We conclude that ground-active ant genera and functional groups sampled in rapid surveys by pitfall-trapping showed only a modest ability to discriminate among different types of reforestation. Species-level identification, perhaps together with expanded sampling effort, could be more informative, but would require resourcing beyond the scope of rapid assessments.",10.1111/j.1442-9993.2009.01943.x,Keck et al,,biodiversity recovery during rainforest reforestation (replanting trees and allowing natural regeneration),"[""ELIGIBLE""]"
WOS:000668739900006,Human encroachment into wildlife gut microbiomes,"In the Anthropocene, humans, domesticated animals, wildlife, and their environments are interconnected, especially as humans advance further into wildlife habitats. Wildlife gut microbiomes play a vital role in host health. Changes to wildlife gut microbiomes due to anthropogenic disturbances, such as habitat fragmentation, can disrupt natural gut microbiota homeostasis and make animals vulnerable to infections that may become zoonotic. However, it remains unclear whether the disruption to wildlife gut microbiomes is caused by habitat fragmentation per se or the combination of habitat fragmentation with additional anthropogenic disturbances, such as contact with humans, domesticated animals, invasive species, and their pathogens. Here, we show that habitat fragmentation per se does not impact the gut microbiome of a generalist rodent species native to Central America, Tome's spiny rat Proechimys semispinosus, but additional anthropogenic disturbances do. Indeed, compared to protected continuous and fragmented forest landscapes that are largely untouched by other human activities, the gut microbiomes of spiny rats inhabiting human-disturbed fragmented landscapes revealed a reduced alpha diversity and a shifted and more dispersed beta diversity. Their microbiomes contained more taxa associated with domesticated animals and their potential pathogens, suggesting a shift in potential metagenome functions. On the one hand, the compositional shift could indicate a degree of gut microbial adaption known as metagenomic plasticity. On the other hand, the greater variation in community structure and reduced alpha diversity may signal a decline in beneficial microbial functions and illustrate that gut adaption may not catch up with anthropogenic disturbances, even in a generalist species with large phenotypic plasticity, with potentially harmful consequences to both wildlife and human health. Fackelmann et al. study the gut microbial composition of spiny rats across tropical forests in Panama with varying levels of protection and fragmentation in order to disentangle the relative influences of habitat fragmentation and anthropogenic disturbance on wildlife gut microbiomes. They find that habitat fragmentation on its own did not affect the gut microbiome, but the microbiomes of individuals inhabiting forest fragments affected by anthropogenic disturbance displayed a shift in community composition and structure, and were more likely to have microbiota associated with domesticated animals and their pathogens.",10.1038/s42003-021-02315-7,Keck et al,,human encroachment via habitat fragmentation into wildlife gut microbiomes,"[""ELIGIBLE""]"
WOS:000070978100008,Field assessment of numerical impacts of coastal sewage disposal on fish larvae relative to natural variability,"Sewage disposal in aquatic environments can have significant impacts on assemblages of organisms. There have been few field investigations on effects of sewage disposal on fish larvae. Data on abundances of larvae, current velocities and the size and shape of sewage plumes from point-source shoreline outfalls off Sydney (Australia) indicated that alongshore currents could transport large numbers of fish larvae into plumes, potentially affecting their health. Assemblages of fish larvae in surface sewage plumes differed to those in distant shelf (control) waters, but no such impacts were detected for assemblages in subsurface (20 m depth) waters beneath plumes. No predictable negative or positive numerical responses of fish larvae to sewage disposal were detected. Abundances of fish larvae fluctuated greatly in space and throughout time, and responses appeared to vary between taxa, outfalls and sampling periods. However, the large inherent level of natural spatial and temporal variability in abundances of larvae confounded the detection of possible impacts. Future field investigations need to focus on effects of sewage disposal on the health and condition of fish larvae. Designs for future field-based studies are discussed.",10.1023/A:1007365232465,Keck et al,,coastal sewage (pollution) disposal impacts on fish larvae assemblages,"[""ELIGIBLE""]"
WOS:000236382600013,Response of meiofauna and nematode communities to increased levels of contaminants in a laboratory microcosm experiment,"This study was undertaken to assess the response of meiofauna and nematode (multispecies) associations in terms of density, diversity, and composition to different environmental contaminants and also to evaluate the use of meiofauna and nematodes as indicators in pollution monitoring. Sediment was collected from the mouth of the Swartkops River estuary and defaunated by successive freezing and thwarting. The sediment was then subdivided into flasks and treated with different contaminants (organic carbon, Zn, Cu, Ph, Fe) at different concentrations, before meiofauna-rich sediment was added to each of them. The setup was allowed to mature for 32 days. Various biological indices were used to assess the biological status of the nematode communities in the laboratory experiment. Nematode identification was done to the genus level. The results indicate that higher concentrations of heavy metals and organic carbon had an impact on the nematode density, diversity, and community structure. Nematode genera such as Axonolaimus, Theristus, and Paramonohystera were found to be tolerant to metal pollution. This study also observed that nematode communities react differently to metal and organic pollution. (c) 2005 Elsevier Inc. All rights reserved.",10.1016/j.ecoenv.2005.01.010,Keck et al,,"neiofauna and nematode responses (density, diversity, and composition) to environmental contaminants (pollution)","[""ELIGIBLE""]"
WOS:000302926400020,From forests to cattail: how does the riparian zone influence stream fish?,"The aim of this study was to verify whether taxonomic and functional composition of stream fishes vary under three different preservation conditions of riparian zone: preserved (PRE), intermediate condition (INT), and degraded (DEG). Five stream stretches representing each condition were selected. Samples were taken from each stream in three occasions during the dry seasons from 2004 to 2007. Electro fishing (PRE and INT), sieves, dip nets, and hand seines (DEG) were used according to the characteristics of each sampled site. Overall, 46 species were registered. Differences in the taxonomic and functional species composition among groups were found, following the condition of riparian zones. The ichthyofauna :;recorded in the PRE was typical to pristine environments, consisting of species with specialized habits, notably benthic insectivores, intolerant, and rheophilics. In the INT group, replacement of riparian forest with shrubs and/or grasses created environmental conditions which favor the occurrence of tolerant species but also harbor a residual fauna of sensitive species. DEG streams presented mostly detritivores, tolerant, small sized fishes which occupy the surface and preferred slow water flux. Changes in the species composition were represented by the occurrence and dominance of tolerant species in detriment of the more, sensitive and specialist species, following the gradient of degradation in the riparian zone. Forested streams act as unique habitats to many specialized species and it can be presumable that the degradation of riparian vegetation can generate biotic homogenization which may reduce species diversity and ecosystem services.",10.1590/S1679-62252012000100020,Keck et al,,riparian degradation (destruction or loss of vegetation and habitats along water bodies) and effect no fish composition ,"[""ELIGIBLE""]"
WOS:000296894900012,Effects of anthropogenic activities on lizard communities in northern Madagascar,"Madagascar is a biodiversity hotspot threatened by habitat loss, which is detrimental to the future survival of forest-dwelling herpetofauna. For conservation purposes, it is essential to determine how species respond to different types of anthropogenic habitat alteration. We conducted standardized field surveys (a variation of visual encounter survey) to assess species richness, abundance and diversity among forest, clear-cut and orchard habitat types in Montagne des Francais, north Madagascar. Forest sites proved to be very different from clear-cut and orchard sites with regards to habitat structure. Lizard species richness, abundance and diversity were significantly lower in clear-cut sites, with only 11% of the observed forest diversity recorded. This shift in species occurrence suggests that lizards are particularly sensitive to this type of habitat alteration. Orchard cultivation did not affect lizard species richness to the same extent, as 56% of the observed forest diversity was recorded in this habitat type. Furthermore lizard abundance was significantly higher in orchard habitat. These observations indicate that although anthropogenic activity can have an adverse effect on the lizard fauna of a given site, it will seldom lead to a total loss of diversity as species typical of pristine forest (specialists) are replaced by species adapted to secondary habitats (often generalists). Our results support the contention that anthropogenic habitat alteration can have a strong negative influence on lizard communities. Researchers should continue to identify which species may be lost or become more vulnerable in future (as a result of population decline) in response to anthropogenic habitat alteration.",10.1111/j.1469-1795.2011.00459.x,murphy et al,,effect of habitat loss on lizard communities,"[""ELIGIBLE""]"
WOS:000188294900011,Effects of long-term nutrient fertilisation and irrigation on the microarthropod community in a boreal Norway spruce stand,"Intensive nutrient fertilisation of forests has been suggested as a method to increase production of biofuels as a replacement for fossil fuels. We used a field experiment in a Norway spruce, Picea abies (L.) Karst., stand in northern Sweden to examine possible long-term effects of forest fertilisation on soil fauna (Oribatida, Mesostigmata, Collembola, predatory macroarthropods). Fertilisers had been applied annually for a period of 13 years, both in solid and liquid form, and N was added as ammonium nitrate (75-100 kg N ha(-1) per year). For comparison, control plots and plots receiving only irrigation were included. An autumn sampling showed soil fauna decreases in Plots receiving fertiliser in solid form, but increases in plots receiving liquid fertiliser. Clear shifts in community composition following both fertilisation methods were seen in Oribatida and Collembola, but species number and diversity were not significantly affected. This was probably due to increases in tolerant species that balanced decreases in other species. Liquid fertilisation had less negative effects on many species than fertilisation in solid form. Irrigation alone did not affect faunal abundances and had no effect on community composition of Oribatida and Collembola. The study indicates that intensive forest fertilisation will cause large shifts in soil microarthropod communities, but that species richness may remain unaffected. The risk of species loss will probably depend upon the size of the areas used for this purpose. (C) 2003 Elsevier B.V. All rights reserved.",10.1016/j.foreco.2003.07.012,murphy et al,,nutrient fertilisation effects on microarthropod community in boreal forest,"[""ELIGIBLE""]"
WOS:000281833700003,Experimental plant invasion reduces arthropod abundance and richness across multiple trophic levels,"Plant invasions are known to have negative impacts on native plant communities, yet their influence on higher trophic levels has not been well documented. Past studies investigating the effects of invasive plants on herbivores and carnivores have been largely observational in nature and thus lack the ability to tease apart whether differences are a cause or consequence of the invasion. In addition, understanding how plant traits and plant species compositions change in invaded habitats may increase our ability to predict when and where invasive plants will have effects that cascade to animals. To assess effects on arthropods, we experimentally introduced a non-native plant (Microstegium vimineum, Japanese stiltgrass) in a community re-assembly experiment. We also investigated possible mechanisms through which the invader could affect associated arthropods, including changes in native plant species richness, above-ground plant biomass, light availability and vegetation height. In experimentally invaded plots, arthropod abundance was reduced by 39%, and species richness declined by 19%. Carnivores experienced greater reductions in abundance than herbivores (61% vs 31% reduction). Arthropod composition significantly diverged between experimentally invaded and control plots, and particular species belonging to the abundant families Aphididae (aphids), Formicidae (ants) and Phalacridae (shining flower beetles) contributed the most to compositional differences. Among the mechanisms we investigated, only the reduction in native plant species richness caused by invasion was strongly correlated with total arthropod abundance and richness. In sum, our results demonstrate negative impacts of M. vimineum invasion on higher trophic levels and suggest that these effects occur, in part, indirectly through invader-mediated reductions in the richness of the native plant community. The particularly strong response of carnivores suggests that plant invasion could reduce top-down control of herbivorous species for native plants.",10.1111/j.1600-0706.2010.18382.x,murphy et al,,IAS invasion (experimental plant invasion) and its impact on arthropod abundance and richness across trophic levels,"[""ELIGIBLE""]"
WOS:000294460300002,The effects of land-use change on arthropod richness and abundance on Santa Maria Island (Azores): unmanaged plantations favour endemic beetles,"We study how endemic, native and introduced arthropod species richness, abundance, diversity and community composition vary between four different habitat types (native forest, exotic forest of Cryptomeria japonica, semi-natural pasture and intensive pasture) and how arthropod richness and abundance change with increasing distance from the native forest in adjacent habitat types in Santa Maria Island, the Azores. Arthropods were sampled in four 150 m long transects in each habitat type. Arthropods were identified to species level and classified as Azorean endemic, single-island endemic (SIE), native, or introduced. The native forest had the highest values for species richness of Azorean endemics, SIEs and natives; and also had highest values of Azorean endemic diversity (Fisher's alpha). In contrast, the intensive pasture had the lowest values for endemic and native species richness and diversity, but the highest values of total arthropod abundance and introduced species richness and diversity. Arthropod community composition was significantly different between the four habitat types. In the semi-natural pasture, the number of SIE species decreased with increasing distance from the native forest, and in the exotic forest the abundance of both Azorean endemics and SIEs decreased with increasing distance from the native forest. There is a gradient of decreasing arthropod richness and abundance from the native forest to the intensive pasture. Although this study demonstrates the important role of the native forest in arthropod conservation in the Azores, it also shows that unmanaged exotic forests have provided alternative habitat suitable for some native species of forest specialist arthropods, particularly saproxylic beetles.",10.1007/s10841-010-9330-2,murphy et al,,land use change effects on arthropod richness in azores,"[""ELIGIBLE""]"
WOS:000257412900003,The impact of land-use change on larval insect communities: Testing the role of habitat elements in conservation,"Conservationists have proposed that maintaining key elements of the original land-cover type in modified landscapes may mitigate the detrimental effects of land-cover change on residual species. We tested this hypothesis for aquatic insect communities in tank-forming bromeliads in forested and non-forested habitats in Costa Rica. Bromeliad tanks hold much of the standing water in this region and therefore provide an important resource for insects with aquatic larval stages. We quantified the relative importance of land-use type and the bromeliad-specific local environment on the insect community, and also the effect of land-use type on this local environment. Insect species responded to both land-use type and the local environment, with these variables explaining a total of 36% of species densities. The local environment independently explained 19% of insect densities, while land-use type explained 17%, mainly through its modification of the local environment. Local environmental conditions were strongly correlated to land-use type (r(2) = 0.64), with non-forest habitat having a higher average temperature, a greater variation in temperature, and a lower density of bromeliads. Our results indicate that the land-use type in which bromeliads occur influences the relative densities of insects by altering the local environment of bromeliads. Therefore, maintaining bromeliads under land-use conversion will not necessarily maintain the bromeliad insect community of the original forested habitat.",10.2980/15-2-3098,murphy et al,,land use change impact on larval insect communities,"[""ELIGIBLE""]"
WOS:000208663500002,Reduction of riparian arthropod abundance and diversity as a consequence of giant reed (Arundo donax) invasion,"The non-indigenous perennial grass, Arundo donax, is an aggressive invader of riparian areas throughout California and many sub-tropical regions of the world, and is hypothesized to provide poorer quality habitat for native wildlife in riparian systems. We sampled aerial and ground-dwelling insects and other terrestrial arthropods associated with Arundo, native willow vegetation (Salix spp.), and mixtures of the two vegetation types during two seasons to determine how Arundo influences invertebrate composition in a low gradient stream in central California. The total number of organisms, total biomass and taxonomic richness of aerial invertebrates associated with native vegetation was approximately twice that associated with Arundo vegetation, while mixed vegetation supported intermediate arthropod levels. Shannon-Weaver (Weiner) diversity associated with native vegetation stands was also higher than that of Arundo vegetation. Ground-dwelling assemblages did not show differences as great as aerial assemblages which are more critical to foraging avian species. These results indicate that vegetation type is a significant factor reducing the abundance and diversity of invertebrates in this, and presumably in many other riparian ecosystems where this invasive species has become a dominant component. Arundo invasion changes the vegetation structure of riparian zones and in turn, may increasingly jeopardize its habitat value for birds and other wildlife whose diets are largely composed of insects found in native riparian vegetation.",10.1023/A:1026190115521,murphy et al,,giant reed (IAS) invasion is reducing riparian arthropod abundance and diversity,"[""ELIGIBLE""]"
WOS:000276509400029,Non-native grass invasion alters native plant composition in experimental communities,"Invasions of non-native species are considered to have significant impacts on native species, but few studies have quantified the direct effects of invasions on native community structure and composition. Many studies on the effects of invasions fail to distinguish between (1) differential responses of native and non-native species to environmental conditions, and (2) direct impacts of invasions on native communities. In particular, invasions may alter community assembly following disturbance and prevent recolonization of native species. To determine if invasions directly impact native communities, we established 32 experimental plots (27.5 m(2)) and seeded them with 12 native species. Then, we added seed of a non-native invasive grass (Microstegium vimineum) to half of the plots and compared native plant community responses between control and invaded plots. Invasion reduced native biomass by 46, 64, and 58%, respectively, over three growing seasons. After the second year of the experiment, invaded plots had 43% lower species richness and 38% lower diversity as calculated from the Shannon index. Nonmetric multidimensional scaling ordination showed a significant divergence in composition between invaded and control plots. Further, there was a strong negative relationship between invader and native plant biomass, signifying that native plants are more strongly suppressed in densely invaded areas. Our results show that a non-native invasive plant inhibits native species establishment and growth following disturbance and that native species do not gain competitive dominance after multiple growing seasons. Thus, plant invaders can alter the structure of native plant communities and reduce the success of restoration efforts.",10.1007/s10530-009-9546-9,murphy et al,,non native grass invasion is altering native plant composition,"[""ELIGIBLE""]"
WOS:000243104300011,Seagrass habitat disturbance:: how loss and fragmentation of eelgrass Zostera marina influences epifaunal abundance and diversity,"Seagrass habitats commonly display evidence of anthropogenic disturbances such as propeller scars, mooring and anchor damage, trampling, and plant harvesting. These physical disturbances may lead to habitat loss and fragmentation, yet effects of this habitat removal on seagrass epifaunal communities are not well understood. We investigated how the degree of eelgrass Zostera marina L. loss influenced the abundance, diversity, and community composition of epifauna within experimental seagrass plots in San Diego Bay, California, USA. We established replicate small (4 m(2)) and large (16 m(2)) plots within existing eelgrass habitat, and removed all aboveground and belowground plant material within randomly chosen cells to establish 4 to 6 levels of eelgrass clearing. We then sampled for epifauna up to 8 wk after eelgrass harvesting. We found no correlations between seagrass loss and epifaunal species richness, total epifaunal density or epifaunal diversity in small plots. In large plots, however, plots with 90% habitat removal had significantly lower epifaunal species richness and total epifaunal density than plots with 0, 10 or 50% habitat removal, suggesting that beyond a threshold level of eelgrass disturbance, species richness and abundance rapidly decline. Multivariate ordinations revealed that the 90% removal plots also had significantly different species composition than plots with less habitat loss. Our results support previous theoretical models predicting threshold levels of habitat loss for faunal communities and broaden our understanding of the response of marine epifauna to seagrass habitat degradation.",10.3354/meps326133,murphy et al,,sea grass habitat disturbance affecting epifaunal abundance and diversity,"[""ELIGIBLE""]"
WOS:000178213200007,Fertilization with nitrogen and phosphorus increases abundance of non-native species in Hawaiian montane forests,"We examined the effects of fertilization on the diversity, abundance, and cover of the understory plant community of two montane wet forests in Hawaii. One site occupies a young substrate, where aboveground tree growth is limited by nitrogen (N), while the other site is on an older substrate, where aboveground tree growth is limited by phosphorus (P). Both sites contained an on-going, long-term factorial fertilization experiment in which plots were fertilized semi-annually with N, P, or N and P in combination. In each fertilization treatment, we measured density of species greater than or equal to0.5 m tall and percent cover of species <0.5 m tall. Fertilization with N reduced species richness at the young, N-limited site, but none of the nutrient additions altered species richness at the older, P-limited site. Species diversity and evenness were not affected by fertilization at either site. At the site with low N availability, plots fertilized with NP had higher densities of the non-native ginger Hedychium gardnerianum, and at the site with low P-availability, densities of the exotic shrub Rubus argutus were higher in P- and NP-fertilized plots. Other effects included declines in moss cover with fertilization at both sites, and reduced abundance of native seedlings in response to N and NP addition at the N-limited site. Continued long-term fertilization could lead to greater dominance of non-native species by encouraging their growth at the expense of native species, which may suffer decreased recruitment as fertilization and increased abundance of the non-native species may reduce suitable substrates for seedling establishment.",10.1023/A:1020332824836,murphy et al,,fertilization increases abundance of non-native species in forests,"[""ELIGIBLE""]"
WOS:000182948500002,"Effects of the exotic macrophyte, para grass (Urochloa mutica), on benthic and epiphytic macroinvertebrates of a tropical floodplain","1. We examined the effect of the exotic macrophyte, para grass (Urochloa mutica ), on benthic and epiphytic macroinvertebrates of a tropical floodplain in northern Australia. Macroinvertebrates were sampled from four grass communities: (1) para grass, (2) hymenachne (Hymenachne acutigluma ), a native perennial; (3) rice (Oryza meridionalis ), a native annual, and (4) areas where para grass had been sprayed with herbicide. 2. Macroinvertebrate richness, abundance and community similarity showed very few differences among the grass communities, particularly in the epiphytic habitat. Benthic invertebrates showed some differences among grasses, with lower richness and abundance and different community structure associated with hymenachne. Herbicide control of para grass had no apparent effect on benthic invertebrates but reduced the abundance of epiphytic invertebrates in the short term. 3. The results of this study indicate that para grass has very little impact on macroinvertebrate communities, despite the changes to macrophyte communities. This is probably because para grass has similar physical structure to the native grasses and because none of these grasses contribute directly to aquatic food webs. Control of para grass using herbicide has little impact on aquatic invertebrates. This suggests that predicting the impact of weed invasion in wetlands requires an understanding of both the functional properties of macrophytes and the habitat preferences of the macroinvertebrates.",10.1046/j.1365-2427.2003.01072.x,murphy et al,,exotic macrophyte para grass (IAS) effects on benthic communities,"[""ELIGIBLE""]"
WOS:000247228800011,Species groups occupying different trophic levels respond differently to the invasion of semi-natural vegetation by Solidago canadensis,"We studied the impact of the invasive plant species Solidago canadensis on the species richness of vascular plants and the abundance, species richness and diversity of butterflies, hoverflies and carabid beetles in herbaceous semi-natural habitats near Ljubljana, Slovenia. The species groups were sampled in sites dominated by S. canadensis and paired nearby sites covered by semi-natural vegetation. Plant species richness and species richness, abundance and diversity of butterfly species were lower in plots dominated by S. canadensis. Hoverfly abundance, diversity and species richness were negatively affected only in July just before the onset of flowering of S. canadensis, but tended to be positively affected in August during the height of flowering of S. canadensis. Only the abundance of carabid beetles was reduced in plots dominated by S. canadensis. The responses of the insect groups seem largely driven by the effects of Solidago on the availability of essential resources like food or larval host plants. Our results suggest that insect species that are closely related to plant species composition are more vulnerable to the effects of invasive plant species than those that are loosely or only indirectly related to plant species composition. (c) 2007 Elsevier Ltd. All rights reserved.",10.1016/j.biocon.2007.01.005,murphy et al,,"solidago canadensis (IAS) impact on plant, butterfly, hoverfly, carabid beetle diversity","[""ELIGIBLE""]"
WOS:000225858000003,Influence of habitat fragmentation and crop system on Columbia Basin shrubsteppe communities,"Crop production in much of the western United States has caused extensive fragmentation of shrubsteppe and other grasslands and has increased regional levels of disturbance through repeated tillage of crop fields and applications of agrochemicals. Although there have been numerous studies of the effects of fragmentation on arthropods in forests, old fields, and cropland, there have been very few studies of fragmentation effects on grassland arthropods. I conducted a two-year study in the Columbia Basin region of the U.S. Pacific Northwest to determine the effects of fragmentation and regional disturbance on shrubsteppe communities. I sampled plants and arthropods in 20 shrubsteppe fragments associated with annual crops, 20 fragments associated with perennial crops, and 20 large sections of shrubsteppe distant from crop fields. Fragments were corners of crop irrigation circles, and only sites that were undisturbed, with an apparent high coverage of shrubs, were included in the study. Results indicated no significant differences in coverages of shrubs, perennial grasses, total perennial forbs, total annual/biennial forbs, and species richness of grasses and shrubs between fragments and large sections of shrubsteppe. Mean percent coverage of the annual grass Bromus tectorum was 18.6% greater in small fragments than in large sections of shrubsteppe distant from crop fields, and mean coverage of bare ground was 22.9% higher and coverage of biological soil crusts was 41.5% lower in the fragments than in large shrubsteppe sections. Shrubsteppe fragments had significantly lower abundances of obligate herbivores, omnivores, total herbivores, obligate predators, total predators, plant detritivores, total detritivores, and butterflies, as well as fewer individuals of numerous other taxa within these trophic groups. Fragmentation had very little effect on species richness within trophic groups, probably because fragments were not that isolated from each other and large sections of shrubsteppe. Shrubsteppe communities that were next to highly disturbed annual crops had greater coverages of total annual/biennial forbs, and lower coverages of total perennial forbs and biological soil crusts when compared to shrubsteppe near perennial crops. Abundances of obligate herbivores, omnivores, total predators, plant detritivores, vertebrate-detritus feeders, and bees were similar in shrubsteppe near annual crops and near perennial crops. However, within these trophic groups, shrubsteppe near annual crops supported fewer obligate shrub-feeding grasshoppers, herbivorous ground beetles, harvestmen, antlions, darkling beetles, and butterflies than did shrubsteppe near perennial crops. The results suggest that a reduction in resources within fragments and regional disturbances caused by the production of annual crops were responsible for changes in arthropod trophic structure in fragments. Changes in trophic structure were probably not due to reductions in habitat heterogeneity or habitat isolation because plant community structure was similar in fragmented and unfragmented shrubsteppe, and fragments were not isolated from large sections of shrubsteppe.",10.1890/03-5249,murphy et al,,habitat fragmentation and crop system effects on arthropod communities,"[""ELIGIBLE""]"
WOS:000310464500014,"Plant invasion impacts on arthropod abundance, diversity and feeding consistent across environmental and geographic gradients","Exotic plant invasion not only changes native plant communities, it also alters associated arthropod community diversity and structure. These impacts often are contradictory and context-specific by study location. M. vimineum is an Asian grass currently invading the eastern United States that generally escapes herbivory. The invasion impacts on arthropod communities are mixed, and the effects on arthropod food webs are largely unknown. Because M. vimineum has a unique delta C-13 value, its carbon flow can be resolved from native plants in recipient food webs. We investigate arthropod communities at M. vimineum-invaded sites along a 100-km geographic and environmental gradient in the southeastern U.S. We investigate M. vimineum impacts on arthropod abundance and diversity, how M. vimineum-derived carbon contributes to arthropod biomass and how environmental variation modifies invasion effects on arthropod communities. We find that M. vimineum invasion corresponds with increased arthropod diversity and abundance, but reduced evenness. Herbivore damage to leaves is equivalent between native species and M. vimineum, but the type of herbivore damage is not the same between the native and invader plants. We also find that herbivores derive 37 % of their biomass-carbon from the exotic plant but predators almost none (4 %). Detritivores derive exotic carbon (9 %) proportional to M. vimineum in the litter layer. Whereas exotic plant impacts on arthropod communities often seem idiosyncratic by site, we find no context-dependent invasion effects of M. vimineum by study location. The consistency suggests that the impacts may be broadly generalizable, at least within well-established parts of the invasion range.",10.1007/s10530-012-0258-1,murphy et al,,plant invasion impacts on arthropod community diversity and food webs,"[""ELIGIBLE""]"
WOS:000280973100010,Experimental introduction of the alien plant Hieracium lepidulum reveals no significant impact on montane plant communities in New Zealand,"Aim There is debate over whether alien plants necessarily alter the communities they invade or can coexist with native species without discernable impacts. We followed the fate of montane plant communities in response to the experimental sowing of the alien weed Hieracium lepidulum, looking for changes in plant community composition and structure over 6 years. Location Craigieburn Range, New Zealand. Methods We used a replicated randomised block design, with 30 x 30 cm plots (n = 756) subdivided into 5 x 5 cm cells to examine and compare the effects of H. lepidulum at 0.09 m2 (plot) and 0.0025 m2 (cell) scales. Plots were sown with between 0 and 15,625 H. lepidulum seeds in 2003, forming gradients of invader density and cover. Measurements comprised community richness, evenness and diversity along with H. lepidulum density and cover at both scales. The relationships between the invader and local community attributes were modelled using hierarchical mixed-effect models. Results Plant communities differed in the extent to which they became invaded, with H. lepidulum cover in the plots ranging from 0% to 52%, with a mean of only 1.89%. Plot species richness increased from 2003 to 2009, with a component of this increase (+0.002 species per year) associated with increasing H. lepidulum density. Other relationships between the plant community and H. lepidulum were generally non-significant. Main conclusions In these montane plant communities, it appears H. lepidulum coexists with the native community with no measurable negative effects after 6 years on species richness, evenness or diversity, even where density and cover of the invader are highest. We suggest H. lepidulum has persisted preferentially at those sites with abiotic conditions sufficient to support a species-rich assemblage.",10.1111/j.1472-4642.2010.00684.x,murphy et al,,experimental introduction of alien plant with no significant impact on montane communities,"[""ELIGIBLE""]"
WOS:000276425400006,Invasive alien goldenrods negatively affect grassland bird communities in Eastern Europe,"Invasive alien plants constitute a major threat to local biodiversity. Moreover, their appearance often coincides with land use change. Many endangered groups of organisms suffer from habitat loss, which is often a consequence of the invasion of alien plants This paper examines how invasive alien goldenrods Solidago spp affect the richness of endangered grassland bird species and numbers of breeding pairs in abandoned meadows in southern Poland. Meadows invaded by goldenrods (n = 15) had lower bird spedes richness and a lower number of breeding pairs than meadows in which goldenrods were absent (n = 15) Two important factors positively influencing bird species richness were meadow area and shrub density (the latter only in meadows without goldenrods). Moreover, both the index of potential food density (number of butterflies) and plant species richness were much lower in meadows invaded by goldenrods than in meadows without these plants Urgent action aimed at preventing the invasion of alien goldenrods in abandoned meadows is needed and such measures should involve regular mowing Our results also highlight the fact that land abandonment in Central and Eastern Europe is not necessarily as beneficial for biodiversity as it is commonly believed and it may even lead to a decrease in the populations of several bird species in the agricultural landscape. (C) 2009 Elsevier Ltd. All rights reserved.",10.1016/j.biocon.2009.12.030,murphy et al,,goldenrods (IAS) negatively affecting grassland bird communities,"[""ELIGIBLE""]"
WOS:000258413600018,Compositional and functional stability of arthropod communities in the face of ant invasions,"There is a general consensus that the diversity of a biotic community can have an influence on its stability, but the strength, ubiquity, and relative importance of this effect is less clear. In the context of biological invasions, diversity has usually been studied in terms of its effect on a community's invasibility, but diversity may also influence stability by affecting the magnitude of compositional or functional changes experienced by a community upon invasion. We examined the impacts of invasive ants on arthropod communities at five natural area sites in the Hawaiian Islands, and assessed whether differences among sites in community diversity and density variables were related to measures of stability. Ant invasion was usually associated with significant changes in overall community composition, as measured by Bray-Curtis distances, particularly among endemic subsets of the communities. Changes in mean species richness were also strong at three of the five sites. Among sites, diversity was negatively related to stability as measured by resistance to overall compositional change, but this effect could not be separated from the strong negative effect of invasive ant density on compositional stability. When compositional stability was measured as proportional change in richness, the best predictor of stability among endemic community subsets was endemic richness, with richer communities losing proportionately more species than species-poor communities. This effect was highly significant even after controlling for differences in invasive ant density and suggested that communities that had already lost many endemic species were resistant to further species loss upon ant invasion, while more intact communities remained vulnerable to species loss. Communities underwent strong but idiosyncratic functional shifts in association with ant invasion, both in terms of trophic structure and total arthropod biomass. There were no apparent relationships, however, between functional stability and community diversity or density measures. Instead, invasive ant density was the best among-site predictor of the magnitude of functional change. Overall, diversity appeared to be a poor predictor of stability in the face of ant invasion in these communities, possibly because any actual diversity effects were overshadowed by community-specific factors and variation in the magnitude of the ant-mediated perturbation.",10.1890/07-1293.1,murphy et al,,ant invasions impact on arthropod community,"[""ELIGIBLE""]"
WOS:000275033500012,Assessing impacts of introduced aquaculture species on native fish communities: Nile tilapia and major carps in SE Asian freshwaters,"Herbivorous or omnivorous tilapia and carp species form the backbone of tropical inland aquaculture and fisheries enhancement and have been introduced widely outside their natural ranges. Perceptions of their impact on native fish faunas vary widely, but there have been few rigorous assessments. To quantify the impact of tilapia and carp stocking on native fish communities in freshwater wetlands of the Mekong region, we conducted observational and experimental impact-control studies replicated at the wetland level, at a total of 46 sites in Lao PDR. The studies were designed as paired comparisons of wetlands where the nonnative species (Nile tilapia Oreochromis niloticus, mrigal Cirrhinus cirrhosus, rohu Labeo rohita and bighead carp Hypophthalmichthys nobilis) were stocked in substantial numbers with similar wetlands where the species were absent. Stocking of these non-native species was associated with significant increases in total fish biomass, by 180% in the observational study and by 49% in the experiment. Native fish biomass was not affected by stocking of the non-native species. No significant impacts on native fish species richness, diversity indices, species composition or feeding guild composition were detected, except for moderately negative effects on Simpson diversity and equitability in the observational study. In the experiment, no effect had a point estimate exceeding -14%, or a 95% confidence limit exceeding -35% of the non-impacted value. Use of these non-native tilapia and carp species in fisheries enhancement in mainland SE Asia supported substantial increases in harvestable biomass while having only mild impacts on native fish communities. Escapes of the same species from pond and cage aquaculture facilities are likely to result in lower biomass in the wild and have lower impacts than enhancement stocking. We encourage building on our results through a systematic and stakeholder-participatory evaluation of the significance and acceptability of benefits and risks associated with the use of these non-native species. This evaluation should be extended to the relative benefits and risks of replacing non-native species with native ones in aquaculture and enhancement, considering that risks associated with using the current set of non-native species are increasingly well known and appear mild-to-moderate, whilst ecological and genetic risks of releasing domesticated types of native species are poorly known. (C) 2009 Elsevier B.V. All rights reserved.",10.1016/j.aquaculture.2009.11.022,murphy et al,,"tilapia, carps (IAS) impact on native fish communities","[""ELIGIBLE""]"
WOS:000224463400005,"Refugia and local controls: Benthic invertebrate dynamics in Lower Green Bay, Lake Michigan following zebra mussel invasion","In many aquatic ecosystems benthic invertebrate abundance has increased following zebra mussel (Dreissena polymorpha) invasion. We examine the impact of zebra mussel density on the abundance and distribution of benthic invertebrates and postulate refuge from predation as a mechanism for the increases we found in some taxa. Benthic invertebrates in zebra mussel druses and in adjacent sediment samples were surveyed at sites in six locations representing various trophic conditions in lower Green Bay. Mean invertebrate density and taxa richness were significantly higher in the druses than in the adjacent sediment. Species diversity in the druses was inversely correlated to turbidity over the study area. Sediment samples were dominated by oligochaetes and chironomids. Amphipods were the most abundant taxa in most, but not all, of the druse samples. Other taxa present included leeches, hydra, mayflies, and caddisflies. The effectiveness of druses as refuge from predation for amphipods was investigated under laboratory conditions with various predators (perch, round goby, and rusty crayfish). In mesocosms, predation losses averaged 75% lower where zebra mussels were present. In the absence of mussels, predation loss to perch and round goby was 100% and 66% to crayfish. We conclude that the increased abundance of other invertebrates in druses in lower Green Bay may be due to increased refugia, however the assemblage composition at any given site varies with local conditions.",10.1016/S0380-1330(04)70356-1,murphy et al,,Zebra mussel (IAS) impact on benthic invertebrate abundance and distribution,"[""ELIGIBLE""]"
6,Mangroves of the Sunda Shelf,"The 'Mangroves of the Sunda Shelf' is a regional ecosystem subgroup (level 4 unit of the IUCN Global Ecosystem Typology in the Sunda Shelf province. It includes intertidal forests and shrublands of the marine regions of the Malacca Straits, Gulf of Thailand, southern Viet Nam and the Sunda Shelf/Java Sea. This provincehas a tropical climate with protracted rainfall that provides very favourable conditions for mangroves. The rich mangrove biota includes 49 species of true mangrove plants and many mangrove-associated taxa. Five mangrove species are in the IUCN Red List of threatened species.Mangroves in the Sunda Shelf provincehad a mapped extent in 2020 of 12,350 km2, representing 8.4% of the global mangrove resource by area. The main threats to mangroves are conversion for agricultural and aquaculture use, or for coastal infrastructure development. These practices impact on the remaining mangroves through coastal erosion,  land  subsidence  and  pollution.  Climate  change  (especially  sea-level  rise)  is  an  additional  and  serious threat.Today the Sunda Shelf mangroves cover ≈ 35% less than our broad estimations for 1970, based on country level studies;  however,  the  rate  of  area  loss  slowed to -4.8%  from  1996  to  2020 and  has  decelerated  further  since 2010. The Sunda Shelf mangrove area is estimated to decrease by 13.7% over the next 50 years. Moreover, we estimate  that  3.4%  of  the  mangroves  are  undergoing  degradation,  and  this  could  rise  to  10%  over  a  50-year period, based on an analysis of the decay of vegetation indexes. These estimates are very conservative; however, no other data sources were available to measure environmental degradation at the provincelevel. More than 30% of the Sunda Shelf mangrove extent could be submerged by 2070 due to sea-level rise. Overall, the Sunda Shelf mangrove ecosystem is assessed as Vulnerable (VU) under subcriteria A1 and C2.VU",na,RLE Database,,"anthro threats (land conversion, aquaculture, pollution) to mangrove biodiversity documented","[""ELIGIBLE""]"
4,Mangroves of The Bay of Bengal,"Mangroves of the Bay of Bengal is a regional ecosystem subgroup (level 4 unit of the IUCN Global Ecosystem Typology) spanning parts of South and Southeast Asia. It includes coastal areas of eastern India, Bangladesh, and northern and central Myanmar, and contains one of the largest single mangrove ecosystems in the world: the Sundarbans.Mangroves dominate along the extensive coastal waterways of the Ganges-Brahmaputra and Ayeyarwady deltas in  India-Bangladesh  and  Myanmar,respectively.  They  occur  on  mainly  coastal  alluvial  sediments  deposited  by these  and  other  river  systems.  Their  mapped  extent  in  2020  was  10,250  km2,  representing  7%  of  the  global mangrove area. The Bay of Bengal provincemangroves are threatened by highpopulation pressure and intense natural resources use, including mangrove-associated fisheries and conversion to agriculture or aquaculture. Mangrove degradation and  conversion  have  caused  serious  coastal  erosion.  Destructive  cyclones  exacerbated  by  climate  change  also cause  coastal  erosion  and  damage  to  mangroves,  while  reduced  freshwater  flows  and  salinity  intrusion  in  the Sundarbans are threatening salt-sensitive mangrove tree species like Heritiera formes. This species is classified as Endangered (EN) by IUCN, whileBruguiera hainesiiand Sonneratia griffithiiare Critically Endangered (CR).Today the Bay of Bengal mangroves cover ≈8% less than our broad estimation for 1970. The rate of decline has slowed since 2015 and, if the present rate persists, an overall decrease of -12% is projected over the next 50 years. However, they are expected to be resilient to even extreme sea-level rise scenarios, due to high sediment supply and vertical accretion. We estimate that 5% of the Bay of Bengal mangroves are undergoing degradation. This value could rise to 15% over a 50-year period based on decay of vegetation indexes. Overall, the Bay of Bengal mangrove ecosystem is assessed as Least Concern (LC).",na,RLE Database,,mangroves of bay of bengal ecosystem under anthropogenic threats,"[""ELIGIBLE""]"
22,Assessing ecosystem collapse risk in ecosystems dominated by foundation species: The case of fringe mangroves,"Ecosystem collapse, i.e. the endpoint of ecosystem decline, is a central concept of IUCN Red List of Ecosystems (RLE) assessments and the identification of ecosystems most vulnerable to global environmental change. Estimating collapse risk can be challenging for ecosystems reliant on a few dominant species to perform most of their functions because the range of suitable and feasible indicators is small. This study investigates the robustness and adequacy of the current RLE approach for risk assessments in such ecosystems, using a fringe mangrove ecosystem as a case study. Following the RLE protocol, we constructed a conceptual model of the key ecosystem processes for the Philippines’ fringe mangrove forests. Satellite remote sensing data and existing maps of mangrove forests were then combined to assess the spatial distribution of the ecosystem considered (Criteria A and B), while the Normalized Difference Vegetation Index was used to assess biotic degradation (Criterion D). Insufficient data were available to assess Criteria C (environmental degradation) and E (quantitative analysis). Overall, the ecosystem was assessed as ‘Least Concern’ based on extensive geographic distribution and only weak support for declines in extent. Criterion D was classed as ‘Data Deficient’ since there was no clear relationship between the vegetation index and fringe mangrove degradation. Our results demonstrate how gaps in our appreciation and understanding of the structure and functioning of ecosystems are more likely to impede risk assessments of ecosystems characterised by a small number of foundation species, due to the low level of redundancy between candidate indicators available for their assessments. Satellite remote sensing combined with derivation of explicit conceptual ecosystem models provides a way to structure efforts to identify suitable indicators as well as opportunities to overcome many of these challenges, even for relatively data-poor ecosystems.",na,RLE Database,,ecosystem collapse risk assessment for fringe mangroves; although anthro aren't listed explicity I assume it eligible still ,"[""ELIGIBLE""]"
12,"Ecosystem assessment of mountain ash forest in the Central Highlands of Victoria, south-eastern Australia","We applied an ecosystem risk assessment to the mountain ash forest ecosystem of the Central Highlands of Victoria (hereafter ‘mountain ash forest’), south-eastern Australia, using the IUCN Red List of Ecosystems criteria. Using this methodology, we quantified: (i) key aspects of the ecosystem's historical, current and future decline in spatial distribution; (ii) the extent of occurrence and area of occupancy for the mountain ash ecosystem; and (iii) the decline in key abiotic and biotic processes and features for historical, current and future time periods. We developed a probabilistic model of tree growth stages to estimate the risk of ecosystem collapse within 50 to 100 years in the mountain ash forest. There was uncertainty in our estimates of risk under the various IUCN criteria, with two sub-criteria being categorized as ‘Data Deficient’. Our overall ranking of risk of collapse for the ecosystem was Critically Endangered. We are confident that this risk category is appropriate because all 39 scenarios modelled indicated a ≥92% chance of ecosystem collapse by 2067. Our findings highlight the important need for timely policy reform to facilitate improved management of the mountain ash ecosystem in Victoria. In particular, there needs to be greater protection of remaining areas of unburned forest, and restoration activities in parts of the forest estate. Implementation of these strategies will require a significant reduction in logging pressure on the mountain ash ecosystem.",na,RLE Database,,"mountain ash forest ecosystem risk assessment, decline from logging and fire","[""ELIGIBLE""]"
20,"Threatened Status Assessment of Multiple Grassland Ecosystems and Conservation Strategies in the Xilin River Basin, NE China","The Red List of Ecosystems, proposed by the International Union for Conservation of Nature can determine the status of ecosystems for biodiversity conservation. In this study, we applied the Red List of Ecosystems Categories and Criteria 2.0 with its four major criteria (A, B, C, and D) to assess twelve dominant ecosystems in the Xilin River Basin, a representative grassland-dominating area in China. We employed Geographical Information Systems and remote sensing to process the obtained satellite products from the years 2000 to 2015, and generated indicators for biological processes and degradation of environment with boreal ecosystem productivity simulator. The results show that all twelve ecosystems in the Xilin River Basin confront varying threats: Artemisia frigida grassland and Festuca ovina grassland face the highest risk of collapse, sharing an endangered status; Filifolium sibiricum meadow grassland and Leymus chinensis grassland have a least concern status, while the remaining eight ecosystems display a vulnerable status. This study overcomes the limits of data deficiency by introducing the boreal ecosystem productivity simulator to simulate biological processes and the plant–environment interaction. It sheds light on further application of the Red List of Ecosystems, and bridges the research gap and promote local ecosystems conservation in China.",na,RLE Database,,threatened status assessment of grassland ecosystems,"[""ELIGIBLE""]"
5,Mangroves of the South China Sea,"The 'Mangroves of South China Sea' is a regional ecosystem subgroup (level 4 unit of the IUCN Global Ecosystem Typology in the South China Sea province. It includes intertidal forests and shrublands of the marine ecoregions of the Gulf of Tonkin, South China Sea Oceanic Islands and Southern China. The diverse biota of this ecoregion is characterised by 42 species of true mangroves, plus many associated taxa. There is a significant decline in species diversity with increasing latitude towards the northern limit of mangroves in Fujian Province. Two species: Avicennia rumphianaand Camptostemon philippinensisare in the IUCN Red List of threatened species.  The South China Sea ecoregion mangroves are mainly scattered open coast and estuarine formations, except in the Red River Delta. Their mapped extent in 2020 was 543 km2representing only 0.4% of the global mangrove resource. The current threats to mangroves are mainly from coastal urbanisation and industrialisation, sea dyke construction, pollution,  and  climate-related  impacts,  especially  from  typhoons,  which  occur  frequently  in  thisprovince.Today, the South China Sea mangroves cover ≈36% less than in 1970 based on national studies. The South China Sea mangroves are also threatened by sea-level rise(SLR). Under a mid-high SLR scenario, and considering the limited coastal sediment supply, 50% of the mangrove area will be submerged by 2070. Moreover, we estimate that ≈3.5% of the mangroves are undergoing degradation. Based on analysis of the decay of vegetation indexes, this could rise to 10.2% over a 50-year period. These estimates are very conservative; however, no other data sources were available to measure environmental degradation at the ecoregion level. Considering the significant effect of future SLR, the South China Sea mangroves are assessed as Endangered (EN).EN",na,RLE Database,,"mangroves of south china Sea with significant decline in species diversity due to anthro threats (Industrialisation, pollution, urbanization, etc)","[""ELIGIBLE""]"
16,"An International Union for Conservation of Nature risk assessment of coastal lowland rainforests of the Wet Tropics Bioregion, Queensland, Australia","Lowland rainforest communities are among the most threatened across South-east Asia as a result of ease of access, suitability for agriculture and proximity to population centres along the coast and to ports for export of timber, minerals and agricultural produce. In Australia, coastal lowland rainforest occupies a narrow band between the marine-influenced littoral communities and the forests of the coastal ranges and uplands in the Wet Tropics Bioregion of north-east Queensland. As the coastal lowlands were already highly fragmented, and subject to ongoing conversion for agriculture and urbanization, they were excluded from the World Heritage listing of the Wet Tropics of Queensland in 1988. Littoral rainforest and broad-leaved tea-tree swamps in the coastal zone have both recently been protected under Commonwealth environmental protection legislation; meanwhile, the remnant coastal lowland rainforest faces continued threats from extreme events, climate change, land management activities and introduced species. In a risk assessment based on IUCN guidelines, coastal lowland rainforest was assessed as endangered due to restricted distribution (full extent of the community encompassed by a minimum complex polygon less than 20 000 km2) in conjunction with qualitative evidence of disruption to biotic interactions. A second criterion related to the historic decline in geographic distribution (60% decline in distribution since 1750) would correspond to a condition of vulnerable. Coastal lowland rainforest on alluvial soils has been particularly impacted, and a 75% decline in distribution since 1760 would correspond to a condition of endangered for this subtype. We had insufficient data to address the remaining IUCN Red List criteria for ecosystems, but point to published studies which address these criteria at the subregional level, and make suggestions for future data collection, monitoring and analyses which may support future reviews or proposals for enhanced protection within an Australian legislative context.",na,RLE Database,,iucn risk assessment of coastal lowland rainforests; agri and land clearing as anthropogenic drivers of loss,"[""ELIGIBLE""]"
21,Using multiple lines of evidence to assess the risk of ecosystem collapse,"Effective ecosystem risk assessment relies on a conceptual understanding of ecosystem dynamics and the synthesis of multiple lines of evidence. Risk assessment protocols and ecosystem models integrate limited observational data with threat scenarios, making them valuable tools for monitoring ecosystem status and diagnosing key mechanisms of decline to be addressed by management. We applied the IUCN Red List of Ecosystems criteria to quantify the risk of collapse of the Meso-American Reef, a unique ecosystem containing the second longest barrier reef in the world. We collated a wide array of empirical data (field and remotely sensed), and used a stochastic ecosystem model to backcast past ecosystem dynamics, as well as forecast future ecosystem dynamics under 11 scenarios of threat. The ecosystem is at high risk from mass bleaching in the coming decades, with compounding effects of ocean acidification, hurricanes, pollution and fishing. The overall status of the ecosystem is Critically Endangered (plausibly Vulnerable to Critically Endangered), with notable differences among Red List criteria and data types in detecting the most severe symptoms of risk. Our case study provides a template for assessing risks to coral reefs and for further application of ecosystem models in risk assessment.",na,RLE Database,,ecosystem collapse risk assessment of meso american Reef using multiple evidences; Anthropogenic threats and biodiversity change,"[""ELIGIBLE""]"
25,Assessing risk of estuarine ecosystem collapse,"Estuarine ecosystems are increasingly threatened by coastal development and climate change. The large number of estuaries globally necessitates risk assessment to prioritise conservation efforts. Schemes for assessing risk of ecosystem collapse have been designed around terrestrial ecosystems, often defined by a single characteristic vegetation type, with their applicability to estuaries unclear. Here we consider the causes and symptoms of estuarine ecosystem collapse and assess, using a case study of the Chesapeake Bay, the applicability of ecosystem-level risk assessments to estuarine ecosystems, typified by mosaics of habitats. Functional estuaries are characterised by habitat heterogeneity and connectivity, maintenance of constituent habitats through recruitment, and a complex trophic structure including apex predators. Additionally, primary production and biomass are dominated by benthic, as opposed to pelagic, species. Hence, homogenisation of habitat types, decreased connectivity, recruitment failure, loss of apex predators and a decreased ratio of benthic to pelagic biomass may be symptoms of a trajectory towards collapse. In terrestrial ecosystems, criteria used for assessing risk of ecosystem collapse include declining or restricted distribution of ecosystems, degradation of the abiotic environment, changes in species composition and declining ecological function. As the boundaries of estuaries are typically defined by topography, rarely do significant changes in the area of the ecosystem occur. Furthermore, because the extent of estuaries is typically small, assessments based on area of occupancy may over-inflate risk. Instead, criteria based on abiotic and biotic changes, many of which are documented through monitoring programs, may be most useful for risk assessments of estuarine ecosystems.",na,RLE Database,,estuarine ecosystem collapse risk from coastal development and climate ch.,"[""ELIGIBLE""]"
3,Mangroves of the Western Coral Triangle,"The 'Mangroves of the Western Coral Triangle' is a regional ecosystem subgroup (level 4 unit of the IUCN Global Ecosystem Typology. It includes intertidal forests and shrublands of the following marine ecoregions in the Western Coral  Triangle  province:  Banda  Sea,  Eastern  Philippines,  Halmahera,  Lesser  Sunda,  Northeast  Sulawesi, Palawan/North Borneo, Papua, and Sulawesi Sea/Makassar Strait. The diverse biota of this provinceincludes 48 species of true mangroves, plus many mangrove-associated taxa. Mangroveshad a mapped extent of 19,821 km2in 2020, representing 13.4% of the global mangrove resource by area.  Although only 4.7 % of the province’s mangroves occur on carbonate sediments, they include fragile patches of vegetation on many of the thousands of islands in the Western Coral Triangle, Mangroves are threatened by illegal logging,  conversion  for  agriculture  or  aquaculture,  and  industrial,  urban  and  tourism  development,  including coastal land reclamation and mining. They are also threatened by climate change, especially sea-level rise, and by increasingly frequent typhoons and tropical storms.Today the Western Coral Triangle mangroves cover ≈32% less than our estimate for 1970 based on national studies. The rate of loss declined to -6.6% from 1996 to 2020 and has slowed further since 2015. The Western Coral Triangle mangroves are estimated to decrease by -18% over the next 50 years. They are also threatened by future sea-level rise (SLR). Under a mid-high to extreme SLR scenario, more than 30% of the mangroves would be submerged by 2070. Moreover, we estimate that 4% of the mangroves are undergoing degradation and this could rise to 10.7% over a 50-year period based on analysis of the decay of vegetation indexes. These estimates are very conservative; however, no other data sources were available to measure environmental degradation at the provincelevel. Overall, the Western Coral Triangle mangrove ecosystem is assessed as Vulnerable (VU).VU",na,RLE Database,,"mangroves of western coral triangle ecosystem assessment; with anthropogenic threats (logging, agri/aqua conversion, industral dev, urban dev, mining, etc) to biodiversity","[""ELIGIBLE""]"
9,Threatened ecosystems of Myanmar: An IUCN Red List of Ecosystems Assessment.,"The Myanmar National Ecosystem Assessment contributes to the GEF funded Strengthening Sustainability of Protected Area Management in Myanmar project. To support the Myanmar National Ecosystem Assessment, Myanmar’s terrestrial ecosystems were assessed under the International Union for the Conservation of Nature (IUCN) Red List of Ecosystems Categories and Criteria. This report summarises the methods and findings of the assessment, including detailed ecological descriptions of the 64 ecosystem types assessed. A total of 64 ecosystem types were identified and evaluated under the IUCN Red List of Ecosystems categories and criteria. Twenty-nine (45.3%) ecosystems were assigned a threatened status, consisting of 8 (12.5%) Critically Endangered ecosystem types, 9 (14.1%) Endangered and 12 (18.8%) Vulnerable ecosystem types. One ecosystem type, Central Ayeyarwady Palm Savanna ecosystem types was confirmed as Collapsed. A further two ecosystem types, Ayeyarwady kanazo swamp forest and Southern Rakhine hills evergreen rainforest, were assessed with an upper plausible status outcome of Collapsed, although their final assessment was Critically Endangered. Twenty-eight ecosystem types were assessed as Near Threatened or Least Concern. However, a post-assessment expert review by experts suggested that 11 of the 25 Least Concern ecosystems could qualify for a different assessment outcome if more data was available. These 11 ecosystems were reclassified to Data Deficient. Thus, 17 of Myanmar’s ecosystem types were classified as Data Deficient. Data deficient ecosystem types were primarily ecosystems for which there were historical records, but with insufficient published information to assess the criteria (e.g. Rocky Tanintharyi karst). Alternatively, there were insufficient distribution records to incorporate into our mapping workflow to allow assessments of Criterion A and B (e.g. Grassy saltmarsh). Data deficient ecosystems also tended to occur in regions that were inaccessible to field researchers due to travel restrictions (e.g. Shan limestone grasslands). Urgent further work to confirm the distribution and assess the status of these data deficient ecosystems is recommended. This IUCN Red List of Ecosystems assessment has shown a dire situation for Myanmar’s ecosystems. Of the area assessed, nearly two-thirds (64%, 426,628 km2) is mapped as a natural ecosystem type, but of this over half (57.8%, 24,750 km2) of remaining area contains a threatened ecosystem type (CR, EN or VU). This means over one third of Myanmar’s land area contains threatened ecosystems. There needs to be an increase in conservation efforts to reverse this situation and slow the trajectory towards collapse for ecosystems that are not currently threatened. Conservation planning will be key to identify what are the best conservation actions and where to apply them to reduce the risk of collapse for Myanmar’s natural ecosystems.",na,RLE Database,,threatened ecosystems assessment of myanmar; drivers of ecosystem decline assessed,"[""ELIGIBLE""]"
19,"Mayotte's mangroves are declining, according to the Red List of Ecosystems","Land clearing, development, urbanization, and pollution have led to a reduction in the area of ​​mangroves in Mayotte and altered their functioning. The conservation status of these ecologically rich natural environments, located at the land/sea interface, was assessed by IUCN France using the new methodology of the Red List of Ecosystems. The results show, on the land side, a very clear decline in the back-mangroves, classified as ""Critically Endangered,"" and, on the marine side, a regression of the outer mangroves, classified as ""Vulnerable."" The central mangroves are not currently considered threatened, but the impact of certain pressures, such as wastewater discharges, warrants further monitoring and study. 
Results showing mangroves subject to several threats
The back-mangroves are classified as ""Critically Endangered"" (CR). They represent the most threatened type of mangrove in Mayotte. Most of these forests and marshy meadows have been largely converted into farmland, plantations, or livestock enclosures, or even directly filled in and urbanized. As a result, this ecosystem now exists only as a relic on the Mayotte coast. Protecting and restoring these sites is a priority for safeguarding these natural environments.

The outer mangroves of Mayotte, or pioneer mangrove fronts, are assessed as ""Vulnerable"" (VU). The rate of erosion of some of these mangroves has increased since the 2000s, and some pioneer fronts could disappear within the next 50 years if this rate does not slow down. A change in land-use practices is necessary to slow or even stop this erosion, especially since climate change will likely exacerbate the vulnerability of these mangroves in the future (rising sea levels, increased winds and swells, etc.).

The central and inner mangroves, which represent the core of the mangrove ecosystems and the majority of their current area in Mayotte, are not, based on current knowledge, threatened in the short term. Classified as ""Least Concern"" (LC), this ecosystem nevertheless remains subject to deforestation and wastewater discharges, the impacts of which could not be assessed due to a lack of comprehensive monitoring across all mangrove areas.

The importance of long-term follow-up
The knowledge acquired over several decades regarding Mayotte's mangroves, encompassing both their flora and fauna as well as their ecological functioning, has provided a solid scientific foundation for this chapter of the Red List of Ecosystems in France. However, a number of criteria could not be used due to a lack of comprehensive or consistent data over time, particularly for the most threatened ecosystems such as the back-mangroves. This underscores the importance of strengthening, alongside conservation efforts, programs to acquire knowledge about the spatial distribution and functioning of mangroves in Mayotte.

The IUCN Red List of Ecosystems, a new knowledge tool
Building on the success of the Red Lists of Threatened Species, widely used to better understand the state of biodiversity and drive nature conservation action, the IUCN launched a similar tool for ecosystems in 2008. The methodology was formally adopted in 2014 and is based on criteria related to habitat loss, changes in the physical environment, and the degradation of key ecological processes within the assessed ecosystems. An ecosystem is considered threatened if it meets the criteria corresponding to the categories ""Critically Endangered,"" ""Endangered,"" or ""Vulnerable."" The IUCN Red List of Ecosystems is now a standard tool for assessing the state of ecosystems, applicable at various scales, and implemented in France by the French Committee of the IUCN .",na,RLE Database,,"mayotte mangroves declining from land clearing, urbanization and pollution","[""ELIGIBLE""]"
1,"Assessing risks to marine ecosystems with indicators, ecosystem models and experts","Assessing risks to marine ecosystems is critical due to their biological and economic importance, and because many have recently undergone regime shifts due to overfishing and environmental change. Yet defining collapsed ecosystem states, selecting informative indicators and reconstructing long-term marine ecosystem changes remains challenging. The IUCN Red List of Ecosystems constitutes the global standard for quantifying risks to ecosystems and we conducted the first Red List assessment of an offshore marine ecosystem, focusing on the southern Benguela in South Africa. We used an analogous but collapsed ecosystem – the northern Benguela – to help define collapse in the southern Benguela and derived collapse thresholds with structured expert elicitation (i.e. repeatable estimation by expert judgment). To capture complex ecosystem dynamics and reconstruct historical ecosystem states, we used environmental indicators as well as survey-, catch- and model-based indicators. We listed the ecosystem in 1960 and 2015 as Endangered, with assessment outcomes robust to alternative model parametrizations. While many indicators improved between 1960 and 2015, seabird populations have suffered large declines since 1900 and remain at risk, pointing towards ongoing management priorities. Catch-based indicators often over-estimated risks compared to survey- and model-based indicators, warning against listing ecosystems as threatened solely based on indicators of pressure. We show that risk assessments provide a framework for interpreting data from indicators, ecosystem models and experts to inform the management of marine ecosystems. This work highlights the feasibility of conducting Red List of Ecosystems assessments for marine ecosystems.",na,RLE Database,,risk assessment of marine ecosystem with overfishing and environmental change,"[""ELIGIBLE""]"
15,Vulnerability of Antarctic shallow invertebrate-dominated ecosystems,"Human impacts threaten not only species, but also entire ecosystems. Ecosystems under stress can collapse or transition into different states, potentially reducing biodiversity at a variety of scales. Here we examine the vulnerability of Antarctic shallow invertebrate-dominated ecosystems, which may be threatened for several reasons. These unique shallow-water communities mostly consist of dark-adapted invertebrates, and rely on sea ice to create low-light marine environments. Climate change is likely to cause early breakout of seasonal sea ice in parts of Antarctica, which will dramatically increase the amount of light reaching shallow seabed. This is predicted to result in ecological regime shifts, in which invertebrate-dominated communities are replaced by macroalgal beds. Habitat for these endemic Antarctic ecosystems is globally rare, and the fragmented nature of their distribution along Antarctic coast increases their sensitivity to change. Concurrently, human activities in Antarctica are concentrated in areas where these habitats occur, compounding potential impacts. While there are clear mechanisms of threat to these ecosystems, lack of knowledge about their spatial distribution obscures predictions of potential ecosystem loss, and the likelihood of recovery. In this paper we describe these ecosystems, their association with the environment and the reasons for their vulnerability. We estimate their spatial distribution around Antarctica using sea ice and bathymetric data, and apply the International Union for Conservation of Nature Red List of Ecosystems criteria to assess their vulnerability. Best available data suggest that shallow ice-covered ecosystems are likely Near Threatened to Vulnerable in places, although the magnitude of risk is spatially variable and requires additional data to strengthen the assessment.",na,RLE Database,,vulnerability of antarctic shallow invertebrate ecosystems to climate change,"[""ELIGIBLE""]"
27,Integrating outcomes of IUCN red list of ecosystems assessments for connected coastal wetlands,"Human-induced habitat clearing and pollution are leading drivers of biodiversity loss. Ecosystem assessments are required to identify ecosystems at risk of collapse, but they should account for cross-system linkages and dynamics where necessary. This is particularly true for coastal wetlands (e.g. seagrass, mangroves and saltmarsh), which exhibit high ecological connectivity and have individually suffered global declines over the last century. We use the coastal wetlands of Moreton Bay, Queensland, Australia, as a model system to examine how integrating outcomes of multiple, simultaneously conducted, ecosystem assessments can assist in identifying appropriate management and conservation strategies. We simultaneously conducted separate assessments of seagrass, mangrove and saltmarsh ecosystems against the IUCN Red List of Ecosystems criteria. Despite substantial human population growth in the region, seagrass and mangroves were assessed as Least Concern. Mangroves were found to be rapidly encroaching on saltmarsh. This process, together with past clearing, were the major drivers behind saltmarsh being assessed as Endangered. Given the importance of connectivity among these connected ecosystems, collapse in any one ecosystem can have seascape-wide consequences, highlighting the benefit of conducting multi-ecosystem assessments. Consequently, a fully integrated assessment of the coastal wetlands as a single entity would miss key processes, such as mangrove encroachment, potentially underestimating overall risks. Our study highlights the plight of saltmarsh and the value of conducting simultaneous RLE assessments for multiple ecosystems comprising seascapes. We recommend that connectivity be accounted for explicitly in assessments of other connected, high-risk ecosystems.",na,RLE Database,,coastal wetlands global declines from habitat clearing and pollution,"[""ELIGIBLE""]"
23,Red list of China's forest ecosystems: A conservation assessment and protected area gap analysis,"Current biodiversity loss is far greater than at any time in human history. As complementary tool to prioritize biodiversity for conservation, the IUCN Red List of Ecosystems (RLE) is well justified as a conservation tool. Although China's biodiversity is among the world's richest, a significant part of this diversity is under threat. Based on the distribution of 229 forest formations, we assessed the risk status according to the IUCN RLE criteria, and evaluated the conservation status of threatened forests by comparing ecosystem distribution with terrestrial national and provincial nature reserves (NNRs and PNRs, respectively). We found that 90 threatened forest formations accounted for 16% of the area, but for 39.3% of the number of assessed formations. Threatened forest formations were mainly located in western Sichuan, Yunnan, southeastern Xizang, southwestern Guangxi, Hainan Island, northeastern China, and the mountains of Taiwan. Tropical rain forests and evergreen broad-leaved forests together accounted for the highest number of threatened formations. Northern Xinjiang (with the Tianshan and Altai Mountains) proved to be a unique area that has rarely been identified as hotspot of plant conservation. On average, NNRs covered 13.2%, and NNRs and PNRs together covered 22.7%, of the threatened forest distribution areas. However, 15 threatened forest formations were not covered by NNRs or PNRs. We suggest that the red list of ecosystems will contribute towards providing a more informative picture of the status of biodiversity. Our work highlights the need to use the red list of ecosystems as additional tool in plant conservation.",na,RLE Database,,red List assessment of china forest ecosystems; showing threatened status from anthropogenic impacts,"[""ELIGIBLE""]"
WOS:000360940400006,"Fauna crime: elucidating the potential source and introduction history of European smelt (Osmerus eperlanus L.) into Lake Storsjoen, Norway","The ability to accurately determine the original source of invading species offers several powerful applications in invasive species ecology and management and may enable important information on the invading species in its native habitat. Lake Storsjoen in South-Central Norway was recently found to have been subjected to an illegal translocation of the European smelt (Osmerus eperlanus). The main aim of this study was to infer the most likely source (s) of the invading smelt by using microsatellite markers, and subsequently to infer its introduction history. The results indicated that the smelt is most likely a result of introduction from the large Lake Mjosa, and that the translocated smelt comprise a large number of individuals. The smelt in Lake Storsjoen showed no significant genetic bottleneck effect. However, a corresponding significant test for a recent population expansion indicates that the smelt has had a high reproductive success and population growth in its new environment. The results from this study illustrate the usefulness of applying multilocus genetic markers for inferring origin of translocated populations, demographic events and introduction histories comprising an effective tool for assessment of invasive species.",10.1007/s10592-015-0724-2,shaw et al,,Illegal translocation of European smelt into Norwegian lake; anthro introduction of invasive species affecting biodiversity,"[""ELIGIBLE""]"
WOS:000369456300023,Genetic consequences of human forest exploitation in two colobus monkeys in Guinea Bissau,"The ability of forest-dwelling species to adapt to changes in their habitat is being increasingly challenged by the rapid pace of human-induced forest degradation. Understanding the effect of such environmental changes on biodiversity requires comparative analyses across species living within the same habitats. We investigated the effect of forest exploitation on the genetic structure and demography of two sympatric arboreal primates showing differences in their socioecology: the Western black-and-white colobus (Colobus polykomos) and Temminck's red colobus (Procolobus badius temminckii). We conducted the study in a fragmented and human-impacted forest in Guinea Bissau. Using microsatellite data from six C. polykomos and eight P. b. temminckii social groups, we found that in C polykomos the distribution of genetic diversity followed an isolation-by-distance pattern whereas for P. b. temminckii, the results suggested restriction in female dispersal. We detected a strong, recent bottleneck for both primates, which we inferred to have resulted from the anthropogenic exploitation of forest resources in the last centuries. The bottleneck signal was stronger for P. b. temminckii as a likely consequence of its larger estimated ancestral population size. Finally, we discussed the different analytical approaches used. Our results confirm that P. b. temminckii is more affected by habitat changes than C polykomos, despite being phylogenetically close. Nonetheless, the low estimated effective population sizes and the known demographic changes indicate that both species are severely threatened by human forest exploitation, requiring urgent conservation action. (C) 2015 Elsevier Ltd. All rights reserved.",10.1016/j.biocon.2015.12.019,shaw et al,,result of human forest exploitation on colobus monkeys,"[""ELIGIBLE""]"
WOS:000186895000002,"Mitochondrial DNA variation, effective female population size and population history of the endangered Chinese sturgeon, Acipenser sinensis","The anadromous Chinese sturgeon (Acipenser sinensis), mainly endemic to the Yangtze River in China, is an endangered fish species. The natural population has declined since the Gezhouba Dam blocked its migratory route to the spawning grounds in 1981. In the near future, the completion of the Three Gorges Dam, the world's largest hydroelectric project, may further impact this species by altering the water flow of the Yangtze River. Little is currently known about the population genetic structure of the Chinese sturgeon. In this study, DNA sequence data were determined from the control region (D-loop) of the mitochondrial genome of adult sturgeons (n = 106) that were collected between 1995-2000. The molecular data were used to investigate genetic variation, effective female population size and population history of the Chinese sturgeon in the Yangtze River. Our results indicate that the reduction in abundance did not change genetic variation of the Chinese sturgeon, and that the population underwent an expansion in the past. AMOVA analysis indicated that 98.7% of the genetic variability occurred within each year's spawning populations, the year of collection had little influence on the diversity of annual temporary samples. The relative large effective female population size (N-ef) indicates that good potential exists for the recovery of this species in the future. Strikingly, the ratio of N-ef to the census female population size (N-f) is unusually high (0.77-0.93). This may be the result of a current bottleneck in the population of the Chinese sturgeon that is likely caused by human intervention.",10.1023/B:COGE.0000006107.46111.bc,shaw et al,,chinese sturgeon population decline after dam construction blocked migratory route,"[""ELIGIBLE""]"
WOS:000362824300001,Short-term genetic consequences of habitat loss and fragmentation for the neotropical palm Oenocarpus bataua,"Habitat loss and fragmentation may impact animal-mediated dispersal of seed and pollen, and a key question is how the genetic attributes of plant populations respond to these changes. Theory predicts that genetic diversity may be less sensitive to such disruptions in the short term, whereas inbreeding and genetic structure may respond more strongly. However, results from studies to date vary in relation to species, context and the parameter being assessed, triggering calls for more empirical studies, especially from the tropics, where plant-animal dispersal mutualisms are both disproportionately common and at risk. We compared the genetic characteristics of adults and recruits in a long-lived palm Oenocarpus bataua in a recently fragmented landscape (<2 generations) in northwest Ecuador using a suite of 10 polymorphic microsatellite markers. We sampled individuals from six forest fragments and one nearby continuous forest. Our goal was to assess short-term consequences of fragmentation, with a focus on how well empirical data from this system follow theoretical expectations. Mostly congruent with predictions, we found stronger genetic differentiation and fine-scale spatial genetic structure among recruits in fragments compared with recruits in continuous forest, but we did not record differences in genetic diversity or inbreeding, nor did we record any differences between adults in fragments and adults in continuous forest. Our findings suggest that genetic characteristics of populations vary in their sensitivity to change in response to habitat loss and fragmentation, and that fine-scale spatial genetic structure may be a particularly useful indicator of genetic change in recently fragmented landscapes.",10.1038/hdy.2015.35,shaw et al,,result of habitat loss and fragmentation for neotropical palm,"[""ELIGIBLE""]"
WOS:000175841000005,Estimating the long-term effects of stocking domesticated trout into wild brown trout (Salmo trutta) populations: an approach using microsatellite DNA analysis of historical and contemporary samples,"Indigenous salmonid fish gene pools are affected by domesticated conspecifics, derived from aquaculture escapes and deliberate releases. Variability was examined at nine microsatellite loci in order to assess the long-term impact of stocking domesticated trout in two brown trout populations. The study was based on analysis of two historical samples (194556), represented by old scale collections, and seven contemporary samples (1986-2000). In one population historical and contemporary samples were remarkably genetically similar despite more than a decade of intense stocking. Estimation of admixture proportions showed a small genetic contribution from domesticated trout (approximately 6%), and individual admixture analysis demonstrated a majority of nonadmixed individuals. The expected genetic contribution by domesticated trout was 64%, assessed from the number of stocked trout and assuming equal survival and reproductive performance of wild and domesticated trout. This demonstrates poor performance and low fitness of domesticated trout in the wild. In another population there was a strong genetic contribution from domesticated trout (between 57% and 88% in different samples), both in samples from a broodstock thought to represent the indigenous population and in a sample of wild spawners. Survival of domesticated trout and admixture with indigenous fish in the broodstock and subsequent stocking into the river, combined with a low population size of native trout relative to the number of stocked trout, could explain the observed introgression. Few nonadmixed individuals remained in the introgressed population, and I discuss how individual admixture analysis can be used to identify and conserve nonintrogressed remains of the population.",10.1046/j.1365-294X.2002.01495.x,shaw et al,,effects of stocking domesticated trout on wild brown trout populations,"[""ELIGIBLE""]"
WOS:000432992100019,Genetic diversity through time and space: diversity and demographic history from natural history specimens and serially sampled contemporary populations of the threatened Gouldian finch (Erythrura gouldiae),"Declines in population size can compromise the viability of populations by reducing the effective population size (N-e), which may result in loss of genetic diversity and inbreeding. Temporal population genetic data can be a powerful tool for testing the presence and severity of reductions in N-e. The Gouldian finch (Erythrura gouldiae) is a flagship for conservation of Australian monsoonal savanna species. This species underwent severe population declines in the twentieth century due to land use changes associated with European colonization. Microsatellite and mitochondrial genetic data from Gouldian finch samples sourced from natural history collections prior to land use changes were compared with contemporary samples to estimate the severity of decline in effective population size and to detect changes in gene flow. These data show that Gouldian finch decline was not as severe as some sources suggest, and that population genetic connectivity has not changed following land use changes in the twentieth century. Multiple estimators of current N-e using genetic data from consecutive years suggest the Gouldian finch N-e is likely between a few hundred and a few thousand individuals, with some estimates within the range considered of conservation concern. This work has identified the need to genetically characterize populations in Queensland, and to understand critical demographic parameters (e.g. lifespan) in the Gouldian finch. Understanding these factors is vital to further improve genetic estimates of population size, key to the formation of appropriate conservation management of this species.",10.1007/s10592-018-1051-1,shaw et al,,Gouldian finch population decline due to land use change and fire,"[""ELIGIBLE""]"
WOS:000328626100023,"Assessment Impacts of Weather and Land Use/Land Cover (LULC) Change on Urban Vegetation Net Primary Productivity (NPP): A Case Study in Guangzhou, China","Net primary productivity (NPP) can indicate vegetation ecosystem services ability and reflect variation response to climate change and human activities. This study applied MODIS-1 km NPP products to investigate the NPP variation from 2001 to 2006, a fast urban expansion and adjustment period in Guangzhou, China, and quantify the impacts of weather and land use/land cover (LULC) changes, respectively. The results showed that the NPP mean value increased at a rate of 11.6 gCm(-2)yr(-1) during the initial three years and decreased at an accelerated rate of 31.0 gCm(-2)yr(-1) during the final three years, resulting in a total NPP loss of approximately 167 x 10(6) gC. The spatiotemporal of NPP varied obviously in the central area, suburb and exurb of Guangzhou driven by three patterns of weather and LULC changes. By the interactive effects and the weather variation dominated effects, NPP of most areas changed slightly with dynamic index less than 5% of NPP mean value in the central area and the suburb. The LULC change dominated effects caused obvious NPP reduction, by more than 15% of the NPP mean value, which occurred in some areas of the suburb and extended to the exurb with the outward urban sprawl. Importantly, conversion from wood grassland, shrublands and even forests to croplands occupied by urban landscapes proved to be a main process in the conversion from high-NPP coverage to low-NPP coverage, thereby leading to the rapid degradation of urban carbon stock capacity in urban fringe areas. It is helpful for government to monitor urban ecological health and safety and make relevant policies.",10.3390/rs5084125,Jaureguiberry et al,,NPP (which in turn supports more species and richness) and its changes due to land use change,"[""ELIGIBLE""]"
WOS:000321558700006,Desertification dynamic and the relative roles of climate change and human activities in desertification in the Heihe River Basin based on NPP,"Relative roles of climate change and human activities in desertification are the hotspot of research on desertification dynamic and its driving mechanism. To overcome the shortcomings of existing studies, this paper selected net primary productivity (NPP) as an indicator to analyze desertification dynamic and its impact factors. In addition, the change trends of actual NPP, potential NPP and HNPP (human appropriation of NPP, the difference between potential NPP and actual NPP) were used to analyze the desertification dynamic and calculate the relative roles of climate change, human activities and a combination of the two factors in desertification. In this study, the Moderate Resolution Imaging Spectroradiometer (MODIS)-Normalised Difference Vegetation Index (NDVI) and meteorological data were utilized to drive the Carnegie-Ames-Stanford Approach (CASA) model to calculate the actual NPP from 2001 to 2010 in the Heihe River Basin. Potential NPP was estimated using the Thornthwaite Memorial model. Results showed that 61% of the whole basin area underwent land degradation, of which 90.5% was caused by human activities, 8.6% by climate change, and 0.9% by a combination of the two factors. On the contrary, 1.5% of desertification reversion area was caused by human activities and 90.7% by climate change, the rest 7.8% by a combination of the two factors. Moreover, it was demonstrated that 95.9% of the total actual NPP decrease was induced by human activities, while 69.3% of the total actual NPP increase was caused by climate change. The results revealed that climate change dominated desertification reversion, while human activities dominated desertification expansion. Moreover, the relative roles of both climate change and human activities in desertification possessed great spatial heterogeneity. Additionally, ecological protection policies should be enhanced in the Heihe River Basin to prevent desertification expansion under the condition of climate change.",10.1007/s40333-013-0181-z,Jaureguiberry et al,,Desertification (degradation of ecosytems) due t human activities and CC,"[""ELIGIBLE""]"
WOS:000293038700014,Estimating California ecosystem carbon change using process model and land cover disturbance data: 1951-2000,"Land use change, natural disturbance, and climate change directly alter ecosystem productivity and carbon stock level. The estimation of ecosystem carbon dynamics depends on the quality of land cover change data and the effectiveness of the ecosystem models that represent the vegetation growth processes and disturbance effects. We used the Integrated Biosphere Simulator (IBIS) and a set of 30- to 60-m resolution fire and land cover change data to examine the carbon changes of California's forests, shrublands, and grasslands. Simulation results indicate that during 1951-2000, the net primary productivity (NPP) increased by 7%, from 72.2 to 77.1 Tg C yr(-1) (1 teragram = 10(12) g), mainly due to CO2 fertilization, since the climate hardly changed during this period. Similarly, heterotrophic respiration increased by 5%, from 69.4 to 73.1 Tg Cyr(-1), mainly due to increased forest soil carbon and temperature. Net ecosystem production (NEP) was highly variable in the 50-year period but on average equalled 3.0 Tg C yr(-1) (total of 149 Tg C). As with NEP, the net biome production (NBP) was also highly variable but averaged -0.55 Tg C yr(-1) (total of -27.3 Tg C) because NBP in the 1980s was very low (-5.34 Tg C yr(-1)). During the study period, a total of 126 Tg carbon were removed by logging and land use change, and 50 Tg carbon were directly removed by wildland fires. For carbon pools, the estimated total living upper canopy (tree) biomass decreased from 928 to 834 Tg C, and the understory (including shrub and grass) biomass increased from 59 to 63 Tg C. Soil carbon and dead biomass carbon increased from 1136 to 1197 Tg C. Our analyses suggest that both natural and human processes have significant influence on the carbon change in California. During 1951-2000, climate interannual variability was the key driving force for the large interannual changes of ecosystem carbon source and sink at the state level, while logging and fire were the dominant driving forces for carbon balances in several specific ecoregions. From a long-term perspective. CO2 fertilization plays a key role in maintaining higher NPP. However, our study shows that the increase in C sequestration by CO2 fertilization is largely offset by logging/land use change and wildland fires. (C) 2011 Elsevier B.V. All rights reserved.",10.1016/j.ecolmodel.2011.03.042,Jaureguiberry et al,,"changes in carbon stock level due to cc, land use chang, logging, fires","[""ELIGIBLE""]"
WOS:000608979000001,Sea-ice microbial communities in the Central Arctic Ocean: Limited responses to short-term pCO2 perturbations,"The Arctic Ocean is more susceptible to ocean acidification than other marine environments due to its weaker buffering capacity, while its cold surface water with relatively low salinity promotes atmospheric CO2 uptake. We studied how sea-ice microbial communities in the central Arctic Ocean may be affected by changes in the carbonate system expected as a consequence of ocean acidification. In a series of four experiments during late summer 2018 aboard the icebreaker Oden, we addressed microbial growth, production of dissolved organic carbon (DOC) and extracellular polymeric substances (EPS), photosynthetic activity, and bacterial assemblage structure as sea-ice microbial communities were exposed to elevated partial pressures of CO2 (pCO(2)). We incubated intact, bottom ice-core sections and dislodged, under-ice algal aggregates (dominated by Melosira arctica) in separate experiments under approximately 400, 650, 1000, and 2000 mu atm pCO(2) for 10 d under different nutrient regimes. The results indicate that the growth of sea-ice algae and bacteria was unaffected by these higher pCO(2) levels, and concentrations of DOC and EPS were unaffected by a shifted inorganic C/N balance, resulting from the CO2 enrichment. These central Arctic sea-ice microbial communities thus appear to be largely insensitive to short-term pCO(2) perturbations. Given the natural, seasonally driven fluctuations in the carbonate system of sea ice, its resident microorganisms may be sufficiently tolerant of large variations in pCO(2) and thus less vulnerable than pelagic communities to the impacts of ocean acidification, increasing the ecological importance of sea-ice microorganisms even as the loss of Arctic sea ice continues.",10.1002/lno.11690,Keck et al,,pCO2 perturbations (sustained changes in pressure of CO2 in surface oceans);  microbial community changes due to pCO2 pertub.,"[""ELIGIBLE""]"
WOS:000076782200006,Effects of nitrogen addition on successional dynamics and species diversity in Michigan old-fields,"1 We examined the impact of nitrogen addition on early successional dynamics and plant species diversity in replicate plots of an old-field succession treatment in south-western Michigan, USA, for 7 years following abandonment from agriculture. 2 Nitrogen addition significantly increased above-ground plant biomass, but had no effect on the displacement or persistence of different life-history groups. Annual species made up a similar proportion of community biomass and decreased at equivalent rates in control and nitrogen-addition microplots. Perennial species biomass increased at similar rates in the control and nitrogen-addition microplots. 3 Annual species dominated initially, but declined in abundance over the first 4 years and were replaced by biennials and then herbaceous perennials. The resulting high numbers of species losses and gains were not affected by nitrogen addition. 4 Nitrogen addition did not affect mean species density or the Shannon index of diversity. There was also no temporal change in the similarity of species composition between control and nitrogen-addition microplots, indicating that nitrogen addition did not cause divergence over time in community composition. In year 7, similar species dominated the nitrogen-addition and control microplots, but there were differences in species composition and abundance of the subordinate species in each community. 5 Only in year 6 of this study was there a significant negative relationship between community biomass and the Shannon diversity index. There was no significant relationship between community biomass and species density in any of the first 7 years following abandonment. Thus, the community response to increased biomass due to nitrogen addition was expressed primarily through changes in community structure, not richness. 6 The effects of nitrogen addition on the early successional dynamics, species composition and consequently diversity of a plant community may depend on initial site conditions. The response to nitrogen enrichment may be slower in sites such as ours with fertile soils that become dominated by herbaceous perennial dicots.",10.1046/j.1365-2745.1998.8650794.x,murphy et al,,effects on nitrogen addition on plant diversity ,"[""ELIGIBLE""]"
WOS:000435480900008,Demographic and Density Response of Northern Bobwhites to Pyric Herbivory of Non-Native Grasslands,"Usable space for northern bobwhites (Colinus virginianus) has declined significantly over the past 3 decades in Texas because non-native grasses have replaced native vegetation. We hypothesized that burning patches in pastures dominated by buffelgrass (Pennisetum ciliare) and OldWorld bluestems (Bothriochloa spp. and Dichanthium spp.) followed by livestock grazing would increase limiting habitat attributes, thereby increasing usable space and bobwhite demographic parameters and population densities. Our study was conducted during 2009-2011 in LaSalle County, Texas on a ranch dominated by non-native grasses. Our experimental design was composed of 2 blocks with two 240-ha pastures, one control (graze only), and one treatment (patch-burn and graze) in each. We estimated grass standing crop in grazing exclosures (June-September) and habitat attributes along transects (October) 2009-2011. Bobwhites were captured and monitored via radiotelemetry 2-3 times/wk during March-November. Means of vegetation metrics important to bobwhites such as bare ground, traversibility, and forb and subshrub cover were similar between control and treatment units in post-treatment years. However, grass standing crop tended to be lower in treatment (June and August 2010 and September 2011-110.5 +/- 26.2 g/m(2)) compared with control units (June and August 2010 and September 2011-145.5 +/- 58.6 g/m(2)). Plant species richness was also greater (21%) in treatment (4.6 +/- 0.4/0.1 m(2)) compared with control units (3.8 +/- 0.4/0.1 m(2)) during the last year of the study (P = 0.057). Patch heterogeneity was increased in treatment units. There was an increase in bobwhite densities in treatment units, although demographicmetrics remained similar between treatment and controls. Patch burning and grazing is a viable tool for managing monotypic non-native grasslands for bobwhites in semiarid environments. (C) 2018 Published by Elsevier Inc. on behalf of The Society for Range Management.",10.1016/j.rama.2018.02.008,Jaureguiberry et al,Ias and habitat modification affecting Northern Bobwhites,,"[""ELIGIBLE""]"
WOS:000401104900001,The European forest sector: past and future carbon budget and fluxes under different management scenarios,"The comprehensive analysis of carbon stocks and fluxes of managed European forests is a prerequisite to quantify their role in biomass production and climate change mitigation. We applied the Carbon Budget Model (CBM) to 26 European countries, parameterized with country information on the historical forest age structure, management practices, harvest regimes and the main natural disturbances. We modeled the C stocks for the five forest pools plus harvested wood products (HWPs) and the fluxes among these pools from 2000 to 2030. The aim is to quantify, using a consistent modeling framework for all 26 countries, the main C fluxes as affected by land-use changes, natural disturbances and forest management and to assess the impact of specific harvest and afforestation scenarios after 2012 on the mitigation potential of the EU forest sector. Substitution effects and the possible impacts of climate are not included in this analysis. Results show that for the historical period from 2000 to 2012 the net primary productivity (NPP) of the forest pools at the EU level is on average equal to 639 Tg Cyr(-1). The losses are dominated by heterotrophic respiration (409 Tg Cyr(-1)) and removals (110 Tg Cyr(-1)), with direct fire emissions being only 1 Tg Cyr(-1), leading to a net carbon stock change (i.e., sink) of 110 Tg Cyr(-1). Fellings also transferred 28 Tg Cyr(-1) of harvest residues from biomass to dead organic matter pools. The average annual net sector exchange (NSE) of the forest system, including HWP, equals a sink of 122 Tg C yr(-1) (i.e., about 19% of the NPP) for the historical period, and in 2030 it reaches 126, 101 and 151 TgC yr(-1), assuming constant, increasing (C 20 %) and decreasing (20 %) scenarios, respectively, of both harvest and afforestation rates compared to the historical period. Under the constant harvest rate scenario, our findings show an incipient aging process of the forests existing in 1990: although NPP increases ( +7 %), heterotrophic respiration increases at a greater rate ( +13 %) and this leads to a decrease in the sink in the forest pools ( 6 %) in 2030 compared to the historical period. By comparing the evolution of the biomass as a function of the NPP (i.e., the turnover time) for each country, we highlighted at least three groups of countries and turnover times. This means that, contrary to the assumptions proposed by other authors, this relationship cannot be assumed as a constant for all the EU countries, but specific conditions, such as the harvest rate, the current age structure and the forest composition, may contribute to the country-specific evolution of biomass stocks. The detailed picture of the C fluxes condensed in this study, and their evolution under different harvest scenarios, may represent both a benchmark for similar studies and a basis for broader analyses (e.g., including substitution effects of wood) on the mitigation potential of the EU forest sector.",10.5194/bg-14-2387-2017,Jaureguiberry et al,No biodiveristy change aspect present here,,"[""NOT_ELIGIBLE""]"
WOS:000305154000001,Attributing carbon changes in conterminous U.S. forests to disturbance and non-disturbance factors from 1901 to 2010,"Recent climate variability (increasing temperature, droughts) and atmospheric composition changes (nitrogen deposition, rising CO2 concentration) along with harvesting, wildfires, and insect infestations have had significant effects on U. S. forest carbon (C) uptake. In this study, we attribute C changes in the conterminous U. S. forests to disturbance and non-disturbance factors with the help of forest inventory data, a continental stand age map, and an updated Integrated Terrestrial Ecosystem Carbon Cycle model (InTEC). We grouped factors into disturbances (harvesting, fire, insect infestation) and non-disturbances (CO2 concentration, N deposition, and climate variability) and estimated their subsequent impacts on forest regrowth patterns. Results showed that on average, the C sink in the conterminous U. S. forests from 1950 to 2010 was 206 Tg C yr(-1) with 87% (180 Tg C yr(-1)) of the sink in living biomass. Compared with the simulation of all factors combined, the estimated C sink would be reduced by 95 Tg C yr(-1) if disturbance factors were omitted, and reduced by 50 Tg C yr(-1) if non-disturbance factors were omitted. Our study also showed diverse regional patterns of C sinks related to the importance of driving factors. During 1980-2010, disturbance effects dominated the C changes in the South and Rocky Mountain regions, were almost equal to non-disturbance effects in the North region, and had minor effects compared with non-disturbance effects in the West Coast region.",10.1029/2011JG001930,Jaureguiberry et al,Text is not about biodiversity change but carbon changes,,"[""NOT_ELIGIBLE""]"
WOS:000431791200005,The Importance of Disturbance versus Physiography in Defining Vegetation Composition and Predicting Possible Successional Trajectories,"Regional (climate/soils) and local (aspect) physiography determine plant community composition. However, changes in initial floristic composition after a disturbance may be severe enough to alter the successional trajectory predicted by physiography. We addressed the question of which is more important, disturbance or physiography, in determining vegetation composition and the consequent successional trajectory. We evaluated understory vegetation of forest communities exposed to four disturbance types (control, single burn, diameter-limit cut, and first-removal shelterwood) 2-5 yr postdisturbance. Study sites were located within each disturbance type on northeast and southwest aspects within the Appalachian Plateau and the Ridge and Valley provinces. Vegetation composition was analyzed with nonmetric-multidimensional scaling, two-way nonparametric multivariate ANOVA, and indicator species analysis. The relationship between disturbance and key environmental variables, including canopy opening and soil fertility, was analyzed with generalized linear mixed models. There were 363 species in our study area. Composition differed by province and aspect. Composition also differed by disturbance but with a significant province interaction. Although physiography was more important, some species served as disturbance indicators that differed by disturbance type with two possible outcomes. First, expected successional trajectories (as defined by the regional and local environmental filters) may deviate toward recovery of native species (e.g., Epigaea repens) that benefit from low-level disturbance (as defined by fire as a filter). Second, successional trajectories after a relatively severe disturbance (as defined by shelterwood harvest as a filter) may deviate toward systems that are vulnerable to invasion by exotics or dominant native species.",10.2179/17-139,Keck et al,there is no clear indication of any biodiversity change and anthro drivers ,,"[""NOT_ELIGIBLE""]"
WOS:000307687500011,Responses of primary productivity to increased temperature and phytoplankton diversity,"In order to examine the effects of warming and diversity changes on primary productivity, we conducted a meta-analysis on six independent indoor mesocosm experiments with a natural plankton community from the Baltic Sea. Temperature effects on primary productivity changed with light intensity and zooplankton density and analysed pathways between temperature, diversity and productivity, elucidating direct and indirect effects of warming on primary productivity during the spring phytoplankton bloom. Our findings indicate that warming directly increased carbon specific primary productivity, which was more pronounced under low grazing pressure. On the other hand, primary productivity per unit water volume did not respond to increased temperature, because of a negative temperature effect on phytoplankton biomass. Moreover, primary productivity response to temperature changes depended on light limitation. Using path analysis, we tested whether temperature effects were direct or mediated by warming effects on phytoplankton diversity. Although phytoplankton species richness had a positive impact on both net primary productivity and carbon specific primary productivity - and evenness had a negative effect on net primary productivity both richness and evenness were not affected by temperature. Thus, we suggest that diversity effects on primary productivity depended mainly on other factors than temperature like grazing, sinking or nutrient limitation, which themselves are temperature dependent. (C) 2011 Elsevier B.V. All rights reserved.",10.1016/j.seares.2011.10.003,murphy et al,,"primary productivity reflecting the change in ecosystem
with anthro drivers test and referred in text","[""ELIGIBLE""]"
8,Scientific Foundations for an IUCN Red List of Ecosystems,"An understanding of risks to biodiversity is needed for planning action to slow current rates of decline and secure ecosystem services for future human use. Although the IUCN Red List criteria provide an effective assessment protocol for species, a standard global assessment of risks to higher levels of biodiversity is currently limited. In 2008, IUCN initiated development of risk assessment criteria to support a global Red List of ecosystems. We present a new conceptual model for ecosystem risk assessment founded on a synthesis of relevant ecological theories. To support the model, we review key elements of ecosystem definition and introduce the concept of ecosystem collapse, an analogue of species extinction. The model identifies four distributional and functional symptoms of ecosystem risk as a basis for assessment criteria: A) rates of decline in ecosystem distribution; B) restricted distributions with continuing declines or threats; C) rates of environmental (abiotic) degradation; and D) rates of disruption to biotic processes. A fifth criterion, E) quantitative estimates of the risk of ecosystem collapse, enables integrated assessment of multiple processes and provides a conceptual anchor for the other criteria. We present the theoretical rationale for the construction and interpretation of each criterion. The assessment protocol and threat categories mirror those of the IUCN Red List of species. A trial of the protocol on terrestrial, subterranean, freshwater and marine ecosystems from around the world shows that its concepts are workable and its outcomes are robust, that required data are available, and that results are consistent with assessments carried out by local experts and authorities. The new protocol provides a consistent, practical and theoretically grounded framework for establishing a systematic Red List of the world’s ecosystems. This will complement the Red List of species and strengthen global capacity to report on and monitor the status of biodiversity",na,RLE Database,not related to any specific biodiversity change but a conceptual paper ,,"[""NOT_ELIGIBLE""]"
14,"Status of connected wetlands of the Lake Eyre Basin, Australia","The Lake Eyre Basin, one of the world's last unregulated wild river basins, covers almost one sixth of the Australian continent, with large areas of connected wetlands (73 903 km2), including floodplains, lakes, waterholes and river channels. Few data existed and so we used literature and government biotic and abiotic data and anthropogenic impacts to assess the conservation risk of the ecosystem as Least Concern (IUCN Red List criteria for ecosystems, version 2.0). This was based on limited distributional change and low levels of degradation or anthropogenic threatening processes. The approach could be applied to ecosystem assessments of other large river basins around the world, given the Lake Eyre Basin occupies one extreme (unmodified) while the Aral Sea (collapsed), previously assessed, occupies the other extreme (highly modified). River flow analysis with available biotic data is critical for risk assessment as well as identification and tracking of long-term threats. Assessment was possible at this large basin scale and appropriate, given the critical importance of connectivity but could also occur at finer spatial scale. Increased diversions for irrigation, mining impacts on floodplains and projected increased temperatures threaten the current status (Least Concern) of the connected wetlands of the Lake Eyre Basin ecosystem.",na,RLE Database,,"risk of future ecosystem degradation with anthro impacts analyzed (irrgiation, mining impacts, increased temp)","[""ELIGIBLE""]"
24,A review of spatial patterns across species ranges to aid the targeting of conservation interventions,"Conservation resources are limited and need to be used where they can be most effective. Deciding where within a species range to implement conservation interventions requires knowledge of where threats operate and consideration of multiple spatial issues concerning patterns in abundance across species' ranges, and geographical and environmental gradients in these and other traits across species' ranges. Although these biogeographical patterns have been of great interest to ecologists for many years, the implications of these patterns for conservation are often unclear. Here we review these patterns in the context of targeting spatial conservation. We find that an inconsistent use of terminology, a lack of consistent rules and the use of imperfect datasets, hampers us drawing firm conclusions on the nature of these patterns. Evidence that abundance and ecological traits change systematically towards range edges is inconclusive. Abundance variation is influenced by many factors independent of position within a species range, including habitat type, habitat quality, environment, interspecific competition, dispersal ecology and metapopulation dynamics. This results in complex textured abundance patterns compared to a simple theoretical core-edge gradient. We conclude that any conservation practitioner looking to target the location of interventions will need to examine these patterns and processes for the species of interest. Current knowledge does not adequately inform spatial conservation prioritization for single-species conservation programmes and incorporating the complexities of spatial processes is challenging. The development of tools to inform spatial targeting of resources for single- or multiple-species conservation is required urgently to enable better use of conservation resources.",na,RLE Database,Text is a review of spatial patterns for conservation targetting; there's no biodiversity change aspect present,,"[""NOT_ELIGIBLE""]"
WOS:000315414700007,Landscape genetics of an early successional specialist in a disturbance-prone environment,"Species that specialize in disturbed habitats may have considerably different dispersal strategies than those adapted to more stable environments. However, little is known of the dispersal patterns and population structure of such species. This information is important for conservation because many postfire specialists are at risk from anthropogenic changes to natural disturbance regimes. We used microsatellite markers to assess the effect of landscape variation and recent disturbance history on dispersal by a small mammal species that occupies the early seral stage of vegetation regeneration in burnt environments. We predicted that a postfire specialist would be able to disperse over multiple habitat types (generalist) and not exhibit sex-biased dispersal, as such strategies should enable effective colonization of spatially and temporally variable habitat. We found significant differentiation between sites that fitted an isolation-by-distance pattern and spatial autocorrelation of multilocus genotypes to a distance of 23km. There was no consistent genetic evidence for sex-biased dispersal. We tested the influence of different habitat- and fire-specific landscape resistance scenarios on genetic distance between individuals and found a significant effect of fire. Our genetic data supported recently burned vegetation having greater conductance for gene flow than unburnt habitat, but variation in habitat quality between vegetation types and occupied patches had no effect on gene flow. Postfire specialists must evolve an effective dispersal ability to move over distances that would ensure access to early successional stage vegetation. Natural disturbance and natural heterogeneity may therefore not influence population genetic structure as negatively as expected.",10.1111/mec.12172,shaw et al,unclear what is  biodiversity change here,,"[""NOT_ELIGIBLE""]"
WOS:000171279300012,Using restriction fragment length polymorphisms to assess temporal variation and estimate the number of ascospores that initiate epidemics in field populations of Mycosphaerella graminicola,"Restriction fragment length polymorphisms (RFLPs) and DNA fingerprints were used to assess temporal variation and estimate the effective population size of the wheat pathogen Mycosphaerella graminicola over a 6-year period. In each year, the fungal population was founded by ascospores originating from outside the sampled fields. A total of 605 fungal isolates were included in this study. Our results indicate that the genetic structure of these M. graminicola populations were stable over the 6-year period. The common alleles at each RFLP locus were present at similar frequencies each year. More than 99% of gene diversity was distributed within populations sampled from the same year and less than 1% was attributed to differences among years. The lack of population differentiation among collections taken in different years indicated that the effective size of the source population was sufficiently large that genetic drift was insignificant in this location. It also suggests that the initial colonists from ascospore founder populations were a fair reflection of the source population. We estimate that the effective sizes of these field populations ranged from 3,400 to 700,000 individuals, depending on the size of the field sampled and assumptions about mutation rates. Estimates of the number of ascospores initiating epidemics of leaf blotch disease in each field plot and factors that contribute to the large effective population size of M. graminicola are discussed.",10.1094/PHYTO.2001.91.10.1011,shaw et al,unclear what is  biodiversity change here,,"[""NOT_ELIGIBLE""]"
WOS:000439769400019,Genomic signatures of population bottleneck and recovery in Northwest Atlantic pinnipeds,"Population increases over the past several decades provide natural settings in which to study the evolutionary processes that occur during bottleneck, growth, and spatial expansion. We used parallel natural experiments of historical decline and subsequent recovery in two sympatric pinniped species in the Northwest Atlantic, the gray seal (Halichoerus grypus atlantica) and harbor seal (Phoca vitulina vitulina), to study the impact of recent demographic change in genomic diversity. Using restriction site-associated DNA sequencing, we assessed genomic diversity at over 8,700 polymorphic gray seal loci and 3,700 polymorphic harbor seal loci in samples from multiple cohorts collected throughout recovery over the past half-century. Despite significant differences in the degree of genetic diversity assessed in the two species, we found signatures of historical bottlenecks in the contemporary genomes of both gray and harbor seals. We evaluated temporal trends in diversity across cohorts, as well as compared samples from sites at both the center and edge of a recent gray seal range expansion, but found no significant change in genomewide diversity following recovery. We did, however, find that the variance and degree of allele frequency change measured over the past several decades were significantly different from neutral expectations of drift under population growth. These two cases of well-described demographic history provide opportunities for critical evaluation of current approaches to simulating and understanding the genetic effects of historical demographic change in natural populations.",10.1002/ece3.4143,shaw et al,can't infer what is anthropogenic driver here,,"[""NOT_ELIGIBLE""]"
WOS:000373722700008,"Spatio-temporal genetic structure of the rodent Calomys venustus in linear, fragmented habitats","Studies about habitat fragmentation, in terms of how it affects gene flow and genetic variability, have traditionally been conducted on island-like systems in which the remaining habitats form patches embedded in a matrix. However, in agroecosystems, remaining habitats usually form linear strips along fence lines, roads, and water courses (border habitats). We used the rodent Calomys venustus, a species inhabiting borders in central Argentina agroecosystems, as a model to address how genetic variability is structured in linear habitats. A total of 359 rodents were captured seasonally from spring 2005 to winter 2006. Genetic variability at microsatellite loci was uniformly high, despite significant variation in population size during the sampling period. Genetic differentiation, spatial autocorrelation, and causal modeling analyses suggested that dispersion patterns in this species depend mainly on geographic distance, with unfavorable habitat like dirt roads and crop fields posing only weak (or no) resistance to dispersal. Small-scale spatial genetic structure was related to different space use patterns by females and males. Our results showed that, although greatly reduced in area, border habitats can support stable populations of species without loss of either variability or genetic connectivity.",10.1093/jmammal/gyv186,shaw et al,,genetics diversity as change due to habitat fragmentation,"[""ELIGIBLE""]"
WOS:000303476600020,Inferring the ancestry of African wild dogs that returned to the Serengeti-Mara,"An endangered population of African wild dogs (Lycaon pictus) disappeared from the Serengeti-Mara area in 1991. The reasons for the extinction are not well understood, but disease was implicated in the disappearance. In 2001, wild dogs naturally re-established themselves in the region. We conducted genetic profiling on samples collected prior and subsequent to this event, as well as samples from three geographically close populations, to determine the potential source of colonisers. Contrary to expectations, we found no evidence of re-colonisation from these nearby wild dog populations. Rather, our analyses suggest that the re-established animals are primarily derived from the same genetic population as the pre-extinction animals, indicating that wild dogs are likely to have persisted in the Serengeti-Mara after 1991. We also detected some migrants that could be derived from genetically distinct populations outside the recovery area. Overall, we did not detect a decline in genetic diversity at either neutral microsatellites or major histocompatibility complex loci, indicating that the supposed disappearance of wild dogs in the Serengeti-Mara did not substantially impact genetic variation of the population.",10.1007/s10592-011-0304-z,shaw et al,unclear about the anthropogenic driver here. Here was the disease natural or human-associated? ,,"[""NOT_ELIGIBLE""]"
WOS:000406912400011,"Genetic composition and origin of juvenile green turtles foraging at Culebra, Puerto Rico, as revealed by mtDNA","Marine migratory species encounter a range of threats as they move through coastal and oceanic zones. Understanding the connectivity and dispersal patterns of such species is critical to their effective conservation. Here we analyzed the temporal genetic composition and the most likely origin of juvenile green turtles foraging at Puerto Manglar and Tortuga Bay, Culebra, Puerto Rico, using mitochondrial DNA control region sequences. We identified 17 haplotypes, of which CM-A3 (51.5%), CM-A5 (19.4%) and CM-A1 (13.6%) were the most common. Haplotype (h) and nucleotide (pi) diversities were 0.680 and 0.008, respectively. There was no evidence of significant variation in the genetic composition of these aggregations throughout seven years (2000-2006), suggesting that relative contributions from source populations did not significantly change during this period. Mixed Stock Analysis (MSA), incorporating 14 Atlantic nesting populations as possible sources, indicated four main contributing stocks to the Culebra foraging grounds: Costa Rica (34.9%), Mexico (29.2%), East Central Florida (13.2%), and Suriname (12.0%). The regional pattern of connectivity among Wider Caribbean rookeries and Culebra was further evidenced by a second MSA using Atlantic Regional Management Units (RMUs) as sources, with 94.1% of the mixed stock attributed to this area. This study addresses the information gap on the connectivity of the green turtle in the North Atlantic, and establishes an important baseline that can be used to determine future changes in stock composition.",10.3856/vol45-issue3-fulltext-2,shaw et al,can't infer what is anthropogenic driver here,,"[""NOT_ELIGIBLE""]"
WOS:000236141500018,Population genetic structure of the Japanese eel Anguilla japonica in the northwest Pacific Ocean:: evidence of non-panmictic populations,"The catadromous Japanese eel has an unusual life history. Controversy remains, however, as to whether its population structure is characterized by panmixia or genetic differentiation. Migration patterns are considered an important factor in determining a species' population structure. Eight polymorphic microsatellite loci were used as genetic markers through which we were able to reject the null hypothesis of panmixia. Slight genetic differentiation between these populations was determined by Wright's and Slatkin's fixation indices, F-ST and R-ST statistics adjusted using Bonferroni's correction. Although isolation-by-distance is often observed in marine species, the present result is thought to follow the member-vagrant migratory hypothesis. The metapopulation model fits the elver recruitment strategy according to results of the high probability of assignment test. The UPGMA tree showed the Japanese eel populations as being divided into 2 groups: a low-latitude group (Shantou in South China, and Tanshui and Fangliao in Taiwan) and a high-latitude group (Mikawa Bay in Japan, Daecheon-myon in Korea, and the Yalu River and Hangzhou in Northeast China). Temporal genetic variations indicate that most progeny return to similar habitats where their ancestors formerly resided. There was a high correlation (AMOVA; p < 0.05) when the Japanese eel was divided into the 2 management units (high- and low-latitude groups), These units will be useful when applied to fisheries conservation and management in the northwestern Pacific Ocean.",10.3354/meps308221,shaw et al,can't infer what is anthropogenic driver here,,"[""NOT_ELIGIBLE""]"
WOS:000350025600019,Temporal Population Genetic Structure of Yellow Perch Spawning Groups in the Lower Great Lakes,"This study tested the hypothesis that the genetic composition of Yellow Perch Perca flavescens spawning groups at specific sites remained consistent among years or age-cohorts; this likely would influence spatial population structure and be important for delineating management units. Previous studies identified that spawning groups genetically differed among locations across fine geographic scales, but it was unknown whether these patterns persisted from year to year. We analyzed 15 nuclear DNA microsatellite loci from Yellow Perch spawning at six Lake Erie locations in 2009 in reference to two out-groups spawning in Lakes St. Clair and Ontario. Results were compared with a prior study of samples from the same locations that had been collected in various years, ranging from 2001 to 2005. We evaluated consistency for two of the spawning groups across multiple birth-year-cohorts. Results indicated that the levels of genetic diversity were similar across all spawning groups and years. All eight spawning groups genetically differed from one other, with their allelic compositions varying between the two sampling periods. Some variation occurred among individual sampling years and birth-cohorts, with the 2003 cohort being the most distinctive. Sampling groups contained relatively high proportions of full siblings (mean = 18.5%, ranging to 75% for the 2001 birth-cohort spawning at the eastern Lake Erie site), yet inbreeding appeared relatively low. Differences at sampling sites over time did not appear to reflect genetic drift but may instead suggest that spawning groups reproduce in slightly different locations from year to year or perhaps within a given season; this merits examination. Spatial and temporal patterns may reflect kin-group structuring and differential reproductive success, in which strong year-classes dominate spawning groups and impact genetic structure.",10.1080/00028487.2014.982260,shaw et al,can't infer what is anthropogenic driver here,,"[""NOT_ELIGIBLE""]"
WOS:000376022300013,Still here after all these years: the persistence of the Uncompahgre fritillary butterfly,"The US federally endangered Uncompahgre fritillary butterfly (Boloria acrocnema) lives in isolated alpine habitats of the San Juan Mountains of Colorado, USA. Its apparent extirpation from the type locality and its low genetic diversity raised concern in the late 1980s, thus monitoring for this species has continued and genetic samples were collected in 2008 and 2009 from all but one known site, each on a separate peak. Data for five new microsatellite markers were collected from 316 total specimens, including 26 from wings preserved from 1987 and 1988 seasons. Only three main colonies had high enough sample sizes for adequate analyses. We estimated levels of genetic variability and structure, and effective population size. Despite low demographic numbers at these sites, the species has maintained relatively high heterozygosity ranging from 0.41 to 0.46 at three sites. Allelic richness corrected by sample size ranged from 5.3 to 5.9. Genetic structure assessed with non-spatially explicit methods indicated that despite separation on high mountain peaks, colonies were fairly well mixed, which is surprising for these weak fliers with very short growing and adult flight seasons. Estimates of effective population sizes were low, reflecting the life history and limited habitat range for the species. Comparisons at the site with historic and modern specimens revealed a consistent pattern in genetic indices. Our data suggest that the three focal butterfly colonies exist as a metapopulation that persists due to low-level migration between sites and temporal leakage via flexibility in development time in this biennial species.",10.1007/s10841-016-9867-9,shaw et al,can't infer what is anthropogenic driver here,,"[""NOT_ELIGIBLE""]"
WOS:000179492800006,"Metapopulation structure of the specialized herbivore Macrosiphoniella tanacetaria (Homoptera, Aphididae)","We investigated population dynamics, genetic diversity and spatial structure in the aphid species Macrosiphoniella tanacetaria, a specialist herbivore feeding on tansy, Tanacetum vulgare. Tansy plants (genets) consist of many shoots (ramets), and genets are grouped in sites. Thus, aphids feeding on tansy can cluster at the level of ramets, genets and sites. We studied aphid population dynamics in 1997 and 2001 and found that within sites: (i) at any time, aphids used only a fraction of the available ramets and genets; (ii) at the level of ramets, most aphid colonies survived only one week; (iii) at the level of genets, mean survival time was less than 4 weeks; and (iv) colonization and extinction events occurred throughout the season. We sampled aphids in seven sites in the Alsace region, France (4-45 km apart) and two sites in Germany in 1999 to study genetic structure within and between populations. Genetic analyses using nine microsatellite loci showed that: (i) genotypic variability was high, (ii) none of the populations was in Hardy-Weinberg equilibrium, (iii) heterozygote deficits and linkage disequilibria were frequent, and (iv) all populations were genetically differentiated, even at a small geographical scale. Renewed sampling of the Alsace sites in 2001 showed that three populations had become extinct and significant genetic changes had occurred in the remaining four populations. The frequencies of extinction and colonization events at several spatial scales suggest a hierarchical metapopulation structure for M. tanacetaria. Frequent population turnover and drift are likely causes for the genetic differentiation of M. tanacetaria populations.",10.1046/j.1365-294X.2002.01633.x,shaw et al,can't infer what is anthropogenic driver here,,"[""NOT_ELIGIBLE""]"
WOS:000391939700003,Temporal genetic stability in natural populations of the waterflea Daphnia magna in response to strong selection pressure,"Studies monitoring changes in genetic diversity and composition through time allow a unique understanding of evolutionary dynamics and persistence of natural populations. However, such studies are often limited to species with short generation times that can be propagated in the laboratory or few exceptional cases in the wild. Species that produce dormant stages provide powerful models for the reconstruction of evolutionary dynamics in the natural environment. A remaining open question is to what extent dormant egg banks are an unbiased representation of populations and hence of the species' evolutionary potential, especially in the presence of strong environmental selection. We address this key question using the water flea Daphnia magna, which produces dormant stages that accumulate in biological archives over time. We assess temporal genetic stability in three biological archives, previously used in resurrection ecology studies showing adaptive evolutionary responses to rapid environmental change. We show that neutral genetic diversity does not decline with the age of the population and it is maintained in the presence of strong selection. In addition, by comparing temporal genetic stability in hatched and unhatched populations from the same biological archive, we show that dormant egg banks can be consulted to obtain a reliable measure of genetic diversity over time, at least in the multidecadal time frame studied here. The stability of neutral genetic diversity through time is likely mediated by the buffering effect of the resting egg bank.",10.1111/mec.13907,shaw et al,can't infer what is anthropogenic driver here,,"[""NOT_ELIGIBLE""]"
WOS:000363957700011,Microspatial sampling reveals cryptic influences on gene flow in a threatened mammal,"We studied the population structure and historical demography of the last remaining core population of the threatened southeastern beach mouse (SEBM; Peromyscus polionotus niveiventris) located on a federally protected barrier island complex at the Kennedy Space Center (KSC), Merritt Island National Wildlife Refuge (MINWR) and Cape Canaveral Air Force Station (CCAFS) in Florida, USA. Beach mice (N = 171) were collected from 33 trapping locations along 30 km of coastline on KSC/MINWR/CCAFS and were genotyped using 10 microsatellite loci. We found four genetic clusters of mice that likely form a metapopulation. Gene flow among clusters, assessed using assignment tests, was limited suggesting that human development can serve to inhibit dispersal of beach mice. However, when the presence of roads were examined as possible barriers to movement, gene flow appeared to be facilitated suggesting that removal of thick vegetation along roadsides increases movement. We used approximate Bayesian computation (ABC) to estimate divergence time among clusters and effective population sizes for each cluster and for the pre-divergence population. Results of ABC analyses suggest that barriers to movement likely formed following the construction of the John F. Kennedy Space Center beginning in the 1960s but that this has not heavily impacted the effective size of populations. Pre-divergence and contemporary effective sizes are similar, thus, population sizes likely remained relatively large over the last 50-100 years. The population of SEBM on KSC/MINWR/CCAFS appears to be a genetically diverse core population and individuals from this population will most likely be good candidates for any future reintroduction and translocation programs.",10.1007/s10592-015-0749-6,shaw et al,,"human dev, infra, road networks influenced dispersal of gene flow in mouse","[""ELIGIBLE""]"
WOS:000281181500007,"Population genetic structure of dolphinfish (Coryphaena hippurus) in the Gulf of California, using microsatellite loci","We assayed genetic variations at five microsatellite loci of dolphinfish captured at five sites in 2005 and eight sites in 2006 to detect genetic population structure of dolphinfish Coryphaena hippurus in the Gulf of California and surrounding waters. Results show high genetic variation, similar to other pelagic fishes with large populations. Pairwise F-ST values and hierarchical AMOVA detected subtle but significant spatial and temporal heterogeneity, mainly in samples of 2005 and some of 2006. However, Bayesian assignment analysis failed to detect genetic differentiation, which was also supported by the Mantel test and gene flow estimates among the sampled sites. This suggests that, despite the slight heterogeneity detected in this region, the dolphinfish forms a single panmictic population with high genetic variation and gene flow. (C) 2010 Elsevier B.V. All rights reserved.",10.1016/j.fishres.2010.03.023,shaw et al,can't infer what is anthropogenic driver here,,"[""NOT_ELIGIBLE""]"
WOS:000323115800128,"Genetic Network and Breeding Patterns of a Sicklefin Lemon Shark (Negaprion acutidens) Population in the Society Islands, French Polynesia","Human pressures have put many top predator populations at risk of extinction. Recent years have seen alarming declines in sharks worldwide, while their resilience remains poorly understood. Studying the ecology of small populations of marine predators is a priority to better understand their ability to withstand anthropogenic and environmental stressors. In the present study, we monitored a naturally small island population of 40 adult sicklefin lemon sharks in Moorea, French Polynesia over 5 years. We reconstructed the genetic relationships among individuals and determined the population's mating system. The genetic network illustrates that all individuals, except one, are interconnected at least through one first order genetic relationship. While this species developed a clear inbreeding avoidance strategy involving dispersal and migration, the small population size, low number of breeders, and the fragmented environment characterizing these tropical islands, limits its complete effectiveness.",10.1371/journal.pone.0073899,shaw et al,text is describing population with limited genetic diversity and high vulner. I can not infer any positive or negative biodiversity change here,,"[""NOT_ELIGIBLE""]"